primary_industry,count,ratio
Bán hàng - Kinh doanh,52977,0.0969937201340193
Chăm sóc khách hàng,50531,0.09251542503524414
Kế toán / Kiểm toán,45469,0.08324758783573481
Xây dựng,27020,0.04946996466431095
Chưa xác định,23057,0.04221424778923085
Cơ khí - Ô tô - Tự động hóa / Sản xuất - Lắp ráp - Chế biến,22371,0.040958274593090316
Khoa học - Kỹ thuật,21595,0.039537523572383236
Lao động phổ thông,21068,0.038572657866310256
Nghề nghiệp khác,20985,0.03842069609476556
Giáo dục - Đào tạo / Biên phiên dịch,16638,0.030461927168201543
Marketing,14569,0.026673868067888462
Giáo dục - Đào tạo / Chăm sóc khách hàng,14158,0.025921382669034584
Dược phẩm / Y tế - Chăm sóc sức khỏe,13687,0.025059045387136346
Điện - Điện tử - Điện lạnh / Vận hành - Bảo trì - Bảo dưỡng,13583,0.024868635456526116
Vận hành - Bảo trì - Bảo dưỡng,13512,0.02473864406159029
Khách sạn - Nhà hàng - Du lịch / Bán sỉ - Bán lẻ - Quản lý cửa hàng,13031,0.023857998132517988
Nhân sự / Hành chính - Thư ký,11468,0.020996356579212363
Bất động sản,10377,0.018998883172522383
Thực phẩm - Đồ uống / Công nghệ thực phẩm - Dinh dưỡng,10207,0.018687636170563356
Tài chính - Đầu tư - Chứng Khoán,9955,0.018226258261777036
Khách sạn - Nhà hàng - Du lịch,8927,0.016344129332283637
Ngân hàng / Tài chính - Đầu tư - Chứng Khoán,8598,0.015741774840257055
Vận Tải - Lái xe - Giao nhận,8427,0.015428696973580623
Hành chính - Thư ký,8401,0.015381094490928065
Xuất Nhập Khẩu / Thu mua - Kho Vận - Chuỗi cung ứng,7471,0.013678390303740457
Thu mua - Kho Vận - Chuỗi cung ứng,6750,0.012358336842490708
Dệt may - Da giày - Thời trang,5565,0.010188762152364562
Kiến trúc - Thiết kế nội ngoại thất,5105,0.009346564382357788
Thực tập sinh / Lao động phổ thông,5091,0.009320932276314102
IT Phần mềm,4882,0.008938281550376242
Luật - Pháp Lý - Tuân thủ,4757,0.008709423460700489
Quản lý tiêu chuẩn và chất lượng,3811,0.006977425438034384
Thiết kế - Sáng tạo nghệ thuật,3520,0.006444643805269229
Quản lý dự án,3121,0.0057141287830242225
Bán sỉ - Bán lẻ - Quản lý cửa hàng,2693,0.004930518683974441
Công nghệ thông tin,1819,0.00333034292096157
IT phần mềm,1792,0.003280909573591607
Nhân viên kinh doanh,1586,0.002903751441805965
Nhân sự,1049,0.0019205770885589264
Tư vấn dịch vụ khách hàng,1020,0.0018674820117541514
Thực tập,1019,0.0018656511470367455
Marketing - PR,994,0.0018198795291015947
Tư vấn/ Chăm sóc khách hàng,864,0.0015818671158388106
Giáo dục - Đào tạo,834,0.0015269411743166297
Kế toán - Kiểm toán,672,0.0012303410900968528
Phát triển thị trường,620,0.0011351361247917391
Thiết kế - Mỹ thuật,586,0.001072886724399934
Y tế - Dược,550,0.001006975594573317
Y tế - Chăm sóc sức khỏe,548,0.001003313865138505
Kỹ thuật,535,0.0009795126238122266
Thư ký - Trợ lý,444,0.0008129039345282777
Dịch vụ khách hàng,439,0.0008037496109412475
Sản xuất - Lắp ráp - Chế biến,397,0.0007268532928101942
Bán hàng / Kinh doanh,393,0.0007195298339405701
Thông tin - Truyền thông - Quảng cáo,378,0.0006920668631794797
Xuất Nhập Khẩu,353,0.0006462952452443289
Ngân hàng,317,0.0005803841154177118
Marketing/PR/Quảng cáo,307,0.0005620754682436515
QA-QC/ Thẩm định/ Giám định,301,0.0005510902799392153
Công nghệ Thông tin,294,0.0005382742269173731
Kế toán,283,0.0005181347150259067
Kế toán / Kiểm toán / Tài chính - Đầu tư - Chứng Khoán,268,0.0004906717442648163
Điện - Điện tử - Điện lạnh,260,0.000476024826525568
Kỹ thuật ứng dụng / Cơ khí,258,0.00047236309709075596
Giao nhận/ Vận chuyển/ Kho bãi,248,0.00045405444991669566
IT Phần cứng - Mạng,246,0.0004503927204818836
Thư ký / Hành chánh,233,0.0004265914791556052
Hành chính - Văn phòng,217,0.0003972976436771087
Quan hệ đối ngoại,216,0.00039546677895970265
Kiến trúc - Thiết kế nội thất,201,0.0003680038081986122
Việc làm cấp cao,196,0.00035884948461158204
Kinh doanh/Bán hàng,186,0.00034054083743752174
Nông nghiệp / Lâm nghiệp,178,0.0003258939196982735
Ngân hàng / Chứng khoán,177,0.00032406305498086744
An ninh - Bảo vệ,153,0.00028012230176312274
Tiếp thị - Quảng cáo,151,0.0002764605723283107
Vật tư/Thiết bị/Mua hàng,150,0.00027462970761090463
Sản xuất / Vận hành sản xuất,140,0.00025632106043684433
Bán hàng - Kinh doanh / Chăm sóc khách hàng / Bán sỉ - Bán lẻ - Quản lý cửa hàng,139,0.0002544901957194383
Ngân hàng/ Tài Chính,139,0.0002544901957194383
Bảo hiểm,132,0.00024167414269759608
Bán hàng - Kinh doanh / Chăm sóc khách hàng / Lao động phổ thông,123,0.0002251963602409418
Nông - Lâm - Ngư nghiệp,116,0.00021238030721909958
Chăm sóc sức khỏe / Y tế,116,0.00021238030721909958
Quảng cáo / Khuyến mãi / Đối ngoại,106,0.00019407166004503927
Giáo dục / Đào tạo / Thư viện,106,0.00019407166004503927
Công nghiệp,105,0.00019224079532763325
Thiết kế đồ họa - Web,103,0.00018857906589282117
Bán hàng - Kinh doanh / Chăm sóc khách hàng,101,0.00018491733645800912
Bán hàng - Kinh doanh / Bán sỉ - Bán lẻ - Quản lý cửa hàng / Chăm sóc khách hàng,98,0.00017942474230579102
Dược / Sinh học,98,0.00017942474230579102
Khách sạn - Nhà hàng,95,0.00017393214815357292
Nghệ thuật / Thiết kế / Giải trí,95,0.00017393214815357292
Kế toán / Kiểm toán / Hành chính - Thư ký,91,0.00016660868928394882
Thiết kế,88,0.00016111609513173072
Bán sỉ - Bán lẻ - Quản lý cửa hàng / Bán hàng - Kinh doanh,82,0.00015013090682729454
Thực tập sinh,77,0.00014097658324026437
Bán sỉ - Bán lẻ - Quản lý cửa hàng / Bán hàng - Kinh doanh / Chăm sóc khách hàng,77,0.00014097658324026437
Bán hàng - Kinh doanh / Tài chính - Đầu tư - Chứng Khoán / Ngân hàng,74,0.0001354839890880463
Làm bán thời gian,71,0.0001299913949358282
Điện / Điện tử,71,0.0001299913949358282
Bán hàng - Kinh doanh / Chăm sóc khách hàng / Y tế - Chăm sóc sức khỏe,70,0.00012816053021842217
Hành chính - Thư ký / Nhân sự,70,0.00012816053021842217
Quản trị kinh doanh,69,0.00012632966550101614
Kiến trúc - Thiết kế nội ngoại thất / Xây dựng,65,0.000119006206631392
Bán hàng,60,0.00010985188304436185
Vận tải - Lái xe/ Tài xế,60,0.00010985188304436185
Bán hàng - Kinh doanh / Chăm sóc khách hàng / Kế toán,58,0.00010619015360954979
Cơ khí - Chế tạo,56,0.00010252842417473772
Sản xuất - Lắp ráp - Chế biến / Vận Tải - Lái xe - Giao nhận,55,0.0001006975594573317
Marketing / Thông tin - Truyền thông - Quảng cáo / Truyền hình - Báo chí - Biên tập,53,9.703583002251964e-05
Kế toán / Tài chính - Đầu tư - Chứng Khoán / Kiểm toán,52,9.52049653051136e-05
Thực phẩm - Đồ uống,52,9.52049653051136e-05
Bán hàng - Kinh doanh / Chăm sóc khách hàng / Hành chính - Thư ký,50,9.154323587030155e-05
Pháp luật/ Pháp lý,49,8.971237115289551e-05
Xây dựng / Kiến trúc - Thiết kế nội ngoại thất,49,8.971237115289551e-05
Thương mại điện tử,47,8.605064171808345e-05
Xuất - Nhập khẩu,47,8.605064171808345e-05
Vận Tải - Lái xe - Giao nhận / Lao động phổ thông,47,8.605064171808345e-05
CNTT - Phần mềm,47,8.605064171808345e-05
Marketing / Thông tin - Truyền thông - Quảng cáo,45,8.238891228327138e-05
Phi chính phủ/ Phi lợi nhuận,45,8.238891228327138e-05
Biên phiên dịch / Thông dịch viên,43,7.872718284845932e-05
Chăm sóc khách hàng / Bán hàng - Kinh doanh,41,7.506545341364727e-05
Xuất nhập khẩu / Ngoại thương,40,7.323458869624123e-05
Vận chuyển / Giao thông / Kho bãi,40,7.323458869624123e-05
Bán hàng - Kinh doanh / Chăm sóc khách hàng / Giáo dục - Đào tạo,39,7.140372397883521e-05
Hoạch định - Dự án,39,7.140372397883521e-05
Vận hành - Bảo trì - Bảo dưỡng / Điện - Điện tử - Điện lạnh / Cơ khí - Ô tô - Tự động hóa,38,6.957285926142917e-05
Xây dựng / Kiến trúc - Thiết kế nội ngoại thất / Quản lý dự án,35,6.408026510921108e-05
Tổ chức sự kiện - Quà tặng,35,6.408026510921108e-05
Nhà hàng / Dịch vụ ăn uống,34,6.224940039180504e-05
Bán hàng - Kinh doanh / Tài chính - Đầu tư - Chứng Khoán / Chăm sóc khách hàng,33,6.041853567439902e-05
Phiên dịch/ Ngoại ngữ,32,5.858767095699299e-05
Vật tư / Thu mua,32,5.858767095699299e-05
Xây dựng / Quản lý dự án / Kiến trúc - Thiết kế nội ngoại thất,32,5.858767095699299e-05
Bán hàng - Kinh doanh / Bán sỉ - Bán lẻ - Quản lý cửa hàng,31,5.675680623958696e-05
Tài chính - Đầu tư - Chứng Khoán / Ngân hàng / Luật - Pháp Lý - Tuân thủ,30,5.4925941522180925e-05
Đầu tư,29,5.3095076804774894e-05
Bán hàng - Kinh doanh / Bán sỉ - Bán lẻ - Quản lý cửa hàng / Lao động phổ thông,29,5.3095076804774894e-05
Du lịch,29,5.3095076804774894e-05
Khai thác năng lượng - Khoáng sản - Địa chất,28,5.126421208736886e-05
Kiến trúc - Thiết kế nội ngoại thất / Xây dựng / Quản lý dự án,28,5.126421208736886e-05
Vận hành - Bảo trì - Bảo dưỡng / Khoa học - Kỹ thuật / Cơ khí - Ô tô - Tự động hóa,27,4.943334736996283e-05
Hành chính - Thư ký / Bán hàng - Kinh doanh / Chăm sóc khách hàng,26,4.76024826525568e-05
Quản lý điều hành,26,4.76024826525568e-05
Bán sỉ - Bán lẻ - Quản lý cửa hàng / Bán hàng - Kinh doanh / Dệt may - Da giày - Thời trang,26,4.76024826525568e-05
Điện - Điện tử - Điện lạnh / Cơ khí - Ô tô - Tự động hóa / Vận hành - Bảo trì - Bảo dưỡng,26,4.76024826525568e-05
Quản lý chất lượng (QA / QC),26,4.76024826525568e-05
Vận hành - Bảo trì - Bảo dưỡng / Cơ khí - Ô tô - Tự động hóa / Điện - Điện tử - Điện lạnh,26,4.76024826525568e-05
Khách sạn - Nhà hàng - Du lịch / Thực phẩm - Đồ uống / Lao động phổ thông,24,4.394075321774474e-05
Bán hàng - Kinh doanh / Quản lý tiêu chuẩn và chất lượng / Tài chính - Đầu tư - Chứng Khoán,24,4.394075321774474e-05
Bán hàng - Kinh doanh / Chăm sóc khách hàng / Marketing,24,4.394075321774474e-05
Người giúp việc/ Phục vụ/ Tạp vụ,23,4.210988850033871e-05
Dệt may / Da giày,23,4.210988850033871e-05
Khoa học - Kỹ thuật / Điện - Điện tử - Điện lạnh / Cơ khí - Ô tô - Tự động hóa,22,4.027902378293268e-05
Vận hành - Bảo trì - Bảo dưỡng / Điện - Điện tử - Điện lạnh / Khoa học - Kỹ thuật,22,4.027902378293268e-05
Bán sỉ - Bán lẻ - Quản lý cửa hàng / Chăm sóc khách hàng / Bán hàng - Kinh doanh,22,4.027902378293268e-05
Tài chính - Đầu tư - Chứng Khoán / Ngân hàng / Bán hàng - Kinh doanh,22,4.027902378293268e-05
Kiến trúc - Thiết kế nội ngoại thất / Quản lý dự án / Xây dựng,21,3.844815906552665e-05
Marketing / Thông tin - Truyền thông - Quảng cáo / Thiết kế - Sáng tạo nghệ thuật,21,3.844815906552665e-05
Xây dựng / Quản lý dự án,21,3.844815906552665e-05
Vận hành - Bảo trì - Bảo dưỡng / Khoa học - Kỹ thuật / Điện - Điện tử - Điện lạnh,21,3.844815906552665e-05
Xây dựng / Khoa học - Kỹ thuật / Quản lý dự án,21,3.844815906552665e-05
Làm đẹp/ Thể lực/ Spa,21,3.844815906552665e-05
Chăm sóc khách hàng / Bán hàng - Kinh doanh / Hành chính - Thư ký,21,3.844815906552665e-05
Hành chính - Thư ký / Kế toán / Kiểm toán,20,3.661729434812062e-05
Kỹ thuật ứng dụng,20,3.661729434812062e-05
Thu mua - Kho Vận - Chuỗi cung ứng / Xuất Nhập Khẩu,19,3.4786429630714585e-05
Bán hàng - Kinh doanh / Bất động sản / Chăm sóc khách hàng,19,3.4786429630714585e-05
Hóa học - Sinh học,19,3.4786429630714585e-05
Marketing / Bán hàng - Kinh doanh / Chăm sóc khách hàng,19,3.4786429630714585e-05
Xây dựng / Khoa học - Kỹ thuật,19,3.4786429630714585e-05
Sản xuất - Lắp ráp - Chế biến / Vận hành - Bảo trì - Bảo dưỡng / Cơ khí - Ô tô - Tự động hóa,19,3.4786429630714585e-05
Kiến trúc - Thiết kế nội ngoại thất / Xây dựng / Thiết kế - Sáng tạo nghệ thuật,19,3.4786429630714585e-05
Hóa chất / Sinh hóa / Thực phẩm,18,3.2955564913308554e-05
Thiết kế - Sáng tạo nghệ thuật / Kiến trúc - Thiết kế nội ngoại thất / Xây dựng,18,3.2955564913308554e-05
Hành chính - Thư ký / Nhân sự / Kế toán,18,3.2955564913308554e-05
Tài chính - Đầu tư - Chứng Khoán / Ngân hàng / Chăm sóc khách hàng,18,3.2955564913308554e-05
Kế toán / Hành chính - Thư ký / Kiểm toán,18,3.2955564913308554e-05
Kế toán / Tài chính - Đầu tư - Chứng Khoán,17,3.112470019590252e-05
Thu mua - Kho Vận - Chuỗi cung ứng / Kế toán,17,3.112470019590252e-05
Thời trang,17,3.112470019590252e-05
Bán sỉ - Bán lẻ - Quản lý cửa hàng / Bán hàng - Kinh doanh / Lao động phổ thông,17,3.112470019590252e-05
Điện - Điện tử - Điện lạnh / Cơ khí - Ô tô - Tự động hóa / Khoa học - Kỹ thuật,17,3.112470019590252e-05
Kiến trúc - Thiết kế nội ngoại thất / Xây dựng / Khoa học - Kỹ thuật,17,3.112470019590252e-05
IT phần cứng/mạng,17,3.112470019590252e-05
Vận hành - Bảo trì - Bảo dưỡng / Cơ khí - Ô tô - Tự động hóa / Khoa học - Kỹ thuật,17,3.112470019590252e-05
Thu mua - Kho Vận - Chuỗi cung ứng / Lao động phổ thông,17,3.112470019590252e-05
Khách sạn - Nhà hàng - Du lịch / Thực phẩm - Đồ uống,16,2.9293835478496494e-05
Môi trường,16,2.9293835478496494e-05
Thu mua - Kho Vận - Chuỗi cung ứng / Vận Tải - Lái xe - Giao nhận,16,2.9293835478496494e-05
Cơ khí - Ô tô - Tự động hóa,16,2.9293835478496494e-05
Cơ khí - Ô tô - Tự động hóa / Vận hành - Bảo trì - Bảo dưỡng,16,2.9293835478496494e-05
Bán hàng - Kinh doanh / Lao động phổ thông / Tài chính - Đầu tư - Chứng Khoán,16,2.9293835478496494e-05
IT Phần cứng - Mạng / IT Phần mềm,16,2.9293835478496494e-05
Bán sỉ - Bán lẻ - Quản lý cửa hàng / Bán hàng - Kinh doanh / Thực phẩm - Đồ uống,16,2.9293835478496494e-05
Khoa học - Kỹ thuật / Điện - Điện tử - Điện lạnh / Vận hành - Bảo trì - Bảo dưỡng,16,2.9293835478496494e-05
Marketing / Bán hàng - Kinh doanh / Thông tin - Truyền thông - Quảng cáo,16,2.9293835478496494e-05
Thiết kế - Sáng tạo nghệ thuật / Thông tin - Truyền thông - Quảng cáo,15,2.7462970761090463e-05
Kế toán / Thu mua - Kho Vận - Chuỗi cung ứng,15,2.7462970761090463e-05
Khoa học - Kỹ thuật / Cơ khí - Ô tô - Tự động hóa / Vận hành - Bảo trì - Bảo dưỡng,15,2.7462970761090463e-05
Vận hành - Bảo trì - Bảo dưỡng / Cơ khí - Ô tô - Tự động hóa,15,2.7462970761090463e-05
Tài chính - Đầu tư - Chứng Khoán / Chăm sóc khách hàng / Hành chính - Thư ký,15,2.7462970761090463e-05
Sản xuất - Lắp ráp - Chế biến / Vận hành - Bảo trì - Bảo dưỡng,14,2.563210604368443e-05
Sản xuất - Lắp ráp - Chế biến / Cơ khí - Ô tô - Tự động hóa / Vận hành - Bảo trì - Bảo dưỡng,14,2.563210604368443e-05
Bán sỉ - Bán lẻ - Quản lý cửa hàng / Bán hàng - Kinh doanh / Tài chính - Đầu tư - Chứng Khoán,14,2.563210604368443e-05
Cơ khí - Ô tô - Tự động hóa / Khoa học - Kỹ thuật / Vận hành - Bảo trì - Bảo dưỡng,14,2.563210604368443e-05
Kiến trúc - Thiết kế nội ngoại thất / Thiết kế - Sáng tạo nghệ thuật,14,2.563210604368443e-05
Hành chính - Thư ký / Chăm sóc khách hàng / Bán hàng - Kinh doanh,14,2.563210604368443e-05
Bán hàng - Kinh doanh / Tài chính - Đầu tư - Chứng Khoán / Bán sỉ - Bán lẻ - Quản lý cửa hàng,14,2.563210604368443e-05
Hành chính - Thư ký / Nhân sự / Luật - Pháp Lý - Tuân thủ,14,2.563210604368443e-05
Marketing / Xuất Nhập Khẩu,14,2.563210604368443e-05
Hành chính - Thư ký / Kế toán / Nhân sự,14,2.563210604368443e-05
Kế toán / Kiểm toán / Ngân hàng,14,2.563210604368443e-05
Bán hàng - Kinh doanh / Chăm sóc khách hàng / Ngân hàng,14,2.563210604368443e-05
Bán sỉ - Bán lẻ - Quản lý cửa hàng / Bán hàng - Kinh doanh / Marketing,14,2.563210604368443e-05
Sản xuất - Lắp ráp - Chế biến / Vận hành - Bảo trì - Bảo dưỡng / Điện - Điện tử - Điện lạnh,14,2.563210604368443e-05
Xây dựng / Điện - Điện tử - Điện lạnh / Cơ khí - Ô tô - Tự động hóa,14,2.563210604368443e-05
Marketing / Bán hàng - Kinh doanh,14,2.563210604368443e-05
Bán hàng - Kinh doanh / Bán sỉ - Bán lẻ - Quản lý cửa hàng / Thực phẩm - Đồ uống,14,2.563210604368443e-05
Xây dựng / Điện - Điện tử - Điện lạnh,14,2.563210604368443e-05
Kiến trúc,14,2.563210604368443e-05
Hành chính - Thư ký / Chăm sóc khách hàng / Kế toán,14,2.563210604368443e-05
Xây dựng / Quản lý dự án / Khoa học - Kỹ thuật,14,2.563210604368443e-05
Bán sỉ - Bán lẻ - Quản lý cửa hàng / Marketing / Bán hàng - Kinh doanh,13,2.38012413262784e-05
Thu mua - Kho Vận - Chuỗi cung ứng / Vận Tải - Lái xe - Giao nhận / Lao động phổ thông,13,2.38012413262784e-05
Xây dựng / Quản lý dự án / Quản lý tiêu chuẩn và chất lượng,13,2.38012413262784e-05
Khoa học - Kỹ thuật / Vận hành - Bảo trì - Bảo dưỡng,13,2.38012413262784e-05
Khách sạn - Nhà hàng - Du lịch / Lao động phổ thông / Thực phẩm - Đồ uống,13,2.38012413262784e-05
Xây dựng / Kiến trúc - Thiết kế nội ngoại thất / Khoa học - Kỹ thuật,13,2.38012413262784e-05
Kế toán / Kiểm toán / Thu mua - Kho Vận - Chuỗi cung ứng,13,2.38012413262784e-05
Kế toán / Hành chính - Thư ký,13,2.38012413262784e-05
Pháp lý / Luật,13,2.38012413262784e-05
Bán hàng - Kinh doanh / Marketing / Chăm sóc khách hàng,13,2.38012413262784e-05
Khách sạn - Nhà hàng - Du lịch / Bán hàng - Kinh doanh / Chăm sóc khách hàng,13,2.38012413262784e-05
Bán sỉ - Bán lẻ - Quản lý cửa hàng / Bán hàng - Kinh doanh / Nghề nghiệp khác,12,2.197037660887237e-05
Điện - Điện tử - Điện lạnh / Cơ khí - Ô tô - Tự động hóa / Xây dựng,12,2.197037660887237e-05
Bán hàng - Kinh doanh / Chăm sóc khách hàng / Tài chính - Đầu tư - Chứng Khoán,12,2.197037660887237e-05
Nhân sự / Hành chính - Thư ký / Luật - Pháp Lý - Tuân thủ,12,2.197037660887237e-05
Vận hành - Bảo trì - Bảo dưỡng / Điện - Điện tử - Điện lạnh,12,2.197037660887237e-05
Quản lý dự án / Xây dựng / Kiến trúc - Thiết kế nội ngoại thất,12,2.197037660887237e-05
Hành chính - Thư ký / Chăm sóc khách hàng,12,2.197037660887237e-05
Bán lẻ / Bán sỉ,12,2.197037660887237e-05
Bán hàng - Kinh doanh / Cơ khí - Ô tô - Tự động hóa / Bán sỉ - Bán lẻ - Quản lý cửa hàng,12,2.197037660887237e-05
Môi trường / Xử lý chất thải,12,2.197037660887237e-05
Vận hành - Bảo trì - Bảo dưỡng / Cơ khí - Ô tô - Tự động hóa / Sản xuất - Lắp ráp - Chế biến,12,2.197037660887237e-05
Khách sạn - Nhà hàng - Du lịch / Chăm sóc khách hàng,12,2.197037660887237e-05
Quản lý dự án / Bán hàng - Kinh doanh,12,2.197037660887237e-05
Ngân hàng / Chăm sóc khách hàng / Bán hàng - Kinh doanh,12,2.197037660887237e-05
Biên phiên dịch,11,2.013951189146634e-05
Xuất Nhập Khẩu / Bán hàng - Kinh doanh,11,2.013951189146634e-05
Vận Tải - Lái xe - Giao nhận / Lao động phổ thông / Thu mua - Kho Vận - Chuỗi cung ứng,11,2.013951189146634e-05
Bán hàng - Kinh doanh / Marketing,11,2.013951189146634e-05
Cơ khí - Ô tô - Tự động hóa / Điện - Điện tử - Điện lạnh / Khoa học - Kỹ thuật,11,2.013951189146634e-05
Bán hàng - Kinh doanh / Chăm sóc khách hàng / Khách sạn - Nhà hàng - Du lịch,11,2.013951189146634e-05
Điện - Điện tử - Điện lạnh / Vận hành - Bảo trì - Bảo dưỡng / Cơ khí - Ô tô - Tự động hóa,11,2.013951189146634e-05
Dệt may - Da giày,11,2.013951189146634e-05
Bảo trì / Sửa chữa,11,2.013951189146634e-05
Vận hành - Bảo trì - Bảo dưỡng / Cơ khí - Ô tô - Tự động hóa / Lao động phổ thông,11,2.013951189146634e-05
Kiến trúc - Thiết kế nội ngoại thất / Xây dựng / Bất động sản,11,2.013951189146634e-05
Khách sạn - Nhà hàng - Du lịch / Bán sỉ - Bán lẻ - Quản lý cửa hàng / Thực phẩm - Đồ uống,11,2.013951189146634e-05
Bảo vệ/ An ninh/ Vệ sỹ,11,2.013951189146634e-05
Điện - Điện tử - Điện lạnh / Khoa học - Kỹ thuật,10,1.830864717406031e-05
Xây dựng / Khoa học - Kỹ thuật / Kiến trúc - Thiết kế nội ngoại thất,10,1.830864717406031e-05
Thiết kế - Sáng tạo nghệ thuật / Thông tin - Truyền thông - Quảng cáo / Truyền hình - Báo chí - Biên tập,10,1.830864717406031e-05
Kế toán / Xây dựng,10,1.830864717406031e-05
Vận hành - Bảo trì - Bảo dưỡng / Xây dựng / Điện - Điện tử - Điện lạnh,10,1.830864717406031e-05
IT Phần mềm / IT Phần cứng - Mạng,10,1.830864717406031e-05
Bán hàng - Kinh doanh / Hành chính - Thư ký / Chăm sóc khách hàng,10,1.830864717406031e-05
Mới tốt nghiệp / Thực tập,10,1.830864717406031e-05
Điện - Điện tử - Điện lạnh / Khoa học - Kỹ thuật / Vận hành - Bảo trì - Bảo dưỡng,10,1.830864717406031e-05
Thiết kế - Sáng tạo nghệ thuật / Thông tin - Truyền thông - Quảng cáo / Marketing,10,1.830864717406031e-05
Kế toán / Kiểm toán / Phân tích - Thống kê dữ liệu,9,1.6477782456654277e-05
Kế toán / Kiểm toán / Luật - Pháp Lý - Tuân thủ,9,1.6477782456654277e-05
Sản xuất - Lắp ráp - Chế biến / Vận hành - Bảo trì - Bảo dưỡng / Lao động phổ thông,9,1.6477782456654277e-05
Hành chính - Thư ký / Nhân sự / Chăm sóc khách hàng,9,1.6477782456654277e-05
An toàn lao động,9,1.6477782456654277e-05
Nhân sự / Nghề nghiệp khác,9,1.6477782456654277e-05
Bán hàng - Kinh doanh / Chăm sóc khách hàng / Bất động sản,9,1.6477782456654277e-05
Khách sạn - Nhà hàng - Du lịch / Bán hàng - Kinh doanh,9,1.6477782456654277e-05
Nhân sự / Hành chính - Thư ký / Kế toán,9,1.6477782456654277e-05
Bán sỉ - Bán lẻ - Quản lý cửa hàng / Bán hàng - Kinh doanh / Y tế - Chăm sóc sức khỏe,9,1.6477782456654277e-05
Khoa học - Kỹ thuật / Cơ khí - Ô tô - Tự động hóa / Điện - Điện tử - Điện lạnh,9,1.6477782456654277e-05
Khách sạn - Nhà hàng - Du lịch / Chăm sóc khách hàng / Hành chính - Thư ký,9,1.6477782456654277e-05
Sản xuất - Lắp ráp - Chế biến / Lao động phổ thông,9,1.6477782456654277e-05
Y tế - Chăm sóc sức khỏe / Dược phẩm,9,1.6477782456654277e-05
Xây dựng / Điện - Điện tử - Điện lạnh / Khoa học - Kỹ thuật,9,1.6477782456654277e-05
Sản xuất - Lắp ráp - Chế biến / Cơ khí - Ô tô - Tự động hóa,9,1.6477782456654277e-05
Kế toán / Kiểm toán / Nhân sự,9,1.6477782456654277e-05
Bán hàng - Kinh doanh / Y tế - Chăm sóc sức khỏe / Dược phẩm,9,1.6477782456654277e-05
Cơ khí - Ô tô - Tự động hóa / Sản xuất - Lắp ráp - Chế biến / Vận hành - Bảo trì - Bảo dưỡng,9,1.6477782456654277e-05
Bán hàng - Kinh doanh / Bán sỉ - Bán lẻ - Quản lý cửa hàng / Marketing,9,1.6477782456654277e-05
Bán hàng - Kinh doanh / Chăm sóc khách hàng / Xuất Nhập Khẩu,9,1.6477782456654277e-05
Chăm sóc khách hàng / Bán hàng - Kinh doanh / Bán sỉ - Bán lẻ - Quản lý cửa hàng,9,1.6477782456654277e-05
Bán hàng - Kinh doanh / Cơ khí - Ô tô - Tự động hóa / Chăm sóc khách hàng,9,1.6477782456654277e-05
Cơ khí - Ô tô - Tự động hóa / Vận hành - Bảo trì - Bảo dưỡng / Khoa học - Kỹ thuật,9,1.6477782456654277e-05
Luật - Pháp Lý - Tuân thủ / Hành chính - Thư ký,8,1.4646917739248247e-05
Thu mua - Kho Vận - Chuỗi cung ứng / Lao động phổ thông / Vận Tải - Lái xe - Giao nhận,8,1.4646917739248247e-05
Khách sạn - Nhà hàng - Du lịch / Lao động phổ thông,8,1.4646917739248247e-05
Vận Tải - Lái xe - Giao nhận / Lao động phổ thông / Nghề nghiệp khác,8,1.4646917739248247e-05
Bán hàng - Kinh doanh / Thông tin - Truyền thông - Quảng cáo / Chăm sóc khách hàng,8,1.4646917739248247e-05
Bán hàng - Kinh doanh / Xuất Nhập Khẩu,8,1.4646917739248247e-05
Khoa học - Kỹ thuật / Cơ khí - Ô tô - Tự động hóa,8,1.4646917739248247e-05
Khách sạn - Nhà hàng - Du lịch / Bán sỉ - Bán lẻ - Quản lý cửa hàng / Bán hàng - Kinh doanh,8,1.4646917739248247e-05
Kế toán / Nhân sự,8,1.4646917739248247e-05
Khách sạn - Nhà hàng - Du lịch / Thực phẩm - Đồ uống / Nghề nghiệp khác,8,1.4646917739248247e-05
Điện - Điện tử - Điện lạnh / Cơ khí - Ô tô - Tự động hóa,8,1.4646917739248247e-05
Khoa học - Kỹ thuật / Vận hành - Bảo trì - Bảo dưỡng / Điện - Điện tử - Điện lạnh,8,1.4646917739248247e-05
Thiết kế - Sáng tạo nghệ thuật / Marketing,8,1.4646917739248247e-05
Biên phiên dịch / Hành chính - Thư ký,8,1.4646917739248247e-05
Bán hàng - Kinh doanh / Điện - Điện tử - Điện lạnh / Khoa học - Kỹ thuật,8,1.4646917739248247e-05
Thực phẩm - Đồ uống / Lao động phổ thông / Khách sạn - Nhà hàng - Du lịch,8,1.4646917739248247e-05
Marketing / Chăm sóc khách hàng / Bán hàng - Kinh doanh,8,1.4646917739248247e-05
Bán hàng - Kinh doanh / Dệt may - Da giày - Thời trang,8,1.4646917739248247e-05
Dược phẩm,8,1.4646917739248247e-05
Bán sỉ - Bán lẻ - Quản lý cửa hàng / Bán hàng - Kinh doanh / Quản lý tiêu chuẩn và chất lượng,8,1.4646917739248247e-05
Chăm sóc khách hàng / Hành chính - Thư ký / Bán hàng - Kinh doanh,8,1.4646917739248247e-05
Bán hàng - Kinh doanh / Chăm sóc khách hàng / Cơ khí - Ô tô - Tự động hóa,8,1.4646917739248247e-05
Bán hàng - Kinh doanh / Marketing / Bán sỉ - Bán lẻ - Quản lý cửa hàng,8,1.4646917739248247e-05
Hành chính - Thư ký / Biên phiên dịch,8,1.4646917739248247e-05
Khoa học - Kỹ thuật / Điện - Điện tử - Điện lạnh,8,1.4646917739248247e-05
Trắc Địa / Địa Chất,8,1.4646917739248247e-05
Điện - Điện tử - Điện lạnh / Xây dựng,7,1.2816053021842216e-05
Truyền thông/Internet/Online Media,7,1.2816053021842216e-05
Bán hàng - Kinh doanh / Nông - Lâm - Ngư nghiệp / Bán sỉ - Bán lẻ - Quản lý cửa hàng,7,1.2816053021842216e-05
Khoa học - Kỹ thuật / Cơ khí - Ô tô - Tự động hóa / Sản xuất - Lắp ráp - Chế biến,7,1.2816053021842216e-05
Bán lẻ/ Bán sỉ/ Thương mại,7,1.2816053021842216e-05
Kế toán / Kiểm toán / Bán hàng - Kinh doanh,7,1.2816053021842216e-05
Bán sỉ - Bán lẻ - Quản lý cửa hàng / Bán hàng - Kinh doanh / Khách sạn - Nhà hàng - Du lịch,7,1.2816053021842216e-05
Marketing / Truyền hình - Báo chí - Biên tập / Thông tin - Truyền thông - Quảng cáo,7,1.2816053021842216e-05
Tài chính - Đầu tư - Chứng Khoán / Ngân hàng / Bảo hiểm,7,1.2816053021842216e-05
Bán hàng - Kinh doanh / Thực phẩm - Đồ uống / Bán sỉ - Bán lẻ - Quản lý cửa hàng,7,1.2816053021842216e-05
Hành chính - Thư ký / Kế toán,7,1.2816053021842216e-05
Bán hàng - Kinh doanh / Bán sỉ - Bán lẻ - Quản lý cửa hàng / Điện - Điện tử - Điện lạnh,7,1.2816053021842216e-05
Bất động sản / Bán hàng - Kinh doanh / Chăm sóc khách hàng,7,1.2816053021842216e-05
Hành chính - Thư ký / Bán hàng - Kinh doanh,7,1.2816053021842216e-05
IT Phần mềm / Khoa học - Kỹ thuật,7,1.2816053021842216e-05
Quản lý dự án / Xây dựng,7,1.2816053021842216e-05
Bán hàng - Kinh doanh / Cơ khí - Ô tô - Tự động hóa,7,1.2816053021842216e-05
Môi trường - Xử lý chất thải,7,1.2816053021842216e-05
Bán hàng - Kinh doanh / Kế toán / Kiểm toán,7,1.2816053021842216e-05
Tài chính - Đầu tư - Chứng Khoán / Kế toán / Kiểm toán,7,1.2816053021842216e-05
Bán hàng - Kinh doanh / Bán sỉ - Bán lẻ - Quản lý cửa hàng / Xây dựng,7,1.2816053021842216e-05
Bán hàng - Kinh doanh / Chăm sóc khách hàng / Nhân sự,7,1.2816053021842216e-05
Sản xuất - Lắp ráp - Chế biến / Quản lý tiêu chuẩn và chất lượng,7,1.2816053021842216e-05
Bán hàng - Kinh doanh / Khoa học - Kỹ thuật / Cơ khí - Ô tô - Tự động hóa,7,1.2816053021842216e-05
Xây dựng / Cơ khí - Ô tô - Tự động hóa / Điện - Điện tử - Điện lạnh,7,1.2816053021842216e-05
Y tế - Chăm sóc sức khỏe / Chăm sóc khách hàng,6,1.0985188304436186e-05
Bán sỉ - Bán lẻ - Quản lý cửa hàng / Bán hàng - Kinh doanh / Khoa học - Kỹ thuật,6,1.0985188304436186e-05
Bán hàng - Kinh doanh / Bất động sản,6,1.0985188304436186e-05
Cơ khí - Ô tô - Tự động hóa / Khoa học - Kỹ thuật / Sản xuất - Lắp ráp - Chế biến,6,1.0985188304436186e-05
Thu mua - Kho Vận - Chuỗi cung ứng / Xuất Nhập Khẩu / Bán hàng - Kinh doanh,6,1.0985188304436186e-05
Kế toán / Thu mua - Kho Vận - Chuỗi cung ứng / Hành chính - Thư ký,6,1.0985188304436186e-05
Bán hàng - Kinh doanh / Thực phẩm - Đồ uống / Khách sạn - Nhà hàng - Du lịch,6,1.0985188304436186e-05
Lao động phổ thông / Khách sạn - Nhà hàng - Du lịch,6,1.0985188304436186e-05
Quản lý tiêu chuẩn và chất lượng / Sản xuất - Lắp ráp - Chế biến,6,1.0985188304436186e-05
Bán hàng - Kinh doanh / Giáo dục - Đào tạo / Chăm sóc khách hàng,6,1.0985188304436186e-05
Marketing / Bán hàng - Kinh doanh / Bán sỉ - Bán lẻ - Quản lý cửa hàng,6,1.0985188304436186e-05
Thu mua - Kho Vận - Chuỗi cung ứng / Vận Tải - Lái xe - Giao nhận / Xuất Nhập Khẩu,6,1.0985188304436186e-05
Bán hàng - Kinh doanh / Cơ khí - Ô tô - Tự động hóa / Điện - Điện tử - Điện lạnh,6,1.0985188304436186e-05
Điện - Điện tử - Điện lạnh / Vận hành - Bảo trì - Bảo dưỡng / Khoa học - Kỹ thuật,6,1.0985188304436186e-05
Chăm sóc khách hàng / Hành chính - Thư ký,6,1.0985188304436186e-05
Mỹ phẩm - Trang sức,6,1.0985188304436186e-05
Kế toán / Bán hàng - Kinh doanh / Hành chính - Thư ký,6,1.0985188304436186e-05
Xây dựng / Khoa học - Kỹ thuật / Điện - Điện tử - Điện lạnh,6,1.0985188304436186e-05
Marketing / Bán hàng - Kinh doanh / Thực tập sinh,6,1.0985188304436186e-05
Kế toán / Nhân sự / Hành chính - Thư ký,6,1.0985188304436186e-05
Bán hàng - Kinh doanh / Thu mua - Kho Vận - Chuỗi cung ứng / Xuất Nhập Khẩu,6,1.0985188304436186e-05
Bán hàng - Kinh doanh / Chăm sóc khách hàng / Bảo hiểm,6,1.0985188304436186e-05
Khách sạn - Nhà hàng - Du lịch / Lao động phổ thông / Nghề nghiệp khác,6,1.0985188304436186e-05
Bán sỉ - Bán lẻ - Quản lý cửa hàng / Bán hàng - Kinh doanh / Quản lý dự án,6,1.0985188304436186e-05
Bán hàng - Kinh doanh / Chăm sóc khách hàng / Xây dựng,6,1.0985188304436186e-05
Khách sạn - Nhà hàng - Du lịch / Lao động phổ thông / Chăm sóc khách hàng,6,1.0985188304436186e-05
Bán sỉ - Bán lẻ - Quản lý cửa hàng / Bán hàng - Kinh doanh / Xây dựng,6,1.0985188304436186e-05
Sản xuất - Lắp ráp - Chế biến / Cơ khí - Ô tô - Tự động hóa / Điện - Điện tử - Điện lạnh,6,1.0985188304436186e-05
Cơ khí - Ô tô - Tự động hóa / Vận hành - Bảo trì - Bảo dưỡng / Điện - Điện tử - Điện lạnh,6,1.0985188304436186e-05
Thu mua - Kho Vận - Chuỗi cung ứng / Y tế - Chăm sóc sức khỏe / Dược phẩm,6,1.0985188304436186e-05
Bất động sản / Bán hàng - Kinh doanh,6,1.0985188304436186e-05
Thu mua - Kho Vận - Chuỗi cung ứng / Kế toán / Hành chính - Thư ký,6,1.0985188304436186e-05
Xây dựng / Điện - Điện tử - Điện lạnh / Kiến trúc - Thiết kế nội ngoại thất,6,1.0985188304436186e-05
Kế toán / Hành chính - Thư ký / Nhân sự,6,1.0985188304436186e-05
Khách sạn - Nhà hàng - Du lịch / Bán hàng - Kinh doanh / Thực phẩm - Đồ uống,6,1.0985188304436186e-05
Chăm sóc khách hàng (Customer Service)/Vận hành,6,1.0985188304436186e-05
Bán hàng - Kinh doanh / Bất động sản / Bán sỉ - Bán lẻ - Quản lý cửa hàng,6,1.0985188304436186e-05
Xây dựng / Điện - Điện tử - Điện lạnh / Quản lý dự án,6,1.0985188304436186e-05
Hành chính - Thư ký / Nhân sự / Biên phiên dịch,6,1.0985188304436186e-05
Điện - Điện tử - Điện lạnh / Khoa học - Kỹ thuật / Cơ khí - Ô tô - Tự động hóa,6,1.0985188304436186e-05
Kế toán / Tài chính - Đầu tư - Chứng Khoán / Ngân hàng,6,1.0985188304436186e-05
Bán hàng - Kinh doanh / Bán sỉ - Bán lẻ - Quản lý cửa hàng / Sản xuất - Lắp ráp - Chế biến,6,1.0985188304436186e-05
Chăm sóc khách hàng / Hành chính - Thư ký / Khách sạn - Nhà hàng - Du lịch,6,1.0985188304436186e-05
Chăm sóc khách hàng / Bưu chính viễn thông / Điện - Điện tử - Điện lạnh,6,1.0985188304436186e-05
Hành chính - Thư ký / Bán hàng - Kinh doanh / Kế toán,6,1.0985188304436186e-05
Bán hàng - Kinh doanh / Chăm sóc khách hàng / Biên phiên dịch,6,1.0985188304436186e-05
Thông tin - Truyền thông - Quảng cáo / Marketing / Thiết kế - Sáng tạo nghệ thuật,6,1.0985188304436186e-05
Bưu chính viễn thông,6,1.0985188304436186e-05
Xây dựng / Kiến trúc - Thiết kế nội ngoại thất / Thiết kế - Sáng tạo nghệ thuật,6,1.0985188304436186e-05
IT Phần cứng - Mạng / IT Phần mềm / Vận hành - Bảo trì - Bảo dưỡng,6,1.0985188304436186e-05
Bán hàng - Kinh doanh / Thông tin - Truyền thông - Quảng cáo / Marketing,6,1.0985188304436186e-05
Cơ khí - Ô tô - Tự động hóa / Khoa học - Kỹ thuật,6,1.0985188304436186e-05
Bưu chính viễn thông / Điện - Điện tử - Điện lạnh / IT Phần cứng - Mạng,6,1.0985188304436186e-05
Bán hàng - Kinh doanh / Chăm sóc khách hàng / Công nghệ thực phẩm - Dinh dưỡng,6,1.0985188304436186e-05
Kiến trúc - Thiết kế nội ngoại thất / Xây dựng / Điện - Điện tử - Điện lạnh,6,1.0985188304436186e-05
Chăm sóc khách hàng / Tài chính - Đầu tư - Chứng Khoán,6,1.0985188304436186e-05
Kế toán / Kiểm toán / Xây dựng,6,1.0985188304436186e-05
Kiến trúc - Thiết kế nội ngoại thất / Bán hàng - Kinh doanh / Xây dựng,6,1.0985188304436186e-05
Bán hàng - Kinh doanh / Y tế - Chăm sóc sức khỏe / Chăm sóc khách hàng,6,1.0985188304436186e-05
IT Phần cứng - Mạng / IT Phần mềm / Khoa học - Kỹ thuật,6,1.0985188304436186e-05
Bán hàng - Kinh doanh / Bán sỉ - Bán lẻ - Quản lý cửa hàng / Cơ khí - Ô tô - Tự động hóa,6,1.0985188304436186e-05
Bán hàng - Kinh doanh / Xây dựng,6,1.0985188304436186e-05
Cơ khí - Ô tô - Tự động hóa / Khoa học - Kỹ thuật / Thiết kế - Sáng tạo nghệ thuật,6,1.0985188304436186e-05
Kiểm toán / Kế toán,6,1.0985188304436186e-05
Kiến trúc - Thiết kế nội ngoại thất / Điện - Điện tử - Điện lạnh / Xây dựng,6,1.0985188304436186e-05
Kế toán / Hành chính - Thư ký / Tài chính - Đầu tư - Chứng Khoán,6,1.0985188304436186e-05
Marketing / Thực tập sinh / Khách sạn - Nhà hàng - Du lịch,5,9.154323587030154e-06
Cơ khí - Ô tô - Tự động hóa / Điện - Điện tử - Điện lạnh,5,9.154323587030154e-06
Marketing / Thực tập sinh,5,9.154323587030154e-06
Xuất bản - In ấn / Thiết kế - Sáng tạo nghệ thuật,5,9.154323587030154e-06
Dược phẩm / Bán hàng - Kinh doanh / Bán sỉ - Bán lẻ - Quản lý cửa hàng,5,9.154323587030154e-06
Dược phẩm / Bán hàng - Kinh doanh,5,9.154323587030154e-06
Marketing / Thông tin - Truyền thông - Quảng cáo / Phân tích - Thống kê dữ liệu,5,9.154323587030154e-06
An ninh - Bảo vệ / Lao động phổ thông,5,9.154323587030154e-06
Bảo hiểm/ Tư vấn bảo hiểm,5,9.154323587030154e-06
Bán sỉ - Bán lẻ - Quản lý cửa hàng / Bán hàng - Kinh doanh / Bảo hiểm,5,9.154323587030154e-06
Khách sạn - Nhà hàng - Du lịch / Thực phẩm - Đồ uống / Thực tập sinh,5,9.154323587030154e-06
Hành chính - Thư ký / Thông tin - Truyền thông - Quảng cáo / Khách sạn - Nhà hàng - Du lịch,5,9.154323587030154e-06
Bán hàng - Kinh doanh / Chăm sóc khách hàng / Bưu chính viễn thông,5,9.154323587030154e-06
Tài chính - Đầu tư - Chứng Khoán / Ngân hàng,5,9.154323587030154e-06
Hàng hải,5,9.154323587030154e-06
Vận Tải - Lái xe - Giao nhận / Thu mua - Kho Vận - Chuỗi cung ứng / Lao động phổ thông,5,9.154323587030154e-06
Điện - Điện tử - Điện lạnh / Khoa học - Kỹ thuật / Xây dựng,5,9.154323587030154e-06
Nông - Lâm - Ngư nghiệp / Bán hàng - Kinh doanh,5,9.154323587030154e-06
Y tế - Chăm sóc sức khỏe / Chăm sóc khách hàng / Dược phẩm,5,9.154323587030154e-06
Chăm sóc khách hàng / Bán hàng - Kinh doanh / Y tế - Chăm sóc sức khỏe,5,9.154323587030154e-06
Thống kê,5,9.154323587030154e-06
Sản xuất - Lắp ráp - Chế biến / Quản lý tiêu chuẩn và chất lượng / Cơ khí - Ô tô - Tự động hóa,5,9.154323587030154e-06
Sản xuất - Lắp ráp - Chế biến / Lao động phổ thông / Thực phẩm - Đồ uống,5,9.154323587030154e-06
Bán hàng - Kinh doanh / Chăm sóc khách hàng / IT Phần cứng - Mạng,5,9.154323587030154e-06
Khách sạn - Nhà hàng - Du lịch / Bán hàng - Kinh doanh / Marketing,5,9.154323587030154e-06
Bán hàng - Kinh doanh / Bán sỉ - Bán lẻ - Quản lý cửa hàng / Kiến trúc - Thiết kế nội ngoại thất,5,9.154323587030154e-06
Vận Tải - Lái xe - Giao nhận / Cơ khí - Ô tô - Tự động hóa,5,9.154323587030154e-06
Vận hành - Bảo trì - Bảo dưỡng / Xây dựng,5,9.154323587030154e-06
Vận Tải - Lái xe - Giao nhận / Nghề nghiệp khác / Lao động phổ thông,5,9.154323587030154e-06
Vận hành - Bảo trì - Bảo dưỡng / Lao động phổ thông / Cơ khí - Ô tô - Tự động hóa,5,9.154323587030154e-06
Ngân hàng / Bán hàng - Kinh doanh / Tài chính - Đầu tư - Chứng Khoán,5,9.154323587030154e-06
Thông tin - Truyền thông - Quảng cáo / Marketing,5,9.154323587030154e-06
Biên tập/ Báo chí/ Truyền hình,5,9.154323587030154e-06
Tiếng Nhật,5,9.154323587030154e-06
Vận Tải - Lái xe - Giao nhận / Thu mua - Kho Vận - Chuỗi cung ứng,5,9.154323587030154e-06
Kiến trúc - Thiết kế nội ngoại thất / Thiết kế - Sáng tạo nghệ thuật / Xây dựng,5,9.154323587030154e-06
An Toàn Lao Động,5,9.154323587030154e-06
Bán hàng - Kinh doanh / Xây dựng / Bán sỉ - Bán lẻ - Quản lý cửa hàng,5,9.154323587030154e-06
Điện - Điện tử - Điện lạnh / Cơ khí - Ô tô - Tự động hóa / Sản xuất - Lắp ráp - Chế biến,5,9.154323587030154e-06
Bán hàng - Kinh doanh / Kế toán,5,9.154323587030154e-06
Bán hàng - Kinh doanh / Marketing / Thông tin - Truyền thông - Quảng cáo,5,9.154323587030154e-06
Kế toán / Kiểm toán / Xuất Nhập Khẩu,5,9.154323587030154e-06
Công nghệ thực phẩm - Dinh dưỡng,5,9.154323587030154e-06
Nhân sự / Luật - Pháp Lý - Tuân thủ / Hành chính - Thư ký,5,9.154323587030154e-06
Sản xuất - Lắp ráp - Chế biến / Vận hành - Bảo trì - Bảo dưỡng / Quản lý tiêu chuẩn và chất lượng,5,9.154323587030154e-06
Hành chính - Thư ký / Biên phiên dịch / Chăm sóc khách hàng,5,9.154323587030154e-06
Ngành nghề khác,5,9.154323587030154e-06
Thiết kế - Sáng tạo nghệ thuật / Kiến trúc - Thiết kế nội ngoại thất,5,9.154323587030154e-06
IT Phần cứng - Mạng / Bưu chính viễn thông / Điện - Điện tử - Điện lạnh,5,9.154323587030154e-06
Marketing / Bán hàng - Kinh doanh / Cơ khí - Ô tô - Tự động hóa,5,9.154323587030154e-06
Thu mua - Kho Vận - Chuỗi cung ứng / Xuất Nhập Khẩu / Kế toán,5,9.154323587030154e-06
Bán hàng - Kinh doanh / Cơ khí - Ô tô - Tự động hóa / Khoa học - Kỹ thuật,5,9.154323587030154e-06
Kế toán / Bán hàng - Kinh doanh,5,9.154323587030154e-06
Cơ khí - Ô tô - Tự động hóa / Lao động phổ thông / Khoa học - Kỹ thuật,5,9.154323587030154e-06
Bán sỉ - Bán lẻ - Quản lý cửa hàng / Chăm sóc khách hàng,5,9.154323587030154e-06
Khách sạn - Nhà hàng - Du lịch / Chăm sóc khách hàng / Lao động phổ thông,5,9.154323587030154e-06
Lao động phổ thông / Sản xuất - Lắp ráp - Chế biến,5,9.154323587030154e-06
Dược phẩm / Bán hàng - Kinh doanh / Y tế - Chăm sóc sức khỏe,5,9.154323587030154e-06
Xuất Nhập Khẩu / Thu mua - Kho Vận - Chuỗi cung ứng / Vận Tải - Lái xe - Giao nhận,5,9.154323587030154e-06
Ngân hàng / Chăm sóc khách hàng / Tài chính - Đầu tư - Chứng Khoán,5,9.154323587030154e-06
Nhân sự / Hành chính - Thư ký / Chăm sóc khách hàng,5,9.154323587030154e-06
Hóa học - Hóa sinh,5,9.154323587030154e-06
Marketing / Chăm sóc khách hàng / Thông tin - Truyền thông - Quảng cáo,5,9.154323587030154e-06
Quản lý dự án / Xây dựng / Khoa học - Kỹ thuật,5,9.154323587030154e-06
Kế toán / Thực tập sinh,5,9.154323587030154e-06
Hành chính - Thư ký / Kế toán / Bán hàng - Kinh doanh,5,9.154323587030154e-06
Cơ khí - Ô tô - Tự động hóa / Lao động phổ thông / Vận hành - Bảo trì - Bảo dưỡng,5,9.154323587030154e-06
Kế toán / Tài chính - Đầu tư - Chứng Khoán / Hành chính - Thư ký,5,9.154323587030154e-06
Promotion Girl/ Boy (PG-PB),5,9.154323587030154e-06
Nhân sự / Luật - Pháp Lý - Tuân thủ,5,9.154323587030154e-06
Thu mua - Kho Vận - Chuỗi cung ứng / Sản xuất - Lắp ráp - Chế biến,5,9.154323587030154e-06
Cơ khí - Ô tô - Tự động hóa / Khoa học - Kỹ thuật / Lao động phổ thông,5,9.154323587030154e-06
Bán sỉ - Bán lẻ - Quản lý cửa hàng / Ngân hàng / Luật - Pháp Lý - Tuân thủ,5,9.154323587030154e-06
Vận hành - Bảo trì - Bảo dưỡng / Sản xuất - Lắp ráp - Chế biến,5,9.154323587030154e-06
Kế toán / Kiểm toán / Quản lý tiêu chuẩn và chất lượng,5,9.154323587030154e-06
Bán hàng - Kinh doanh / Xuất Nhập Khẩu / Chăm sóc khách hàng,5,9.154323587030154e-06
Kế toán / Kiểm toán / Sản xuất - Lắp ráp - Chế biến,5,9.154323587030154e-06
Quản lý tiêu chuẩn và chất lượng / Thực phẩm - Đồ uống / Công nghệ thực phẩm - Dinh dưỡng,5,9.154323587030154e-06
Bán hàng - Kinh doanh / Chăm sóc khách hàng / Thực phẩm - Đồ uống,5,9.154323587030154e-06
Khách sạn - Nhà hàng - Du lịch / Thực phẩm - Đồ uống / Công nghệ thực phẩm - Dinh dưỡng,4,7.3234588696241236e-06
Bán hàng - Kinh doanh / Quản lý dự án,4,7.3234588696241236e-06
Hành chính - Thư ký / Chăm sóc khách hàng / Lao động phổ thông,4,7.3234588696241236e-06
Thu mua - Kho Vận - Chuỗi cung ứng / Vận Tải - Lái xe - Giao nhận / Sản xuất - Lắp ráp - Chế biến,4,7.3234588696241236e-06
Bán hàng - Kinh doanh / Giáo dục - Đào tạo,4,7.3234588696241236e-06
Marketing / Thông tin - Truyền thông - Quảng cáo / Bất động sản,4,7.3234588696241236e-06
Chăm sóc khách hàng / Hành chính - Thư ký / Kế toán,4,7.3234588696241236e-06
Bưu chính viễn thông / Bán hàng - Kinh doanh,4,7.3234588696241236e-06
Quản lý dự án / Xây dựng / Bất động sản,4,7.3234588696241236e-06
Marketing / Thông tin - Truyền thông - Quảng cáo / Thực tập sinh,4,7.3234588696241236e-06
Xuất Nhập Khẩu / Bán hàng - Kinh doanh / Thu mua - Kho Vận - Chuỗi cung ứng,4,7.3234588696241236e-06
Cơ khí - Ô tô - Tự động hóa / Điện - Điện tử - Điện lạnh / Vận hành - Bảo trì - Bảo dưỡng,4,7.3234588696241236e-06
Thu mua - Kho Vận - Chuỗi cung ứng / Vận Tải - Lái xe - Giao nhận / Xây dựng,4,7.3234588696241236e-06
Lao động phổ thông / Thu mua - Kho Vận - Chuỗi cung ứng / Sản xuất - Lắp ráp - Chế biến,4,7.3234588696241236e-06
Cơ khí - Ô tô - Tự động hóa / Sản xuất - Lắp ráp - Chế biến / Khoa học - Kỹ thuật,4,7.3234588696241236e-06
Sản xuất - Lắp ráp - Chế biến / Thu mua - Kho Vận - Chuỗi cung ứng / Kế toán,4,7.3234588696241236e-06
Bán hàng - Kinh doanh / Kế toán / Hành chính - Thư ký,4,7.3234588696241236e-06
Lao động phổ thông / Thu mua - Kho Vận - Chuỗi cung ứng,4,7.3234588696241236e-06
Hành chính - Thư ký / Khách sạn - Nhà hàng - Du lịch / Chăm sóc khách hàng,4,7.3234588696241236e-06
Khoa học - Kỹ thuật / Điện - Điện tử - Điện lạnh / Xây dựng,4,7.3234588696241236e-06
An ninh - Bảo vệ / Khách sạn - Nhà hàng - Du lịch,4,7.3234588696241236e-06
Điện - Điện tử - Điện lạnh / Khoa học - Kỹ thuật / Lao động phổ thông,4,7.3234588696241236e-06
Chăm sóc khách hàng / Hành chính - Thư ký / Marketing,4,7.3234588696241236e-06
Hành chính - Thư ký / Bán hàng - Kinh doanh / Bán sỉ - Bán lẻ - Quản lý cửa hàng,4,7.3234588696241236e-06
Xuất Nhập Khẩu / Hành chính - Thư ký,4,7.3234588696241236e-06
Software Engineer,4,7.3234588696241236e-06
Khách sạn - Nhà hàng - Du lịch / Bán sỉ - Bán lẻ - Quản lý cửa hàng / Chăm sóc khách hàng,4,7.3234588696241236e-06
Bán hàng - Kinh doanh / Ngân hàng / Chăm sóc khách hàng,4,7.3234588696241236e-06
Kế toán / Kiểm toán / Bán sỉ - Bán lẻ - Quản lý cửa hàng,4,7.3234588696241236e-06
Sản xuất - Lắp ráp - Chế biến / Cơ khí - Ô tô - Tự động hóa / Lao động phổ thông,4,7.3234588696241236e-06
Bán hàng - Kinh doanh / Thực phẩm - Đồ uống,4,7.3234588696241236e-06
Bán hàng - Kinh doanh / Bán sỉ - Bán lẻ - Quản lý cửa hàng / Thu mua - Kho Vận - Chuỗi cung ứng,4,7.3234588696241236e-06
Xây dựng / Cơ khí - Ô tô - Tự động hóa / Khoa học - Kỹ thuật,4,7.3234588696241236e-06
Quản lý tiêu chuẩn và chất lượng / Thực phẩm - Đồ uống,4,7.3234588696241236e-06
Thu mua - Kho Vận - Chuỗi cung ứng / Kế toán / Vận Tải - Lái xe - Giao nhận,4,7.3234588696241236e-06
Xây dựng / Kiến trúc - Thiết kế nội ngoại thất / Điện - Điện tử - Điện lạnh,4,7.3234588696241236e-06
Marketing / Thông tin - Truyền thông - Quảng cáo / Chăm sóc khách hàng,4,7.3234588696241236e-06
Thông tin - Truyền thông - Quảng cáo / Truyền hình - Báo chí - Biên tập / Marketing,4,7.3234588696241236e-06
Khách sạn - Nhà hàng - Du lịch / Chăm sóc khách hàng / Thực phẩm - Đồ uống,4,7.3234588696241236e-06
Bưu chính viễn thông / Điện - Điện tử - Điện lạnh,4,7.3234588696241236e-06
Thu mua - Kho Vận - Chuỗi cung ứng / Kế toán / Bán hàng - Kinh doanh,4,7.3234588696241236e-06
Bán hàng - Kinh doanh / Chăm sóc khách hàng / Dược phẩm,4,7.3234588696241236e-06
Lao động phổ thông / Nghề nghiệp khác,4,7.3234588696241236e-06
Bán hàng - Kinh doanh / Chăm sóc khách hàng / Kiến trúc - Thiết kế nội ngoại thất,4,7.3234588696241236e-06
Chăm sóc khách hàng / Hành chính - Thư ký / Nhân sự,4,7.3234588696241236e-06
Dược phẩm / Hóa học - Hóa sinh,4,7.3234588696241236e-06
Sản xuất - Lắp ráp - Chế biến / Lao động phổ thông / Vận hành - Bảo trì - Bảo dưỡng,4,7.3234588696241236e-06
Khách sạn - Nhà hàng - Du lịch / Hành chính - Thư ký,4,7.3234588696241236e-06
IT Phần cứng - Mạng / Vận hành - Bảo trì - Bảo dưỡng / Điện - Điện tử - Điện lạnh,4,7.3234588696241236e-06
Marketing / Thiết kế - Sáng tạo nghệ thuật,4,7.3234588696241236e-06
Xây dựng / Khoa học - Kỹ thuật / Cơ khí - Ô tô - Tự động hóa,4,7.3234588696241236e-06
Chăm sóc khách hàng / Hành chính - Thư ký / Biên phiên dịch,4,7.3234588696241236e-06
Bán hàng - Kinh doanh / Nông - Lâm - Ngư nghiệp / Chăm sóc khách hàng,4,7.3234588696241236e-06
Kiến trúc - Thiết kế nội ngoại thất / Xây dựng / Cơ khí - Ô tô - Tự động hóa,4,7.3234588696241236e-06
Bán sỉ - Bán lẻ - Quản lý cửa hàng / Thực phẩm - Đồ uống,4,7.3234588696241236e-06
Thu mua - Kho Vận - Chuỗi cung ứng / Xuất Nhập Khẩu / Biên phiên dịch,4,7.3234588696241236e-06
Software Products and Web Services,4,7.3234588696241236e-06
Y tế - Chăm sóc sức khỏe / Dược phẩm / Hóa học - Hóa sinh,4,7.3234588696241236e-06
IT Phần cứng - Mạng / Điện - Điện tử - Điện lạnh,4,7.3234588696241236e-06
Bán hàng - Kinh doanh / Điện - Điện tử - Điện lạnh / Bán sỉ - Bán lẻ - Quản lý cửa hàng,4,7.3234588696241236e-06
Hành chính - Thư ký / Phân tích - Thống kê dữ liệu / Thu mua - Kho Vận - Chuỗi cung ứng,4,7.3234588696241236e-06
Thu mua - Kho Vận - Chuỗi cung ứng / Vận hành - Bảo trì - Bảo dưỡng,4,7.3234588696241236e-06
Hành chính - Thư ký / Bán hàng - Kinh doanh / Nhân sự,4,7.3234588696241236e-06
Thu mua - Kho Vận - Chuỗi cung ứng / Xây dựng,4,7.3234588696241236e-06
Thiết kế - Sáng tạo nghệ thuật / Dệt may - Da giày - Thời trang,4,7.3234588696241236e-06
Sản xuất - Lắp ráp - Chế biến / Khoa học - Kỹ thuật / Cơ khí - Ô tô - Tự động hóa,4,7.3234588696241236e-06
Thiết kế - Sáng tạo nghệ thuật / Kiến trúc - Thiết kế nội ngoại thất / Thông tin - Truyền thông - Quảng cáo,4,7.3234588696241236e-06
An Ninh / Bảo Vệ,4,7.3234588696241236e-06
Chăm sóc khách hàng / Ngân hàng,4,7.3234588696241236e-06
Kiến trúc - Thiết kế nội ngoại thất / Bất động sản / Xây dựng,4,7.3234588696241236e-06
Thu mua - Kho Vận - Chuỗi cung ứng / Xuất Nhập Khẩu / Vận Tải - Lái xe - Giao nhận,4,7.3234588696241236e-06
Bán sỉ - Bán lẻ - Quản lý cửa hàng / Bán hàng - Kinh doanh / Dược phẩm,4,7.3234588696241236e-06
Kế toán / Thực phẩm - Đồ uống,4,7.3234588696241236e-06
Giáo dục - Đào tạo / Chăm sóc khách hàng / Bán hàng - Kinh doanh,4,7.3234588696241236e-06
Kế toán / Luật - Pháp Lý - Tuân thủ,4,7.3234588696241236e-06
Hành chính - Thư ký / Nhân sự / Bất động sản,4,7.3234588696241236e-06
Vận Tải - Lái xe - Giao nhận / Chăm sóc khách hàng / Hành chính - Thư ký,4,7.3234588696241236e-06
Kinh doanh,4,7.3234588696241236e-06
Chăm sóc khách hàng / Giáo dục - Đào tạo,4,7.3234588696241236e-06
Hành chính - Thư ký / Khách sạn - Nhà hàng - Du lịch / Kế toán,4,7.3234588696241236e-06
Bán hàng - Kinh doanh / Khoa học - Kỹ thuật,4,7.3234588696241236e-06
Bán sỉ - Bán lẻ - Quản lý cửa hàng / Bán hàng - Kinh doanh / Cơ khí - Ô tô - Tự động hóa,4,7.3234588696241236e-06
Kế toán / Hành chính - Thư ký / Phân tích - Thống kê dữ liệu,4,7.3234588696241236e-06
Chăm sóc khách hàng / Giáo dục - Đào tạo / Bán hàng - Kinh doanh,4,7.3234588696241236e-06
Tài chính - Đầu tư - Chứng Khoán / Chăm sóc khách hàng / Bán hàng - Kinh doanh,4,7.3234588696241236e-06
Chăm sóc khách hàng / Khách sạn - Nhà hàng - Du lịch / Hành chính - Thư ký,4,7.3234588696241236e-06
Hành chính - Thư ký / Kế toán / Tài chính - Đầu tư - Chứng Khoán,4,7.3234588696241236e-06
Chăm sóc khách hàng / Bưu chính viễn thông,4,7.3234588696241236e-06
Bán hàng - Kinh doanh / Bất động sản / Tài chính - Đầu tư - Chứng Khoán,4,7.3234588696241236e-06
Tài chính - Đầu tư - Chứng Khoán / Chăm sóc khách hàng / Lao động phổ thông,4,7.3234588696241236e-06
IT Phần cứng - Mạng / Điện - Điện tử - Điện lạnh / Bưu chính viễn thông,4,7.3234588696241236e-06
Bán hàng - Kinh doanh / Bất động sản / Kiến trúc - Thiết kế nội ngoại thất,3,5.492594152218093e-06
Bán hàng - Kinh doanh / IT Phần mềm / Chăm sóc khách hàng,3,5.492594152218093e-06
Điện tử viễn thông,3,5.492594152218093e-06
Nghề nghiệp khác / Tài chính - Đầu tư - Chứng Khoán / Ngân hàng,3,5.492594152218093e-06
Tài chính - Đầu tư - Chứng Khoán / Kế toán,3,5.492594152218093e-06
Bán hàng - Kinh doanh / Hành chính - Thư ký / Bán sỉ - Bán lẻ - Quản lý cửa hàng,3,5.492594152218093e-06
Hành chính - Thư ký / Nhân sự / Xây dựng,3,5.492594152218093e-06
Hành chính - Thư ký / Chăm sóc khách hàng / Ngân hàng,3,5.492594152218093e-06
Business Analyst,3,5.492594152218093e-06
Vận hành - Bảo trì - Bảo dưỡng / Điện - Điện tử - Điện lạnh / Xây dựng,3,5.492594152218093e-06
Hành chính - Thư ký / Thu mua - Kho Vận - Chuỗi cung ứng / Xuất Nhập Khẩu,3,5.492594152218093e-06
Marketing / Thông tin - Truyền thông - Quảng cáo / Y tế - Chăm sóc sức khỏe,3,5.492594152218093e-06
Ngân hàng / Tài chính - Đầu tư - Chứng Khoán / Bán hàng - Kinh doanh,3,5.492594152218093e-06
Hành chính - Thư ký / Chăm sóc khách hàng / Nhân sự,3,5.492594152218093e-06
Nông - Lâm - Ngư nghiệp / Chăn nuôi - Thú y,3,5.492594152218093e-06
Marketing / Dược phẩm / Thông tin - Truyền thông - Quảng cáo,3,5.492594152218093e-06
Điện - Điện tử - Điện lạnh / Xây dựng / Khoa học - Kỹ thuật,3,5.492594152218093e-06
Thực phẩm - Đồ uống / Công nghệ thực phẩm - Dinh dưỡng / Quản lý tiêu chuẩn và chất lượng,3,5.492594152218093e-06
Hành chính - Thư ký / Nhân sự / Bán hàng - Kinh doanh,3,5.492594152218093e-06
Vận Tải - Lái xe - Giao nhận / Lao động phổ thông / Thực phẩm - Đồ uống,3,5.492594152218093e-06
Cơ khí - Ô tô - Tự động hóa / Vận hành - Bảo trì - Bảo dưỡng / Lao động phổ thông,3,5.492594152218093e-06
Kế toán / Kiểm toán / Khách sạn - Nhà hàng - Du lịch,3,5.492594152218093e-06
Kế toán / Kiểm toán / Bất động sản,3,5.492594152218093e-06
Sản xuất - Lắp ráp - Chế biến / Điện - Điện tử - Điện lạnh / Cơ khí - Ô tô - Tự động hóa,3,5.492594152218093e-06
Điện - Điện tử - Điện lạnh / Cơ khí - Ô tô - Tự động hóa / Lao động phổ thông,3,5.492594152218093e-06
Xây dựng / An toàn lao động / Điện - Điện tử - Điện lạnh,3,5.492594152218093e-06
Bán sỉ - Bán lẻ - Quản lý cửa hàng / Khách sạn - Nhà hàng - Du lịch,3,5.492594152218093e-06
Giáo dục - Đào tạo / Thiết kế - Sáng tạo nghệ thuật,3,5.492594152218093e-06
Hành chính - Thư ký / Nhân sự / Khách sạn - Nhà hàng - Du lịch,3,5.492594152218093e-06
Nhân sự / Giáo dục - Đào tạo,3,5.492594152218093e-06
Kế toán / Kiểm toán / Giáo dục - Đào tạo,3,5.492594152218093e-06
Bán hàng - Kinh doanh / Bán sỉ - Bán lẻ - Quản lý cửa hàng / Hành chính - Thư ký,3,5.492594152218093e-06
Thu mua - Kho Vận - Chuỗi cung ứng / Sản xuất - Lắp ráp - Chế biến / Lao động phổ thông,3,5.492594152218093e-06
Y tế - Chăm sóc sức khỏe / Chăm sóc khách hàng / Bán hàng - Kinh doanh,3,5.492594152218093e-06
Bán hàng - Kinh doanh / Khách sạn - Nhà hàng - Du lịch / Bán sỉ - Bán lẻ - Quản lý cửa hàng,3,5.492594152218093e-06
Hành chính - Thư ký / Chăm sóc khách hàng / Giáo dục - Đào tạo,3,5.492594152218093e-06
Quản lý dự án / Xây dựng / Khai thác năng lượng - Khoáng sản - Địa chất,3,5.492594152218093e-06
Vận hành - Bảo trì - Bảo dưỡng / Sản xuất - Lắp ráp - Chế biến / Khoa học - Kỹ thuật,3,5.492594152218093e-06
Môi trường - Xử lý chất thải / Xây dựng,3,5.492594152218093e-06
Khoa học - Kỹ thuật / Cơ khí - Ô tô - Tự động hóa / Lao động phổ thông,3,5.492594152218093e-06
Xây dựng / Quản lý tiêu chuẩn và chất lượng / Khoa học - Kỹ thuật,3,5.492594152218093e-06
Quản lý tiêu chuẩn và chất lượng / Dệt may - Da giày - Thời trang / Sản xuất - Lắp ráp - Chế biến,3,5.492594152218093e-06
Marketing / Thông tin - Truyền thông - Quảng cáo / Bán sỉ - Bán lẻ - Quản lý cửa hàng,3,5.492594152218093e-06
Bán hàng - Kinh doanh / Kiến trúc - Thiết kế nội ngoại thất,3,5.492594152218093e-06
Nghề nghiệp khác / Lao động phổ thông / Bán hàng - Kinh doanh,3,5.492594152218093e-06
Xây dựng / Quản lý tiêu chuẩn và chất lượng,3,5.492594152218093e-06
Thiết kế đồ họa,3,5.492594152218093e-06
Bán hàng - Kinh doanh / Dược phẩm / Chăm sóc khách hàng,3,5.492594152218093e-06
Chăm sóc khách hàng / Ngân hàng / Bán hàng - Kinh doanh,3,5.492594152218093e-06
Chăm sóc khách hàng / Hành chính - Thư ký / Thông tin - Truyền thông - Quảng cáo,3,5.492594152218093e-06
Quản lý tiêu chuẩn và chất lượng / Sản xuất - Lắp ráp - Chế biến / Khoa học - Kỹ thuật,3,5.492594152218093e-06
Xuất bản - In ấn,3,5.492594152218093e-06
Xây dựng / Quản lý tiêu chuẩn và chất lượng / Quản lý dự án,3,5.492594152218093e-06
Bán hàng - Kinh doanh / Khách sạn - Nhà hàng - Du lịch / Chăm sóc khách hàng,3,5.492594152218093e-06
Hành chính - Thư ký / Bất động sản / Chăm sóc khách hàng,3,5.492594152218093e-06
Bán hàng - Kinh doanh / Marketing / Giáo dục - Đào tạo,3,5.492594152218093e-06
Nghề nghiệp khác / Ngân hàng / Tài chính - Đầu tư - Chứng Khoán,3,5.492594152218093e-06
Nông - Lâm - Ngư nghiệp / Bán hàng - Kinh doanh / Chăm sóc khách hàng,3,5.492594152218093e-06
Bán hàng - Kinh doanh / Chăm sóc khách hàng / Thu mua - Kho Vận - Chuỗi cung ứng,3,5.492594152218093e-06
Hành chính - Thư ký / Y tế - Chăm sóc sức khỏe,3,5.492594152218093e-06
An ninh - Bảo vệ / Vận Tải - Lái xe - Giao nhận / Lao động phổ thông,3,5.492594152218093e-06
Bán hàng - Kinh doanh / Điện - Điện tử - Điện lạnh / Chăm sóc khách hàng,3,5.492594152218093e-06
Hành chính - Thư ký / Thu mua - Kho Vận - Chuỗi cung ứng,3,5.492594152218093e-06
Hành chính - Thư ký / Chăm sóc khách hàng / Bất động sản,3,5.492594152218093e-06
Kế toán / Phân tích - Thống kê dữ liệu / Tài chính - Đầu tư - Chứng Khoán,3,5.492594152218093e-06
Sản xuất - Lắp ráp - Chế biến / Thu mua - Kho Vận - Chuỗi cung ứng / Cơ khí - Ô tô - Tự động hóa,3,5.492594152218093e-06
Xuất Nhập Khẩu / Vận Tải - Lái xe - Giao nhận,3,5.492594152218093e-06
Bán hàng - Kinh doanh / Tài chính - Đầu tư - Chứng Khoán,3,5.492594152218093e-06
Dệt may - Da giày - Thời trang / Thu mua - Kho Vận - Chuỗi cung ứng,3,5.492594152218093e-06
Quản lý tiêu chuẩn và chất lượng / Hóa học - Hóa sinh / Khoa học - Kỹ thuật,3,5.492594152218093e-06
Bán hàng - Kinh doanh / Bán sỉ - Bán lẻ - Quản lý cửa hàng / Y tế - Chăm sóc sức khỏe,3,5.492594152218093e-06
Việc làm Tết,3,5.492594152218093e-06
Thu mua - Kho Vận - Chuỗi cung ứng / Kế toán / Xuất Nhập Khẩu,3,5.492594152218093e-06
Vận hành - Bảo trì - Bảo dưỡng / Khoa học - Kỹ thuật,3,5.492594152218093e-06
Bán hàng - Kinh doanh / Chăm sóc khách hàng / An ninh - Bảo vệ,3,5.492594152218093e-06
Quản lý tiêu chuẩn và chất lượng / Xây dựng,3,5.492594152218093e-06
Thực phẩm - Đồ uống / Khách sạn - Nhà hàng - Du lịch,3,5.492594152218093e-06
Kế toán / Bán sỉ - Bán lẻ - Quản lý cửa hàng / Kiểm toán,3,5.492594152218093e-06
Chăm sóc khách hàng / Lao động phổ thông / Bán hàng - Kinh doanh,3,5.492594152218093e-06
Quản lý tiêu chuẩn và chất lượng / Công nghệ thực phẩm - Dinh dưỡng / Thực phẩm - Đồ uống,3,5.492594152218093e-06
Nhân sự / Bất động sản / Hành chính - Thư ký,3,5.492594152218093e-06
Bán hàng - Kinh doanh / Bán sỉ - Bán lẻ - Quản lý cửa hàng / Bất động sản,3,5.492594152218093e-06
IT Phần cứng - Mạng / Khoa học - Kỹ thuật,3,5.492594152218093e-06
Bán hàng - Kinh doanh / Bảo hiểm,3,5.492594152218093e-06
Sản xuất - Lắp ráp - Chế biến / Quản lý tiêu chuẩn và chất lượng / Dệt may - Da giày - Thời trang,3,5.492594152218093e-06
Y tế - Chăm sóc sức khỏe / Lao động phổ thông / Nghề nghiệp khác,3,5.492594152218093e-06
Sản xuất - Lắp ráp - Chế biến / Lao động phổ thông / Thu mua - Kho Vận - Chuỗi cung ứng,3,5.492594152218093e-06
Khoa học - Kỹ thuật / Sản xuất - Lắp ráp - Chế biến / Cơ khí - Ô tô - Tự động hóa,3,5.492594152218093e-06
Chăm sóc khách hàng / Hành chính - Thư ký / Tài chính - Đầu tư - Chứng Khoán,3,5.492594152218093e-06
Hành chính - Thư ký / Chăm sóc khách hàng / Tài chính - Đầu tư - Chứng Khoán,3,5.492594152218093e-06
Ngân hàng / Bất động sản / Tài chính - Đầu tư - Chứng Khoán,3,5.492594152218093e-06
Hành chính - Thư ký / Kế toán / Thu mua - Kho Vận - Chuỗi cung ứng,3,5.492594152218093e-06
Sản xuất - Lắp ráp - Chế biến / Thực phẩm - Đồ uống / Lao động phổ thông,3,5.492594152218093e-06
Thu mua - Kho Vận - Chuỗi cung ứng / Hành chính - Thư ký,3,5.492594152218093e-06
Khoa học - Kỹ thuật / Vận hành - Bảo trì - Bảo dưỡng / Sản xuất - Lắp ráp - Chế biến,3,5.492594152218093e-06
Báo chí / Biên tập viên / Xuất bản,3,5.492594152218093e-06
Kiến trúc - Thiết kế nội ngoại thất / Xây dựng / Bán hàng - Kinh doanh,3,5.492594152218093e-06
Sản xuất - Lắp ráp - Chế biến / Khoa học - Kỹ thuật / Quản lý tiêu chuẩn và chất lượng,3,5.492594152218093e-06
Xuất Nhập Khẩu / Thu mua - Kho Vận - Chuỗi cung ứng / Biên phiên dịch,3,5.492594152218093e-06
Hành chính - Thư ký / Marketing / Bán hàng - Kinh doanh,3,5.492594152218093e-06
Vận hành - Bảo trì - Bảo dưỡng / Khoa học - Kỹ thuật / Vận Tải - Lái xe - Giao nhận,3,5.492594152218093e-06
Bán hàng - Kinh doanh / Thực tập sinh,3,5.492594152218093e-06
Dầu khí / Khoáng sản,3,5.492594152218093e-06
Môi trường - Xử lý chất thải / Khoa học - Kỹ thuật / Hóa học - Hóa sinh,3,5.492594152218093e-06
Marketing / Thiết kế - Sáng tạo nghệ thuật / Thông tin - Truyền thông - Quảng cáo,3,5.492594152218093e-06
Bán hàng - Kinh doanh / Y tế - Chăm sóc sức khỏe,3,5.492594152218093e-06
Thu mua - Kho Vận - Chuỗi cung ứng / Kế toán / Kiểm toán,3,5.492594152218093e-06
Kế toán / Kiểm toán / Biên phiên dịch,3,5.492594152218093e-06
Chăm sóc khách hàng / Bán hàng - Kinh doanh / Marketing,3,5.492594152218093e-06
Bán sỉ - Bán lẻ - Quản lý cửa hàng / Bán hàng - Kinh doanh / Bất động sản,3,5.492594152218093e-06
Điện - Điện tử - Điện lạnh / Xây dựng / Vận hành - Bảo trì - Bảo dưỡng,3,5.492594152218093e-06
Giáo dục - Đào tạo / Bán hàng - Kinh doanh / Chăm sóc khách hàng,3,5.492594152218093e-06
Vận hành - Bảo trì - Bảo dưỡng / Điện - Điện tử - Điện lạnh / Sản xuất - Lắp ráp - Chế biến,3,5.492594152218093e-06
Thiết kế - Sáng tạo nghệ thuật / Marketing / Thông tin - Truyền thông - Quảng cáo,3,5.492594152218093e-06
Vận hành - Bảo trì - Bảo dưỡng / Môi trường - Xử lý chất thải,3,5.492594152218093e-06
Hành chính - Thư ký / Nhân sự / Nghề nghiệp khác,3,5.492594152218093e-06
Bán hàng - Kinh doanh / Dược phẩm / Thực phẩm - Đồ uống,3,5.492594152218093e-06
Marketing / Y tế - Chăm sóc sức khỏe,3,5.492594152218093e-06
Bán hàng - Kinh doanh / Môi trường - Xử lý chất thải / Chăm sóc khách hàng,3,5.492594152218093e-06
Marketing / Giáo dục - Đào tạo,3,5.492594152218093e-06
Điện - Điện tử - Điện lạnh / IT Phần cứng - Mạng / Khoa học - Kỹ thuật,3,5.492594152218093e-06
Lao động phổ thông / Bán sỉ - Bán lẻ - Quản lý cửa hàng,3,5.492594152218093e-06
Kế toán / Phân tích - Thống kê dữ liệu / Hành chính - Thư ký,3,5.492594152218093e-06
Hành chính - Thư ký / Chăm sóc khách hàng / Bán sỉ - Bán lẻ - Quản lý cửa hàng,3,5.492594152218093e-06
IT Phần cứng - Mạng / IT Phần mềm / Bưu chính viễn thông,3,5.492594152218093e-06
Tiếp thị,3,5.492594152218093e-06
Xuất Nhập Khẩu / Kế toán / Kiểm toán,3,5.492594152218093e-06
An ninh - Bảo vệ / Luật - Pháp Lý - Tuân thủ / Chăm sóc khách hàng,3,5.492594152218093e-06
Quản lý tiêu chuẩn và chất lượng / Điện - Điện tử - Điện lạnh / Cơ khí - Ô tô - Tự động hóa,3,5.492594152218093e-06
Vận Tải - Lái xe - Giao nhận / Nghề nghiệp khác,3,5.492594152218093e-06
Khách sạn - Nhà hàng - Du lịch / Kế toán / Thực phẩm - Đồ uống,3,5.492594152218093e-06
Bán hàng - Kinh doanh / Y tế - Chăm sóc sức khỏe / Bán sỉ - Bán lẻ - Quản lý cửa hàng,3,5.492594152218093e-06
Thu mua - Kho Vận - Chuỗi cung ứng / Thực phẩm - Đồ uống,3,5.492594152218093e-06
Kế toán / Ngân hàng / Kiểm toán,3,5.492594152218093e-06
Xây dựng / Kế toán / Kiểm toán,3,5.492594152218093e-06
Kế toán / Nhân sự / Kiểm toán,3,5.492594152218093e-06
Chăm sóc khách hàng / Bán hàng - Kinh doanh / Tài chính - Đầu tư - Chứng Khoán,3,5.492594152218093e-06
Khoa học - Kỹ thuật / Xây dựng / Quản lý dự án,3,5.492594152218093e-06
Bưu chính viễn thông / Khoa học - Kỹ thuật,3,5.492594152218093e-06
Khoa học - Kỹ thuật / Vận hành - Bảo trì - Bảo dưỡng / IT Phần cứng - Mạng,3,5.492594152218093e-06
Thu mua - Kho Vận - Chuỗi cung ứng / Xuất Nhập Khẩu / Chăm sóc khách hàng,3,5.492594152218093e-06
Bán hàng - Kinh doanh / Hành chính - Thư ký / Nhân sự,3,5.492594152218093e-06
Khoa học - Kỹ thuật / Sản xuất - Lắp ráp - Chế biến,3,5.492594152218093e-06
Xây dựng / Điện - Điện tử - Điện lạnh / Quản lý tiêu chuẩn và chất lượng,3,5.492594152218093e-06
Hành chính - Thư ký / Bán hàng - Kinh doanh / Biên phiên dịch,3,5.492594152218093e-06
Môi trường - Xử lý chất thải / Khoa học - Kỹ thuật,3,5.492594152218093e-06
Xây dựng / Thiết kế - Sáng tạo nghệ thuật,3,5.492594152218093e-06
Vận hành - Bảo trì - Bảo dưỡng / Khoa học - Kỹ thuật / Sản xuất - Lắp ráp - Chế biến,3,5.492594152218093e-06
Vận hành - Bảo trì - Bảo dưỡng / Thu mua - Kho Vận - Chuỗi cung ứng / Vận Tải - Lái xe - Giao nhận,3,5.492594152218093e-06
Bán hàng - Kinh doanh / Xuất Nhập Khẩu / Vận Tải - Lái xe - Giao nhận,3,5.492594152218093e-06
Xây dựng / Cơ khí - Ô tô - Tự động hóa / Quản lý dự án,3,5.492594152218093e-06
Xây dựng / Vận hành - Bảo trì - Bảo dưỡng,3,5.492594152218093e-06
Cơ khí - Ô tô - Tự động hóa / Khoa học - Kỹ thuật / Điện - Điện tử - Điện lạnh,3,5.492594152218093e-06
Hành chính - Thư ký / Giáo dục - Đào tạo / Biên phiên dịch,3,5.492594152218093e-06
Khách sạn - Nhà hàng - Du lịch / Chăm sóc khách hàng / Bán hàng - Kinh doanh,3,5.492594152218093e-06
Hành chính / Nhân sự / Trợ lý / Biên phiên dịch / Pháp lý,3,5.492594152218093e-06
Khách sạn - Nhà hàng - Du lịch / Lao động phổ thông / Bán sỉ - Bán lẻ - Quản lý cửa hàng,3,5.492594152218093e-06
Viễn Thông,3,5.492594152218093e-06
Nông - Lâm - Ngư nghiệp / Bán hàng - Kinh doanh / Hóa học - Hóa sinh,3,5.492594152218093e-06
Sản xuất - Lắp ráp - Chế biến / Dệt may - Da giày - Thời trang / Lao động phổ thông,3,5.492594152218093e-06
Chăm sóc khách hàng / Hành chính - Thư ký / Bán sỉ - Bán lẻ - Quản lý cửa hàng,3,5.492594152218093e-06
Bán hàng - Kinh doanh / Hành chính - Thư ký,3,5.492594152218093e-06
An ninh - Bảo vệ / Lao động phổ thông / Chăm sóc khách hàng,3,5.492594152218093e-06
Chăm sóc khách hàng / Biên phiên dịch / Hành chính - Thư ký,3,5.492594152218093e-06
Kiến trúc - Thiết kế nội ngoại thất / Bán sỉ - Bán lẻ - Quản lý cửa hàng / Bán hàng - Kinh doanh,3,5.492594152218093e-06
Sản xuất - Lắp ráp - Chế biến / Cơ khí - Ô tô - Tự động hóa / Quản lý tiêu chuẩn và chất lượng,3,5.492594152218093e-06
Khách sạn - Nhà hàng - Du lịch / Nghề nghiệp khác,3,5.492594152218093e-06
Nhân sự / Hành chính - Thư ký / Xây dựng,3,5.492594152218093e-06
Kế toán / Kiểm toán / Thực tập sinh,3,5.492594152218093e-06
Hành chính - Thư ký / Luật - Pháp Lý - Tuân thủ,3,5.492594152218093e-06
Tài chính - Đầu tư - Chứng Khoán / Ngân hàng / Lao động phổ thông,3,5.492594152218093e-06
Thu mua - Kho Vận - Chuỗi cung ứng / Hành chính - Thư ký / Xuất Nhập Khẩu,3,5.492594152218093e-06
Điện - Điện tử - Điện lạnh / Bán hàng - Kinh doanh,3,5.492594152218093e-06
In ấn - Xuất bản,3,5.492594152218093e-06
Khách sạn - Nhà hàng - Du lịch / Kế toán,3,5.492594152218093e-06
Lao động phổ thông / Khách sạn - Nhà hàng - Du lịch / Nghề nghiệp khác,3,5.492594152218093e-06
Marketing / Thông tin - Truyền thông - Quảng cáo / Bán hàng - Kinh doanh,3,5.492594152218093e-06
Bán hàng - Kinh doanh / Khách sạn - Nhà hàng - Du lịch,3,5.492594152218093e-06
Dệt may - Da giày - Thời trang / Lao động phổ thông,3,5.492594152218093e-06
IT Phần mềm / Marketing / Thông tin - Truyền thông - Quảng cáo,3,5.492594152218093e-06
Hành chính - Thư ký / Chăm sóc khách hàng / Y tế - Chăm sóc sức khỏe,3,5.492594152218093e-06
Điện - Điện tử - Điện lạnh / Cơ khí - Ô tô - Tự động hóa / Bán hàng - Kinh doanh,3,5.492594152218093e-06
Điện - Điện tử - Điện lạnh / Xây dựng / Kiến trúc - Thiết kế nội ngoại thất,3,5.492594152218093e-06
Xây dựng / Bán hàng - Kinh doanh,3,5.492594152218093e-06
Nội thất / Ngoại thất,3,5.492594152218093e-06
Thực phẩm - Đồ uống / Lao động phổ thông / Sản xuất - Lắp ráp - Chế biến,2,3.6617294348120618e-06
Bất động sản / Chăm sóc khách hàng,2,3.6617294348120618e-06
Sản xuất - Lắp ráp - Chế biến / Vận hành - Bảo trì - Bảo dưỡng / Vận Tải - Lái xe - Giao nhận,2,3.6617294348120618e-06
Quản lý dự án / Xây dựng / Quản lý tiêu chuẩn và chất lượng,2,3.6617294348120618e-06
Bán hàng - Kinh doanh / Khoa học - Kỹ thuật / Chăm sóc khách hàng,2,3.6617294348120618e-06
Bán hàng - Kinh doanh / Bán sỉ - Bán lẻ - Quản lý cửa hàng / Khách sạn - Nhà hàng - Du lịch,2,3.6617294348120618e-06
Tài chính - Đầu tư - Chứng Khoán / Bất động sản / Bán hàng - Kinh doanh,2,3.6617294348120618e-06
IT Phần mềm / Bán hàng - Kinh doanh,2,3.6617294348120618e-06
Bán hàng - Kinh doanh / Nhân sự / Bán sỉ - Bán lẻ - Quản lý cửa hàng,2,3.6617294348120618e-06
Bán hàng - Kinh doanh / Hành chính - Thư ký / Kế toán,2,3.6617294348120618e-06
Quản lý tiêu chuẩn và chất lượng / Cơ khí - Ô tô - Tự động hóa,2,3.6617294348120618e-06
Kế toán / Dược phẩm,2,3.6617294348120618e-06
Dược phẩm/ Hóa Mỹ Phẩm,2,3.6617294348120618e-06
Hành chính - Thư ký / Bán hàng - Kinh doanh / Phân tích - Thống kê dữ liệu,2,3.6617294348120618e-06
An ninh - Bảo vệ / Khách sạn - Nhà hàng - Du lịch / Bán sỉ - Bán lẻ - Quản lý cửa hàng,2,3.6617294348120618e-06
Bán hàng - Kinh doanh / Xuất Nhập Khẩu / Bán sỉ - Bán lẻ - Quản lý cửa hàng,2,3.6617294348120618e-06
Hành chính - Thư ký / Thực tập sinh / Nhân sự,2,3.6617294348120618e-06
Hành chính - Thư ký / Marketing,2,3.6617294348120618e-06
Điện / Điện tử / Điện lạnh / Điện công nghiệp,2,3.6617294348120618e-06
Kiến trúc - Thiết kế nội ngoại thất / Bán hàng - Kinh doanh / Chăm sóc khách hàng,2,3.6617294348120618e-06
Bán hàng - Kinh doanh / Lao động phổ thông / Nghề nghiệp khác,2,3.6617294348120618e-06
Thông tin - Truyền thông - Quảng cáo / Truyền hình - Báo chí - Biên tập,2,3.6617294348120618e-06
Thông tin - Truyền thông - Quảng cáo / Xây dựng / Điện - Điện tử - Điện lạnh,2,3.6617294348120618e-06
Bán hàng - Kinh doanh / Marketing / Khách sạn - Nhà hàng - Du lịch,2,3.6617294348120618e-06
Bán hàng - Kinh doanh / Bán sỉ - Bán lẻ - Quản lý cửa hàng / Xuất Nhập Khẩu,2,3.6617294348120618e-06
Luật - Pháp Lý - Tuân thủ / Bất động sản,2,3.6617294348120618e-06
Lao động phổ thông / Sản xuất - Lắp ráp - Chế biến / Thu mua - Kho Vận - Chuỗi cung ứng,2,3.6617294348120618e-06
Bán sỉ - Bán lẻ - Quản lý cửa hàng / Bán hàng - Kinh doanh / Công nghệ thực phẩm - Dinh dưỡng,2,3.6617294348120618e-06
Xây dựng / Kiến trúc - Thiết kế nội ngoại thất / Nghề nghiệp khác,2,3.6617294348120618e-06
Khoa học - Kỹ thuật / Quản lý tiêu chuẩn và chất lượng / Điện - Điện tử - Điện lạnh,2,3.6617294348120618e-06
Marketing / Dệt may - Da giày - Thời trang / Bán hàng - Kinh doanh,2,3.6617294348120618e-06
Lao động phổ thông / Sản xuất - Lắp ráp - Chế biến / Nghề nghiệp khác,2,3.6617294348120618e-06
Khách sạn - Nhà hàng - Du lịch / Marketing / Bán hàng - Kinh doanh,2,3.6617294348120618e-06
Quản lý dự án / Khoa học - Kỹ thuật / Xây dựng,2,3.6617294348120618e-06
Chăm sóc khách hàng / Lao động phổ thông / Hành chính - Thư ký,2,3.6617294348120618e-06
Bán hàng - Kinh doanh / Bất động sản / Ngân hàng,2,3.6617294348120618e-06
Khoa học - Kỹ thuật / Môi trường - Xử lý chất thải,2,3.6617294348120618e-06
Hành chính - Thư ký / Bất động sản,2,3.6617294348120618e-06
Bán sỉ - Bán lẻ - Quản lý cửa hàng / Chăm sóc khách hàng / Kế toán,2,3.6617294348120618e-06
Vận hành - Bảo trì - Bảo dưỡng / Vận Tải - Lái xe - Giao nhận / Cơ khí - Ô tô - Tự động hóa,2,3.6617294348120618e-06
Khoa học - Kỹ thuật / Điện - Điện tử - Điện lạnh / Sản xuất - Lắp ráp - Chế biến,2,3.6617294348120618e-06
Ô tô,2,3.6617294348120618e-06
Sản xuất - Lắp ráp - Chế biến / Phân tích - Thống kê dữ liệu / Thu mua - Kho Vận - Chuỗi cung ứng,2,3.6617294348120618e-06
Xuất Nhập Khẩu / Chăm sóc khách hàng / Bán hàng - Kinh doanh,2,3.6617294348120618e-06
Quản lý tiêu chuẩn và chất lượng / Hóa học - Hóa sinh,2,3.6617294348120618e-06
Marketing / Bán hàng - Kinh doanh / Bưu chính viễn thông,2,3.6617294348120618e-06
Nông - Lâm - Ngư nghiệp / Thu mua - Kho Vận - Chuỗi cung ứng,2,3.6617294348120618e-06
Nhân sự / Hành chính - Thư ký / Thực tập sinh,2,3.6617294348120618e-06
Khách sạn - Nhà hàng - Du lịch / Nghề nghiệp khác / Lao động phổ thông,2,3.6617294348120618e-06
Kế toán / Thu mua - Kho Vận - Chuỗi cung ứng / Xuất Nhập Khẩu,2,3.6617294348120618e-06
Kinh nghiệm: 2 Năm,2,3.6617294348120618e-06
Sản xuất - Lắp ráp - Chế biến / Dược phẩm / Hóa học - Hóa sinh,2,3.6617294348120618e-06
Bán hàng - Kinh doanh / Giáo dục - Đào tạo / Marketing,2,3.6617294348120618e-06
Hành chính - Thư ký / Bán hàng - Kinh doanh / Marketing,2,3.6617294348120618e-06
Bán hàng - Kinh doanh / Bán sỉ - Bán lẻ - Quản lý cửa hàng / Dệt may - Da giày - Thời trang,2,3.6617294348120618e-06
Quản lý tiêu chuẩn và chất lượng / Lao động phổ thông / Vận Tải - Lái xe - Giao nhận,2,3.6617294348120618e-06
Bán sỉ - Bán lẻ - Quản lý cửa hàng / Bán hàng - Kinh doanh / Hành chính - Thư ký,2,3.6617294348120618e-06
Marketing / Thông tin - Truyền thông - Quảng cáo / Nghề nghiệp khác,2,3.6617294348120618e-06
Thu mua - Kho Vận - Chuỗi cung ứng / Lao động phổ thông / Xuất Nhập Khẩu,2,3.6617294348120618e-06
Giáo dục / Đào tạo,2,3.6617294348120618e-06
Sản xuất - Lắp ráp - Chế biến / Thực phẩm - Đồ uống / Công nghệ thực phẩm - Dinh dưỡng,2,3.6617294348120618e-06
Nông - Lâm - Ngư nghiệp / Khoa học - Kỹ thuật,2,3.6617294348120618e-06
Sản xuất - Lắp ráp - Chế biến / Nghề nghiệp khác / Lao động phổ thông,2,3.6617294348120618e-06
An ninh - Bảo vệ / An toàn lao động / Lao động phổ thông,2,3.6617294348120618e-06
Chăm sóc khách hàng / Lao động phổ thông / Khách sạn - Nhà hàng - Du lịch,2,3.6617294348120618e-06
Y tế - Chăm sóc sức khỏe / Dược phẩm / Quản lý tiêu chuẩn và chất lượng,2,3.6617294348120618e-06
Bán sỉ - Bán lẻ - Quản lý cửa hàng / Thực phẩm - Đồ uống / Lao động phổ thông,2,3.6617294348120618e-06
Hành chính - Thư ký / Chăm sóc khách hàng / Thông tin - Truyền thông - Quảng cáo,2,3.6617294348120618e-06
Quản lý tiêu chuẩn và chất lượng / Sản xuất - Lắp ráp - Chế biến / Phân tích - Thống kê dữ liệu,2,3.6617294348120618e-06
Bán hàng - Kinh doanh / Khoa học - Kỹ thuật / Marketing,2,3.6617294348120618e-06
Chăm sóc khách hàng / Bưu chính viễn thông / Thông tin - Truyền thông - Quảng cáo,2,3.6617294348120618e-06
Xây dựng / An toàn lao động / Môi trường - Xử lý chất thải,2,3.6617294348120618e-06
Bán sỉ - Bán lẻ - Quản lý cửa hàng / Thu mua - Kho Vận - Chuỗi cung ứng,2,3.6617294348120618e-06
Xây dựng / Cơ khí - Ô tô - Tự động hóa,2,3.6617294348120618e-06
Bán hàng - Kinh doanh / Chăm sóc khách hàng / Quản lý dự án,2,3.6617294348120618e-06
Bán hàng - Kinh doanh / Thực phẩm - Đồ uống / Chăm sóc khách hàng,2,3.6617294348120618e-06
Vận hành - Bảo trì - Bảo dưỡng / Lao động phổ thông,2,3.6617294348120618e-06
Kế toán / Xuất Nhập Khẩu,2,3.6617294348120618e-06
Thu mua - Kho Vận - Chuỗi cung ứng / Thực phẩm - Đồ uống / Khách sạn - Nhà hàng - Du lịch,2,3.6617294348120618e-06
Điện - Điện tử - Điện lạnh / Cơ khí - Ô tô - Tự động hóa / Dầu khí,2,3.6617294348120618e-06
Marketing / Bán hàng - Kinh doanh / Kế toán,2,3.6617294348120618e-06
Xây dựng / Lao động phổ thông / Khoa học - Kỹ thuật,2,3.6617294348120618e-06
Bán hàng - Kinh doanh / Bán sỉ - Bán lẻ - Quản lý cửa hàng / Quản lý dự án,2,3.6617294348120618e-06
Khách sạn - Nhà hàng - Du lịch / Bán hàng - Kinh doanh / Lao động phổ thông,2,3.6617294348120618e-06
Dệt may - Da giày - Thời trang / Sản xuất - Lắp ráp - Chế biến,2,3.6617294348120618e-06
Vận hành - Bảo trì - Bảo dưỡng / Dệt may - Da giày - Thời trang / Điện - Điện tử - Điện lạnh,2,3.6617294348120618e-06
Kế toán / Hành chính - Thư ký / Chăm sóc khách hàng,2,3.6617294348120618e-06
Kiến trúc - Thiết kế nội ngoại thất / Khoa học - Kỹ thuật / Xây dựng,2,3.6617294348120618e-06
Điện - Điện tử - Điện lạnh / Môi trường - Xử lý chất thải / Vận hành - Bảo trì - Bảo dưỡng,2,3.6617294348120618e-06
Bán hàng - Kinh doanh / Kế toán / Thu mua - Kho Vận - Chuỗi cung ứng,2,3.6617294348120618e-06
Xây dựng / Khoa học - Kỹ thuật / Quản lý tiêu chuẩn và chất lượng,2,3.6617294348120618e-06
Thu mua - Kho Vận - Chuỗi cung ứng / Bán sỉ - Bán lẻ - Quản lý cửa hàng / Hành chính - Thư ký,2,3.6617294348120618e-06
Xây dựng / Môi trường - Xử lý chất thải / Khoa học - Kỹ thuật,2,3.6617294348120618e-06
Sản xuất - Lắp ráp - Chế biến / Điện - Điện tử - Điện lạnh / Vận hành - Bảo trì - Bảo dưỡng,2,3.6617294348120618e-06
Bán sỉ - Bán lẻ - Quản lý cửa hàng / Dệt may - Da giày - Thời trang / Bán hàng - Kinh doanh,2,3.6617294348120618e-06
Hành chính - Thư ký / Quản lý dự án / Xây dựng,2,3.6617294348120618e-06
Thu mua - Kho Vận - Chuỗi cung ứng / Kiến trúc - Thiết kế nội ngoại thất / Xây dựng,2,3.6617294348120618e-06
Chăm sóc khách hàng / Nhân sự,2,3.6617294348120618e-06
Quản lý tiêu chuẩn và chất lượng / Cơ khí - Ô tô - Tự động hóa / Sản xuất - Lắp ráp - Chế biến,2,3.6617294348120618e-06
Kế toán / Xây dựng / Kiểm toán,2,3.6617294348120618e-06
Thiết kế - Sáng tạo nghệ thuật / Xuất bản - In ấn,2,3.6617294348120618e-06
IT Phần cứng - Mạng / Vận hành - Bảo trì - Bảo dưỡng / Khoa học - Kỹ thuật,2,3.6617294348120618e-06
Xây dựng / Bất động sản,2,3.6617294348120618e-06
Xuất Nhập Khẩu / Bán hàng - Kinh doanh / Chăm sóc khách hàng,2,3.6617294348120618e-06
Hành chính - Thư ký / Thu mua - Kho Vận - Chuỗi cung ứng / Kế toán,2,3.6617294348120618e-06
Kiến trúc - Thiết kế nội ngoại thất / Sản xuất - Lắp ráp - Chế biến / Cơ khí - Ô tô - Tự động hóa,2,3.6617294348120618e-06
Cơ khí - Ô tô - Tự động hóa / Vận hành - Bảo trì - Bảo dưỡng / Sản xuất - Lắp ráp - Chế biến,2,3.6617294348120618e-06
Kế toán / Xây dựng / Tài chính - Đầu tư - Chứng Khoán,2,3.6617294348120618e-06
Bán hàng - Kinh doanh / Lao động phổ thông / Chăm sóc khách hàng,2,3.6617294348120618e-06
Cơ khí / Ô tô / Tự động hóa,2,3.6617294348120618e-06
Kế toán / Tài chính - Đầu tư - Chứng Khoán / Phân tích - Thống kê dữ liệu,2,3.6617294348120618e-06
Hóa học - Hóa sinh / Khoa học - Kỹ thuật / Điện - Điện tử - Điện lạnh,2,3.6617294348120618e-06
Khoa học - Kỹ thuật / Cơ khí - Ô tô - Tự động hóa / Xây dựng,2,3.6617294348120618e-06
Bán hàng - Kinh doanh / Chăm sóc khách hàng / Khoa học - Kỹ thuật,2,3.6617294348120618e-06
IT Phần mềm / Bán hàng - Kinh doanh / Bưu chính viễn thông,2,3.6617294348120618e-06
Y tế - Chăm sóc sức khỏe / Giáo dục - Đào tạo,2,3.6617294348120618e-06
Cơ khí - Ô tô - Tự động hóa / Sản xuất - Lắp ráp - Chế biến / Thiết kế - Sáng tạo nghệ thuật,2,3.6617294348120618e-06
Khách sạn,2,3.6617294348120618e-06
An toàn lao động / Hóa học - Hóa sinh / Khoa học - Kỹ thuật,2,3.6617294348120618e-06
Quản lý dự án / Bất động sản / Bán hàng - Kinh doanh,2,3.6617294348120618e-06
Thông tin - Truyền thông - Quảng cáo / Chăm sóc khách hàng / Marketing,2,3.6617294348120618e-06
Bán sỉ - Bán lẻ - Quản lý cửa hàng / Chăm sóc khách hàng / Marketing,2,3.6617294348120618e-06
Kế toán / Thu mua - Kho Vận - Chuỗi cung ứng / Tài chính - Đầu tư - Chứng Khoán,2,3.6617294348120618e-06
Bán hàng - Kinh doanh / Chăm sóc khách hàng / Thực tập sinh,2,3.6617294348120618e-06
Chăn nuôi - Thú y / Nông - Lâm - Ngư nghiệp,2,3.6617294348120618e-06
Giáo dục - Đào tạo / Y tế - Chăm sóc sức khỏe / Thiết kế - Sáng tạo nghệ thuật,2,3.6617294348120618e-06
Lao động phổ thông / Vận Tải - Lái xe - Giao nhận,2,3.6617294348120618e-06
Xây dựng / Điện - Điện tử - Điện lạnh / Bất động sản,2,3.6617294348120618e-06
Bán hàng - Kinh doanh / Xuất Nhập Khẩu / Biên phiên dịch,2,3.6617294348120618e-06
E-commerce,2,3.6617294348120618e-06
Bán sỉ - Bán lẻ - Quản lý cửa hàng / Nông - Lâm - Ngư nghiệp / Bán hàng - Kinh doanh,2,3.6617294348120618e-06
Hành chính - Thư ký / Vận hành - Bảo trì - Bảo dưỡng / Vận Tải - Lái xe - Giao nhận,2,3.6617294348120618e-06
Khoa học - Kỹ thuật / Dược phẩm / Hóa học - Hóa sinh,2,3.6617294348120618e-06
Hành chính - Thư ký / Biên phiên dịch / Xuất Nhập Khẩu,2,3.6617294348120618e-06
Nhân sự / Hành chính - Thư ký / Thông tin - Truyền thông - Quảng cáo,2,3.6617294348120618e-06
Vận hành - Bảo trì - Bảo dưỡng / Quản lý dự án / Xây dựng,2,3.6617294348120618e-06
Khách sạn - Nhà hàng - Du lịch / Bán sỉ - Bán lẻ - Quản lý cửa hàng / Quản lý dự án,2,3.6617294348120618e-06
Marketing / Bán hàng - Kinh doanh / Lao động phổ thông,2,3.6617294348120618e-06
Hình thức: Nhân viên chính thức,2,3.6617294348120618e-06
Luật - Pháp Lý - Tuân thủ / Hành chính - Thư ký / Nhân sự,2,3.6617294348120618e-06
Hành chính - Thư ký / Biên phiên dịch / Quản lý dự án,2,3.6617294348120618e-06
Bán hàng - Kinh doanh / Chăm sóc khách hàng / Dệt may - Da giày - Thời trang,2,3.6617294348120618e-06
Chăm sóc khách hàng / Y tế - Chăm sóc sức khỏe / Bán hàng - Kinh doanh,2,3.6617294348120618e-06
Hành chính - Thư ký / Marketing / Nhân sự,2,3.6617294348120618e-06
Lao động phổ thông / Thu mua - Kho Vận - Chuỗi cung ứng / Nghề nghiệp khác,2,3.6617294348120618e-06
Quản lý tiêu chuẩn và chất lượng / Cơ khí - Ô tô - Tự động hóa / Hóa học - Hóa sinh,2,3.6617294348120618e-06
Marketing / Thông tin - Truyền thông - Quảng cáo / Khách sạn - Nhà hàng - Du lịch,2,3.6617294348120618e-06
Lao động phổ thông / Điện - Điện tử - Điện lạnh / Nghề nghiệp khác,2,3.6617294348120618e-06
Kế toán / Dệt may - Da giày - Thời trang / Thực phẩm - Đồ uống,2,3.6617294348120618e-06
Thu mua - Kho Vận - Chuỗi cung ứng / Vận Tải - Lái xe - Giao nhận / Vận hành - Bảo trì - Bảo dưỡng,2,3.6617294348120618e-06
Kiến trúc - Thiết kế nội ngoại thất / Xây dựng / An toàn lao động,2,3.6617294348120618e-06
IT Phần cứng - Mạng / Bưu chính viễn thông / Bán hàng - Kinh doanh,2,3.6617294348120618e-06
Thiết kế - Sáng tạo nghệ thuật / Xây dựng / Kiến trúc - Thiết kế nội ngoại thất,2,3.6617294348120618e-06
Sản xuất - Lắp ráp - Chế biến / Vận hành - Bảo trì - Bảo dưỡng / Xuất bản - In ấn,2,3.6617294348120618e-06
Thông tin - Truyền thông - Quảng cáo / Truyền hình - Báo chí - Biên tập / Thiết kế - Sáng tạo nghệ thuật,2,3.6617294348120618e-06
Kế toán / Sản xuất - Lắp ráp - Chế biến,2,3.6617294348120618e-06
Thiết kế - Sáng tạo nghệ thuật / Marketing / Truyền hình - Báo chí - Biên tập,2,3.6617294348120618e-06
Công nghệ thực phẩm - Dinh dưỡng / Thực phẩm - Đồ uống,2,3.6617294348120618e-06
Vận hành - Bảo trì - Bảo dưỡng / Điện - Điện tử - Điện lạnh / IT Phần cứng - Mạng,2,3.6617294348120618e-06
Bán hàng - Kinh doanh / Thông tin - Truyền thông - Quảng cáo / Bán sỉ - Bán lẻ - Quản lý cửa hàng,2,3.6617294348120618e-06
IT Phần cứng - Mạng / IT Phần mềm / Thu mua - Kho Vận - Chuỗi cung ứng,2,3.6617294348120618e-06
Xây dựng / Kiến trúc - Thiết kế nội ngoại thất / Kế toán,2,3.6617294348120618e-06
Bán hàng - Kinh doanh / Nông - Lâm - Ngư nghiệp,2,3.6617294348120618e-06
Bán hàng - Kinh doanh / Xuất Nhập Khẩu / Marketing,2,3.6617294348120618e-06
Bán sỉ - Bán lẻ - Quản lý cửa hàng / Bán hàng - Kinh doanh / Thu mua - Kho Vận - Chuỗi cung ứng,2,3.6617294348120618e-06
Bán hàng - Kinh doanh / Bưu chính viễn thông,2,3.6617294348120618e-06
Bán hàng - Kinh doanh / Kế toán / Marketing,2,3.6617294348120618e-06
Sản xuất - Lắp ráp - Chế biến / Phân tích - Thống kê dữ liệu / Kế toán,2,3.6617294348120618e-06
Nông - Lâm - Ngư nghiệp / Lao động phổ thông / Nghề nghiệp khác,2,3.6617294348120618e-06
Sản xuất - Lắp ráp - Chế biến / Cơ khí - Ô tô - Tự động hóa / Khoa học - Kỹ thuật,2,3.6617294348120618e-06
Kế toán / Kiểm toán / Cơ khí - Ô tô - Tự động hóa,2,3.6617294348120618e-06
Kế toán / Khách sạn - Nhà hàng - Du lịch / Thực phẩm - Đồ uống,2,3.6617294348120618e-06
Thực phẩm - Đồ uống / Nghề nghiệp khác / Lao động phổ thông,2,3.6617294348120618e-06
Dược phẩm / Hóa học - Hóa sinh / Công nghệ thực phẩm - Dinh dưỡng,2,3.6617294348120618e-06
Vận hành - Bảo trì - Bảo dưỡng / Hành chính - Thư ký,2,3.6617294348120618e-06
Điện - Điện tử - Điện lạnh / Khai thác năng lượng - Khoáng sản - Địa chất / Cơ khí - Ô tô - Tự động hóa,2,3.6617294348120618e-06
Dệt may - Da giày - Thời trang / Lao động phổ thông / Thiết kế - Sáng tạo nghệ thuật,2,3.6617294348120618e-06
Thu mua - Kho Vận - Chuỗi cung ứng / Sản xuất - Lắp ráp - Chế biến / Vận hành - Bảo trì - Bảo dưỡng,2,3.6617294348120618e-06
Quản lý tiêu chuẩn và chất lượng / Xây dựng / Khoa học - Kỹ thuật,2,3.6617294348120618e-06
Hành chính - Thư ký / Chăm sóc khách hàng / Khoa học - Kỹ thuật,2,3.6617294348120618e-06
Luật - Pháp Lý - Tuân thủ / Bất động sản / Quản lý dự án,2,3.6617294348120618e-06
Hóa học - Hóa sinh / Bán hàng - Kinh doanh,2,3.6617294348120618e-06
Chăm sóc khách hàng / Hành chính - Thư ký / Xuất Nhập Khẩu,2,3.6617294348120618e-06
Bán hàng - Kinh doanh / Bất động sản / Xây dựng,2,3.6617294348120618e-06
Nông - Lâm - Ngư nghiệp / Khoa học - Kỹ thuật / Chăn nuôi - Thú y,2,3.6617294348120618e-06
Quản lý tiêu chuẩn và chất lượng / Hóa học - Hóa sinh / Sản xuất - Lắp ráp - Chế biến,2,3.6617294348120618e-06
Xây dựng / Kiến trúc - Thiết kế nội ngoại thất / Bán hàng - Kinh doanh,2,3.6617294348120618e-06
Bán hàng - Kinh doanh / Điện - Điện tử - Điện lạnh,2,3.6617294348120618e-06
IT Phần mềm / Thực tập sinh / IT Phần cứng - Mạng,2,3.6617294348120618e-06
Bán sỉ - Bán lẻ - Quản lý cửa hàng / Marketing,2,3.6617294348120618e-06
Nông - Lâm - Ngư nghiệp / Môi trường - Xử lý chất thải / Hóa học - Hóa sinh,2,3.6617294348120618e-06
Bất động sản / Chăm sóc khách hàng / Bán hàng - Kinh doanh,2,3.6617294348120618e-06
Quản lý dự án / Xây dựng / Tài chính - Đầu tư - Chứng Khoán,2,3.6617294348120618e-06
Kế toán / Kiểm toán / Y tế - Chăm sóc sức khỏe,2,3.6617294348120618e-06
Xuất Nhập Khẩu / Vận Tải - Lái xe - Giao nhận / Thu mua - Kho Vận - Chuỗi cung ứng,2,3.6617294348120618e-06
Ngân hàng / Chăm sóc khách hàng,2,3.6617294348120618e-06
Điện/Điện tử/Viễn thông,2,3.6617294348120618e-06
Thu mua - Kho Vận - Chuỗi cung ứng / Kế toán / Nghề nghiệp khác,2,3.6617294348120618e-06
IT Phần cứng - Mạng / Điện - Điện tử - Điện lạnh / Vận hành - Bảo trì - Bảo dưỡng,2,3.6617294348120618e-06
Dệt may - Da giày - Thời trang / Thu mua - Kho Vận - Chuỗi cung ứng / Quản lý tiêu chuẩn và chất lượng,2,3.6617294348120618e-06
Hành chính - Thư ký / Bán sỉ - Bán lẻ - Quản lý cửa hàng / Kế toán,2,3.6617294348120618e-06
Xây dựng / Môi trường - Xử lý chất thải / An toàn lao động,2,3.6617294348120618e-06
Backend Developer,2,3.6617294348120618e-06
Bán hàng - Kinh doanh / Marketing / Điện - Điện tử - Điện lạnh,2,3.6617294348120618e-06
Sản xuất - Lắp ráp - Chế biến / Vận hành - Bảo trì - Bảo dưỡng / Thực phẩm - Đồ uống,2,3.6617294348120618e-06
Khách sạn - Nhà hàng - Du lịch / Chăm sóc khách hàng / Bán sỉ - Bán lẻ - Quản lý cửa hàng,2,3.6617294348120618e-06
Thu mua - Kho Vận - Chuỗi cung ứng / Xây dựng / Hành chính - Thư ký,2,3.6617294348120618e-06
Marketing / Dược phẩm / Bán hàng - Kinh doanh,2,3.6617294348120618e-06
Hành chính - Thư ký / Chăm sóc khách hàng / Thu mua - Kho Vận - Chuỗi cung ứng,2,3.6617294348120618e-06
Xây dựng / Điện - Điện tử - Điện lạnh / An toàn lao động,2,3.6617294348120618e-06
Marketing / Thông tin - Truyền thông - Quảng cáo / Kiến trúc - Thiết kế nội ngoại thất,2,3.6617294348120618e-06
Điện - Điện tử - Điện lạnh / Sản xuất - Lắp ráp - Chế biến / Vận hành - Bảo trì - Bảo dưỡng,2,3.6617294348120618e-06
Hành chính - Thư ký / Tài chính - Đầu tư - Chứng Khoán / Kế toán,2,3.6617294348120618e-06
Chăm sóc khách hàng / Y tế - Chăm sóc sức khỏe,2,3.6617294348120618e-06
Hóa học - Hóa sinh / Nông - Lâm - Ngư nghiệp,2,3.6617294348120618e-06
Khách sạn - Nhà hàng - Du lịch / Thực phẩm - Đồ uống / Bán sỉ - Bán lẻ - Quản lý cửa hàng,2,3.6617294348120618e-06
Hành chính - Thư ký / Nhân sự / Bán sỉ - Bán lẻ - Quản lý cửa hàng,2,3.6617294348120618e-06
Kế toán / Tài chính - Đầu tư - Chứng Khoán / Bán hàng - Kinh doanh,2,3.6617294348120618e-06
Khách sạn - Nhà hàng - Du lịch / Bán hàng - Kinh doanh / Bán sỉ - Bán lẻ - Quản lý cửa hàng,2,3.6617294348120618e-06
Sản xuất - Lắp ráp - Chế biến / Lao động phổ thông / Dệt may - Da giày - Thời trang,2,3.6617294348120618e-06
Bán hàng - Kinh doanh / Chăm sóc khách hàng / Xuất bản - In ấn,2,3.6617294348120618e-06
IT Phần cứng - Mạng / IT Phần mềm / Điện - Điện tử - Điện lạnh,2,3.6617294348120618e-06
An ninh - Bảo vệ / Lao động phổ thông / Nghề nghiệp khác,2,3.6617294348120618e-06
Hành chính - Thư ký / Sản xuất - Lắp ráp - Chế biến / Dệt may - Da giày - Thời trang,2,3.6617294348120618e-06
Hành chính - Thư ký / Nhân sự / Y tế - Chăm sóc sức khỏe,2,3.6617294348120618e-06
Thu mua - Kho Vận - Chuỗi cung ứng / Quản lý tiêu chuẩn và chất lượng / Sản xuất - Lắp ráp - Chế biến,2,3.6617294348120618e-06
Vận hành - Bảo trì - Bảo dưỡng / Điện - Điện tử - Điện lạnh / Môi trường - Xử lý chất thải,2,3.6617294348120618e-06
Hành chính - Thư ký / Sản xuất - Lắp ráp - Chế biến / Kế toán,2,3.6617294348120618e-06
Vận hành - Bảo trì - Bảo dưỡng / Môi trường - Xử lý chất thải / Hóa học - Hóa sinh,2,3.6617294348120618e-06
Ngân hàng / Bán hàng - Kinh doanh / Bán sỉ - Bán lẻ - Quản lý cửa hàng,2,3.6617294348120618e-06
Sản xuất - Lắp ráp - Chế biến / Quản lý tiêu chuẩn và chất lượng / Công nghệ thực phẩm - Dinh dưỡng,2,3.6617294348120618e-06
CNTT- Phần mềm,2,3.6617294348120618e-06
Nông - Lâm - Ngư nghiệp / Bán hàng - Kinh doanh / Marketing,2,3.6617294348120618e-06
Hành chính - Thư ký / Marketing / Thông tin - Truyền thông - Quảng cáo,2,3.6617294348120618e-06
Kế toán / Xây dựng / Quản lý dự án,2,3.6617294348120618e-06
Bán sỉ - Bán lẻ - Quản lý cửa hàng / Lao động phổ thông / Bán hàng - Kinh doanh,2,3.6617294348120618e-06
Kiến trúc - Thiết kế nội ngoại thất / Khoa học - Kỹ thuật / Cơ khí - Ô tô - Tự động hóa,2,3.6617294348120618e-06
Tài chính - Đầu tư - Chứng Khoán / Bán hàng - Kinh doanh,2,3.6617294348120618e-06
Xây dựng / Lao động phổ thông / Vận hành - Bảo trì - Bảo dưỡng,2,3.6617294348120618e-06
Dược phẩm / Quản lý tiêu chuẩn và chất lượng,2,3.6617294348120618e-06
Xuất Nhập Khẩu / Thu mua - Kho Vận - Chuỗi cung ứng / Hành chính - Thư ký,2,3.6617294348120618e-06
Hóa học - Hóa sinh / Công nghệ thực phẩm - Dinh dưỡng,2,3.6617294348120618e-06
Kế toán / Y tế - Chăm sóc sức khỏe / Thu mua - Kho Vận - Chuỗi cung ứng,2,3.6617294348120618e-06
Kế toán / Kiểm toán / Dược phẩm,2,3.6617294348120618e-06
Quản lý tiêu chuẩn và chất lượng / Dệt may - Da giày - Thời trang,2,3.6617294348120618e-06
Hành chính - Thư ký / Xây dựng / Kế toán,2,3.6617294348120618e-06
Bán sỉ - Bán lẻ - Quản lý cửa hàng / Bán hàng - Kinh doanh / Kế toán,2,3.6617294348120618e-06
Sản xuất - Lắp ráp - Chế biến / Quản lý tiêu chuẩn và chất lượng / Lao động phổ thông,2,3.6617294348120618e-06
Bán hàng - Kinh doanh / Chăm sóc khách hàng / Điện - Điện tử - Điện lạnh,2,3.6617294348120618e-06
Khoa học - Kỹ thuật / Điện - Điện tử - Điện lạnh / Lao động phổ thông,2,3.6617294348120618e-06
Quản lý tiêu chuẩn và chất lượng / Điện - Điện tử - Điện lạnh / Khoa học - Kỹ thuật,2,3.6617294348120618e-06
Sản xuất - Lắp ráp - Chế biến / Lao động phổ thông / Cơ khí - Ô tô - Tự động hóa,2,3.6617294348120618e-06
Xuất Nhập Khẩu / Chăm sóc khách hàng,2,3.6617294348120618e-06
Thủ công mỹ nghệ,2,3.6617294348120618e-06
Tư vấn logistics / marketing / thương mại,2,3.6617294348120618e-06
Điện - Điện tử - Điện lạnh / Môi trường - Xử lý chất thải / Cơ khí - Ô tô - Tự động hóa,2,3.6617294348120618e-06
Hành chính - Thư ký / Kế toán / Sản xuất - Lắp ráp - Chế biến,2,3.6617294348120618e-06
Tài chính - Đầu tư - Chứng Khoán / Bảo hiểm / Ngân hàng,2,3.6617294348120618e-06
Bán hàng - Kinh doanh / Xây dựng / Điện - Điện tử - Điện lạnh,2,3.6617294348120618e-06
Cơ khí - Ô tô - Tự động hóa / Xây dựng,2,3.6617294348120618e-06
Lao động phổ thông / An ninh - Bảo vệ,2,3.6617294348120618e-06
Chăm sóc khách hàng / Khách sạn - Nhà hàng - Du lịch / Biên phiên dịch,2,3.6617294348120618e-06
Hành chính - Thư ký / Thu mua - Kho Vận - Chuỗi cung ứng / Chăm sóc khách hàng,2,3.6617294348120618e-06
Kế toán / Nhân sự / Bảo hiểm,2,3.6617294348120618e-06
Nhân sự / Thông tin - Truyền thông - Quảng cáo,2,3.6617294348120618e-06
Xây dựng / Khoa học - Kỹ thuật / Khai thác năng lượng - Khoáng sản - Địa chất,2,3.6617294348120618e-06
IT Phần cứng - Mạng / Bán hàng - Kinh doanh / Chăm sóc khách hàng,2,3.6617294348120618e-06
Thu mua - Kho Vận - Chuỗi cung ứng / Sản xuất - Lắp ráp - Chế biến / Kế toán,2,3.6617294348120618e-06
IT Phần cứng - Mạng / IT Phần mềm / Sản xuất - Lắp ráp - Chế biến,2,3.6617294348120618e-06
Data Scientist,2,3.6617294348120618e-06
Software Development Outsourcing,2,3.6617294348120618e-06
Marketing / Truyền thông / Quảng cáo,2,3.6617294348120618e-06
Luật - Pháp Lý - Tuân thủ / Xây dựng,2,3.6617294348120618e-06
Quản lý tiêu chuẩn và chất lượng / Hành chính - Thư ký / Chăm sóc khách hàng,2,3.6617294348120618e-06
Môi trường - Xử lý chất thải / An toàn lao động,2,3.6617294348120618e-06
Hành chính - Thư ký / Nhân sự / Thực tập sinh,2,3.6617294348120618e-06
Sản xuất - Lắp ráp - Chế biến / Điện - Điện tử - Điện lạnh / Lao động phổ thông,2,3.6617294348120618e-06
Bán sỉ - Bán lẻ - Quản lý cửa hàng / Bán hàng - Kinh doanh / Kiến trúc - Thiết kế nội ngoại thất,2,3.6617294348120618e-06
Bán hàng - Kinh doanh / Bán sỉ - Bán lẻ - Quản lý cửa hàng / Xuất bản - In ấn,2,3.6617294348120618e-06
Bán sỉ - Bán lẻ - Quản lý cửa hàng / Bán hàng - Kinh doanh / Xuất bản - In ấn,2,3.6617294348120618e-06
Hành chính - Thư ký / Luật - Pháp Lý - Tuân thủ / Quản lý dự án,2,3.6617294348120618e-06
Kế toán / Hành chính - Thư ký / Thu mua - Kho Vận - Chuỗi cung ứng,2,3.6617294348120618e-06
Thu mua - Kho Vận - Chuỗi cung ứng / Lao động phổ thông / Nghề nghiệp khác,2,3.6617294348120618e-06
Vận hành - Bảo trì - Bảo dưỡng / Môi trường - Xử lý chất thải / Cơ khí - Ô tô - Tự động hóa,2,3.6617294348120618e-06
Thu mua - Kho Vận - Chuỗi cung ứng / Chăm sóc khách hàng / Bán hàng - Kinh doanh,2,3.6617294348120618e-06
Kế toán / Hành chính - Thư ký / Bán hàng - Kinh doanh,2,3.6617294348120618e-06
Nhân sự / Kế toán,2,3.6617294348120618e-06
Xây dựng / Quản lý dự án / Điện - Điện tử - Điện lạnh,2,3.6617294348120618e-06
Sản xuất - Lắp ráp - Chế biến / Cơ khí - Ô tô - Tự động hóa / Thu mua - Kho Vận - Chuỗi cung ứng,2,3.6617294348120618e-06
Cơ khí - Ô tô - Tự động hóa / Lao động phổ thông,2,3.6617294348120618e-06
Kế toán / Vận Tải - Lái xe - Giao nhận,2,3.6617294348120618e-06
Sản xuất - Lắp ráp - Chế biến / Biên phiên dịch,2,3.6617294348120618e-06
Khoa học - Kỹ thuật / Bưu chính viễn thông,2,3.6617294348120618e-06
Thực tập sinh / Bán hàng - Kinh doanh,2,3.6617294348120618e-06
Ngân hàng / Bán hàng - Kinh doanh / Chăm sóc khách hàng,2,3.6617294348120618e-06
Xây dựng / Kiến trúc - Thiết kế nội ngoại thất / Vận hành - Bảo trì - Bảo dưỡng,2,3.6617294348120618e-06
Xuất Nhập Khẩu / Chăm sóc khách hàng / Marketing,2,3.6617294348120618e-06
Lao động phổ thông / Thực tập sinh / Khách sạn - Nhà hàng - Du lịch,2,3.6617294348120618e-06
Xây dựng / Quản lý tiêu chuẩn và chất lượng / Kiến trúc - Thiết kế nội ngoại thất,2,3.6617294348120618e-06
Quản lý tiêu chuẩn và chất lượng / Luật - Pháp Lý - Tuân thủ,2,3.6617294348120618e-06
Hành chính - Thư ký / Sản xuất - Lắp ráp - Chế biến / Nhân sự,2,3.6617294348120618e-06
An toàn lao động / Môi trường - Xử lý chất thải,2,3.6617294348120618e-06
Quản lý tiêu chuẩn và chất lượng / Công nghệ thực phẩm - Dinh dưỡng / Hóa học - Hóa sinh,2,3.6617294348120618e-06
Thực tập sinh / Bán hàng - Kinh doanh / Chăm sóc khách hàng,2,3.6617294348120618e-06
Marketing / Bán hàng - Kinh doanh / Điện - Điện tử - Điện lạnh,2,3.6617294348120618e-06
Công nghệ thực phẩm - Dinh dưỡng / Hóa học - Hóa sinh / Quản lý tiêu chuẩn và chất lượng,2,3.6617294348120618e-06
Khách sạn - Nhà hàng - Du lịch / Bán sỉ - Bán lẻ - Quản lý cửa hàng / Lao động phổ thông,2,3.6617294348120618e-06
Kế toán / Ngân hàng / Tài chính - Đầu tư - Chứng Khoán,2,3.6617294348120618e-06
IT Phần mềm / Bán hàng - Kinh doanh / Chăm sóc khách hàng,2,3.6617294348120618e-06
Thu mua - Kho Vận - Chuỗi cung ứng / Chăm sóc khách hàng,2,3.6617294348120618e-06
Marketing / Bán hàng - Kinh doanh / Xuất Nhập Khẩu,2,3.6617294348120618e-06
Khách sạn - Nhà hàng - Du lịch / Nhân sự / Hành chính - Thư ký,2,3.6617294348120618e-06
Điện - Điện tử - Điện lạnh / Khoa học - Kỹ thuật / Quản lý dự án,2,3.6617294348120618e-06
Quản lý tiêu chuẩn và chất lượng / Chăm sóc khách hàng / Bán hàng - Kinh doanh,2,3.6617294348120618e-06
Bán hàng - Kinh doanh / Chăm sóc khách hàng / Nghề nghiệp khác,2,3.6617294348120618e-06
Lao động phổ thông / Xuất bản - In ấn / Sản xuất - Lắp ráp - Chế biến,2,3.6617294348120618e-06
Hàng không,2,3.6617294348120618e-06
Vận hành - Bảo trì - Bảo dưỡng / Cơ khí - Ô tô - Tự động hóa / Vận Tải - Lái xe - Giao nhận,2,3.6617294348120618e-06
Kế toán / Dệt may - Da giày - Thời trang,2,3.6617294348120618e-06
Sản xuất - Lắp ráp - Chế biến / Xuất bản - In ấn,2,3.6617294348120618e-06
Dịch vụ,2,3.6617294348120618e-06
Thu mua - Kho Vận - Chuỗi cung ứng / Lao động phổ thông / Kế toán,2,3.6617294348120618e-06
Chăm sóc khách hàng / Hành chính - Thư ký / Ngân hàng,2,3.6617294348120618e-06
Hành chính - Thư ký / Kế toán / Luật - Pháp Lý - Tuân thủ,2,3.6617294348120618e-06
Bán hàng - Kinh doanh / Marketing / Quản lý dự án,2,3.6617294348120618e-06
Kiến trúc - Thiết kế nội ngoại thất / Xây dựng / Lao động phổ thông,2,3.6617294348120618e-06
Tài chính - Đầu tư - Chứng Khoán / Chăm sóc khách hàng / Ngân hàng,2,3.6617294348120618e-06
Hành chính - Thư ký / Biên phiên dịch / Bán hàng - Kinh doanh,2,3.6617294348120618e-06
Bán hàng - Kinh doanh / Tài chính - Đầu tư - Chứng Khoán / Bất động sản,2,3.6617294348120618e-06
Y tế - Chăm sóc sức khỏe / Dược phẩm / Bán hàng - Kinh doanh,2,3.6617294348120618e-06
Bán sỉ - Bán lẻ - Quản lý cửa hàng / Thu mua - Kho Vận - Chuỗi cung ứng / Xuất Nhập Khẩu,2,3.6617294348120618e-06
Lao động phổ thông / Sản xuất - Lắp ráp - Chế biến / Vận hành - Bảo trì - Bảo dưỡng,2,3.6617294348120618e-06
Khách sạn - Nhà hàng - Du lịch / Công nghệ thực phẩm - Dinh dưỡng / Thực phẩm - Đồ uống,2,3.6617294348120618e-06
Nhân sự / Hành chính - Thư ký / Giáo dục - Đào tạo,2,3.6617294348120618e-06
Thu mua - Kho Vận - Chuỗi cung ứng / Xây dựng / Kiến trúc - Thiết kế nội ngoại thất,2,3.6617294348120618e-06
Hành chính - Thư ký / Bán hàng - Kinh doanh / Thu mua - Kho Vận - Chuỗi cung ứng,2,3.6617294348120618e-06
Chăm sóc khách hàng / Nghề nghiệp khác / Bưu chính viễn thông,2,3.6617294348120618e-06
Nông - Lâm - Ngư nghiệp / Bán hàng - Kinh doanh / Chăn nuôi - Thú y,2,3.6617294348120618e-06
Hành chính - Thư ký / Chăm sóc khách hàng / Khách sạn - Nhà hàng - Du lịch,2,3.6617294348120618e-06
Bán sỉ - Bán lẻ - Quản lý cửa hàng / Chăm sóc khách hàng / Lao động phổ thông,2,3.6617294348120618e-06
Tài chính - Đầu tư - Chứng Khoán / Bảo hiểm / Bất động sản,2,3.6617294348120618e-06
Kế toán / Chăm sóc khách hàng / Bán hàng - Kinh doanh,2,3.6617294348120618e-06
Hành chính - Thư ký / Quản lý dự án / Nhân sự,2,3.6617294348120618e-06
Quản lý tiêu chuẩn và chất lượng / Nông - Lâm - Ngư nghiệp / Hóa học - Hóa sinh,2,3.6617294348120618e-06
Điện - Điện tử - Điện lạnh / IT Phần cứng - Mạng,2,3.6617294348120618e-06
Dược phẩm / Hóa học - Hóa sinh / Sản xuất - Lắp ráp - Chế biến,2,3.6617294348120618e-06
Thu mua - Kho Vận - Chuỗi cung ứng / Vận Tải - Lái xe - Giao nhận / Thực phẩm - Đồ uống,2,3.6617294348120618e-06
Bán hàng - Kinh doanh / Xây dựng / Kiến trúc - Thiết kế nội ngoại thất,2,3.6617294348120618e-06
Thu mua - Kho Vận - Chuỗi cung ứng / Xuất Nhập Khẩu / Dược phẩm,2,3.6617294348120618e-06
IT Phần cứng - Mạng / IT Phần mềm / Phân tích - Thống kê dữ liệu,2,3.6617294348120618e-06
Xuất bản - In ấn / Thông tin - Truyền thông - Quảng cáo / Lao động phổ thông,2,3.6617294348120618e-06
Thu mua - Kho Vận - Chuỗi cung ứng / Xuất Nhập Khẩu / Điện - Điện tử - Điện lạnh,2,3.6617294348120618e-06
IT Phần cứng - Mạng / Vận hành - Bảo trì - Bảo dưỡng,2,3.6617294348120618e-06
Nhân sự / Quản lý dự án,2,3.6617294348120618e-06
Hành chính - Thư ký / Biên phiên dịch / Nhân sự,2,3.6617294348120618e-06
Kế toán / Ngân hàng,2,3.6617294348120618e-06
Xây dựng / Cơ khí - Ô tô - Tự động hóa / Kiến trúc - Thiết kế nội ngoại thất,2,3.6617294348120618e-06
Sản xuất - Lắp ráp - Chế biến / Dệt may - Da giày - Thời trang,2,3.6617294348120618e-06
Dược phẩm / Y tế - Chăm sóc sức khỏe / Bán hàng - Kinh doanh,2,3.6617294348120618e-06
Nhân sự / Giáo dục - Đào tạo / Hành chính - Thư ký,2,3.6617294348120618e-06
Kế toán / Thực tập sinh / Kiểm toán,2,3.6617294348120618e-06
Dệt may - Da giày - Thời trang / Thiết kế - Sáng tạo nghệ thuật,2,3.6617294348120618e-06
Kiến trúc - Thiết kế nội ngoại thất / Bán hàng - Kinh doanh / Bán sỉ - Bán lẻ - Quản lý cửa hàng,2,3.6617294348120618e-06
Xuất Nhập Khẩu / Hành chính - Thư ký / Thu mua - Kho Vận - Chuỗi cung ứng,2,3.6617294348120618e-06
Bán hàng - Kinh doanh / Lao động phổ thông / Khách sạn - Nhà hàng - Du lịch,2,3.6617294348120618e-06
Luật - Pháp Lý - Tuân thủ / Hành chính - Thư ký / Biên phiên dịch,2,3.6617294348120618e-06
Khoa học - Kỹ thuật / Dệt may - Da giày - Thời trang / Biên phiên dịch,2,3.6617294348120618e-06
Sản xuất - Lắp ráp - Chế biến / Khoa học - Kỹ thuật / Vận hành - Bảo trì - Bảo dưỡng,2,3.6617294348120618e-06
Banking,2,3.6617294348120618e-06
Cơ khí - Ô tô - Tự động hóa / Sản xuất - Lắp ráp - Chế biến / Điện - Điện tử - Điện lạnh,2,3.6617294348120618e-06
Bán hàng - Kinh doanh / Bán sỉ - Bán lẻ - Quản lý cửa hàng / Vận Tải - Lái xe - Giao nhận,2,3.6617294348120618e-06
Bất động sản / Xây dựng,2,3.6617294348120618e-06
Công nghệ thực phẩm - Dinh dưỡng / Thực phẩm - Đồ uống / Quản lý tiêu chuẩn và chất lượng,2,3.6617294348120618e-06
Điện - Điện tử - Điện lạnh / Xây dựng / Quản lý dự án,2,3.6617294348120618e-06
Vận hành - Bảo trì - Bảo dưỡng / Lao động phổ thông / Điện - Điện tử - Điện lạnh,2,3.6617294348120618e-06
Biên phiên dịch / Hành chính - Thư ký / Nhân sự,2,3.6617294348120618e-06
Sản xuất - Lắp ráp - Chế biến / Thu mua - Kho Vận - Chuỗi cung ứng / Quản lý tiêu chuẩn và chất lượng,2,3.6617294348120618e-06
Bán hàng - Kinh doanh / Xây dựng / Chăm sóc khách hàng,2,3.6617294348120618e-06
Bán hàng - Kinh doanh / Khách sạn - Nhà hàng - Du lịch / Tài chính - Đầu tư - Chứng Khoán,2,3.6617294348120618e-06
Khách sạn - Nhà hàng - Du lịch / Hành chính - Thư ký / Kế toán,2,3.6617294348120618e-06
Khách sạn - Nhà hàng - Du lịch / Hành chính - Thư ký / Chăm sóc khách hàng,2,3.6617294348120618e-06
An toàn lao động / Điện - Điện tử - Điện lạnh / Cơ khí - Ô tô - Tự động hóa,2,3.6617294348120618e-06
Marketing / Thông tin - Truyền thông - Quảng cáo / Thực phẩm - Đồ uống,2,3.6617294348120618e-06
Thu mua - Kho Vận - Chuỗi cung ứng / Bán sỉ - Bán lẻ - Quản lý cửa hàng / Bán hàng - Kinh doanh,2,3.6617294348120618e-06
Chăm sóc khách hàng / Bán hàng - Kinh doanh / Biên phiên dịch,2,3.6617294348120618e-06
Thông tin - Truyền thông - Quảng cáo / Chăm sóc khách hàng / Tài chính - Đầu tư - Chứng Khoán,2,3.6617294348120618e-06
Xây dựng / Điện - Điện tử - Điện lạnh / Thiết kế - Sáng tạo nghệ thuật,2,3.6617294348120618e-06
Chăm sóc khách hàng / Bán sỉ - Bán lẻ - Quản lý cửa hàng / Bán hàng - Kinh doanh,2,3.6617294348120618e-06
Kế toán / Kiểm toán / Thực phẩm - Đồ uống,2,3.6617294348120618e-06
Xây dựng / Bất động sản / Khoa học - Kỹ thuật,2,3.6617294348120618e-06
Dệt may - Da giày - Thời trang / Lao động phổ thông / Sản xuất - Lắp ráp - Chế biến,2,3.6617294348120618e-06
Nhân sự / Thực tập sinh / Ngân hàng,2,3.6617294348120618e-06
Bán hàng - Kinh doanh / Dược phẩm,2,3.6617294348120618e-06
Sản xuất - Lắp ráp - Chế biến / Kế toán,2,3.6617294348120618e-06
Xuất Nhập Khẩu / Hành chính - Thư ký / Bán hàng - Kinh doanh,2,3.6617294348120618e-06
Bán hàng - Kinh doanh / Nghề nghiệp khác / Chăm sóc khách hàng,2,3.6617294348120618e-06
Kiến trúc - Thiết kế nội ngoại thất / Cơ khí - Ô tô - Tự động hóa / Xây dựng,2,3.6617294348120618e-06
Chăm sóc khách hàng / Hành chính - Thư ký / Nghề nghiệp khác,2,3.6617294348120618e-06
Bán hàng - Kinh doanh / Ngân hàng,2,3.6617294348120618e-06
Thông tin - Truyền thông - Quảng cáo / Chăm sóc khách hàng,2,3.6617294348120618e-06
Bán hàng - Kinh doanh / Dệt may - Da giày - Thời trang / Bán sỉ - Bán lẻ - Quản lý cửa hàng,2,3.6617294348120618e-06
Bán hàng - Kinh doanh / Bất động sản / Quản lý dự án,2,3.6617294348120618e-06
Thu mua - Kho Vận - Chuỗi cung ứng / Vận Tải - Lái xe - Giao nhận / Chăm sóc khách hàng,2,3.6617294348120618e-06
Nông - Lâm - Ngư nghiệp / Công nghệ thực phẩm - Dinh dưỡng / Môi trường - Xử lý chất thải,2,3.6617294348120618e-06
Marketing / Bán hàng - Kinh doanh / Khoa học - Kỹ thuật,2,3.6617294348120618e-06
An ninh - Bảo vệ / Nghề nghiệp khác,2,3.6617294348120618e-06
Luật - Pháp Lý - Tuân thủ / Xây dựng / Kiến trúc - Thiết kế nội ngoại thất,2,3.6617294348120618e-06
Sinh viên làm thêm,2,3.6617294348120618e-06
An ninh - Bảo vệ / Lao động phổ thông / Vận Tải - Lái xe - Giao nhận,2,3.6617294348120618e-06
Xây dựng / Lao động phổ thông,2,3.6617294348120618e-06
Điện - Điện tử - Điện lạnh / Xây dựng / Cơ khí - Ô tô - Tự động hóa,2,3.6617294348120618e-06
Quản lý tiêu chuẩn và chất lượng / Hóa học - Hóa sinh / Công nghệ thực phẩm - Dinh dưỡng,2,3.6617294348120618e-06
Marketing / Chăm sóc khách hàng,2,3.6617294348120618e-06
Nhà hàng khách sạn / Du lịch,2,3.6617294348120618e-06
Cơ khí - Ô tô - Tự động hóa / Lao động phổ thông / Sản xuất - Lắp ráp - Chế biến,2,3.6617294348120618e-06
Khách sạn - Nhà hàng - Du lịch / Vận hành - Bảo trì - Bảo dưỡng / Khoa học - Kỹ thuật,2,3.6617294348120618e-06
Hành chính - Thư ký / Chăm sóc khách hàng / Biên phiên dịch,2,3.6617294348120618e-06
Khoa học - Kỹ thuật / IT Phần cứng - Mạng,1,1.8308647174060309e-06
Biên phiên dịch / Xây dựng,1,1.8308647174060309e-06
Hành chính - Thư ký / Xây dựng / Điện - Điện tử - Điện lạnh,1,1.8308647174060309e-06
Khoa học - Kỹ thuật / Khai thác năng lượng - Khoáng sản - Địa chất / Xây dựng,1,1.8308647174060309e-06
Bán hàng - Kinh doanh / Quản lý dự án / Bán sỉ - Bán lẻ - Quản lý cửa hàng,1,1.8308647174060309e-06
Nghệ thuật - Điện ảnh,1,1.8308647174060309e-06
Chăm sóc khách hàng / Khách sạn - Nhà hàng - Du lịch / Thông tin - Truyền thông - Quảng cáo,1,1.8308647174060309e-06
Khoa học - Kỹ thuật / Xuất Nhập Khẩu,1,1.8308647174060309e-06
IT Phần cứng - Mạng / IT Phần mềm / Quản lý dự án,1,1.8308647174060309e-06
Bán sỉ - Bán lẻ - Quản lý cửa hàng / Bán hàng - Kinh doanh / Môi trường - Xử lý chất thải,1,1.8308647174060309e-06
Thực phẩm - Đồ uống / Công nghệ thực phẩm - Dinh dưỡng / Sản xuất - Lắp ráp - Chế biến,1,1.8308647174060309e-06
Quản lý tiêu chuẩn và chất lượng / Dệt may - Da giày - Thời trang / Thiết kế - Sáng tạo nghệ thuật,1,1.8308647174060309e-06
Cơ khí - Ô tô - Tự động hóa / Điện - Điện tử - Điện lạnh / Thực tập sinh,1,1.8308647174060309e-06
Kiểm toán / Quản lý dự án / Xây dựng,1,1.8308647174060309e-06
An ninh - Bảo vệ / Xây dựng / Lao động phổ thông,1,1.8308647174060309e-06
Thu mua - Kho Vận - Chuỗi cung ứng / Cơ khí - Ô tô - Tự động hóa / Sản xuất - Lắp ráp - Chế biến,1,1.8308647174060309e-06
Kiến trúc - Thiết kế nội ngoại thất / Xây dựng / Nghề nghiệp khác,1,1.8308647174060309e-06
Dầu khí / Lao động phổ thông / Bán hàng - Kinh doanh,1,1.8308647174060309e-06
Bán hàng - Kinh doanh / Bán sỉ - Bán lẻ - Quản lý cửa hàng / IT Phần cứng - Mạng,1,1.8308647174060309e-06
Bất động sản / Xây dựng / Quản lý dự án,1,1.8308647174060309e-06
Quản lý tiêu chuẩn và chất lượng / Cơ khí - Ô tô - Tự động hóa / Xuất bản - In ấn,1,1.8308647174060309e-06
Dệt may / Da giày / Thời trang,1,1.8308647174060309e-06
Bán hàng - Kinh doanh / Quản lý dự án / Chăm sóc khách hàng,1,1.8308647174060309e-06
Chăm sóc khách hàng / Giáo dục - Đào tạo / Nghề nghiệp khác,1,1.8308647174060309e-06
Khách sạn - Nhà hàng - Du lịch / Nghề nghiệp khác / Bán sỉ - Bán lẻ - Quản lý cửa hàng,1,1.8308647174060309e-06
Quản lý tiêu chuẩn và chất lượng / Môi trường - Xử lý chất thải / Thực phẩm - Đồ uống,1,1.8308647174060309e-06
Điện - Điện tử - Điện lạnh / Môi trường - Xử lý chất thải / Xây dựng,1,1.8308647174060309e-06
Xuất Nhập Khẩu / Luật - Pháp Lý - Tuân thủ,1,1.8308647174060309e-06
Hành chính - Thư ký / Kế toán / Xuất bản - In ấn,1,1.8308647174060309e-06
Vận hành - Bảo trì - Bảo dưỡng / Môi trường - Xử lý chất thải / Vận Tải - Lái xe - Giao nhận,1,1.8308647174060309e-06
Vận Tải - Lái xe - Giao nhận / Vận hành - Bảo trì - Bảo dưỡng / Lao động phổ thông,1,1.8308647174060309e-06
Chăm sóc khách hàng / Bất động sản,1,1.8308647174060309e-06
Hành chính - Thư ký / Sản xuất - Lắp ráp - Chế biến / Phân tích - Thống kê dữ liệu,1,1.8308647174060309e-06
Dệt may - Da giày - Thời trang / Thu mua - Kho Vận - Chuỗi cung ứng / Lao động phổ thông,1,1.8308647174060309e-06
Kế toán / Công nghệ thực phẩm - Dinh dưỡng / Bán sỉ - Bán lẻ - Quản lý cửa hàng,1,1.8308647174060309e-06
Vận hành - Bảo trì - Bảo dưỡng / Bán hàng - Kinh doanh / Chăm sóc khách hàng,1,1.8308647174060309e-06
Bưu chính viễn thông / Điện - Điện tử - Điện lạnh / Xây dựng,1,1.8308647174060309e-06
Y tế - Chăm sóc sức khỏe / Hóa học - Hóa sinh,1,1.8308647174060309e-06
Marketing / Tài chính - Đầu tư - Chứng Khoán / Ngân hàng,1,1.8308647174060309e-06
Khách sạn - Nhà hàng - Du lịch / Thu mua - Kho Vận - Chuỗi cung ứng / Chăm sóc khách hàng,1,1.8308647174060309e-06
Thực phẩm - Đồ uống / Khách sạn - Nhà hàng - Du lịch / Lao động phổ thông,1,1.8308647174060309e-06
Bất động sản / Bán hàng - Kinh doanh / Bán sỉ - Bán lẻ - Quản lý cửa hàng,1,1.8308647174060309e-06
Thu mua - Kho Vận - Chuỗi cung ứng / Quản lý tiêu chuẩn và chất lượng / Vận Tải - Lái xe - Giao nhận,1,1.8308647174060309e-06
Bán hàng - Kinh doanh / Dệt may - Da giày - Thời trang / Chăm sóc khách hàng,1,1.8308647174060309e-06
An ninh - Bảo vệ / IT Phần cứng - Mạng / Điện - Điện tử - Điện lạnh,1,1.8308647174060309e-06
Vận hành - Bảo trì - Bảo dưỡng / Sản xuất - Lắp ráp - Chế biến / Điện - Điện tử - Điện lạnh,1,1.8308647174060309e-06
Dược phẩm / Hóa học - Hóa sinh / Nông - Lâm - Ngư nghiệp,1,1.8308647174060309e-06
Bán hàng - Kinh doanh / Lao động phổ thông / Thực phẩm - Đồ uống,1,1.8308647174060309e-06
Vận hành - Bảo trì - Bảo dưỡng / Giáo dục - Đào tạo,1,1.8308647174060309e-06
Sản xuất - Lắp ráp - Chế biến / Xuất Nhập Khẩu / Khoa học - Kỹ thuật,1,1.8308647174060309e-06
Xây dựng / Thu mua - Kho Vận - Chuỗi cung ứng,1,1.8308647174060309e-06
Bán hàng - Kinh doanh / Sản xuất - Lắp ráp - Chế biến / Dệt may - Da giày - Thời trang,1,1.8308647174060309e-06
Bán hàng - Kinh doanh / Xuất Nhập Khẩu / Thực phẩm - Đồ uống,1,1.8308647174060309e-06
Xuất Nhập Khẩu / Thu mua - Kho Vận - Chuỗi cung ứng / Ngân hàng,1,1.8308647174060309e-06
Nông - Lâm - Ngư nghiệp / Chăm sóc khách hàng / Hành chính - Thư ký,1,1.8308647174060309e-06
Kiến trúc - Thiết kế nội ngoại thất / Cơ khí - Ô tô - Tự động hóa / Vận hành - Bảo trì - Bảo dưỡng,1,1.8308647174060309e-06
Sản xuất - Lắp ráp - Chế biến / Kế toán / Xây dựng,1,1.8308647174060309e-06
Thu mua - Kho Vận - Chuỗi cung ứng / Điện - Điện tử - Điện lạnh / Vận Tải - Lái xe - Giao nhận,1,1.8308647174060309e-06
Khoa học - Kỹ thuật / Môi trường - Xử lý chất thải / Vận hành - Bảo trì - Bảo dưỡng,1,1.8308647174060309e-06
Lao động phổ thông / Nghề nghiệp khác / Vận Tải - Lái xe - Giao nhận,1,1.8308647174060309e-06
Thu mua - Kho Vận - Chuỗi cung ứng / Biên phiên dịch / Hành chính - Thư ký,1,1.8308647174060309e-06
Chăm sóc khách hàng / Dược phẩm / Bán hàng - Kinh doanh,1,1.8308647174060309e-06
Bán hàng - Kinh doanh / Tài chính - Đầu tư - Chứng Khoán / Lao động phổ thông,1,1.8308647174060309e-06
Khách sạn - Nhà hàng - Du lịch / Công nghệ thực phẩm - Dinh dưỡng / Giáo dục - Đào tạo,1,1.8308647174060309e-06
Bảo hiểm / Giáo dục - Đào tạo / Quản lý dự án,1,1.8308647174060309e-06
Vận hành - Bảo trì - Bảo dưỡng / Thực phẩm - Đồ uống / Sản xuất - Lắp ráp - Chế biến,1,1.8308647174060309e-06
Cơ khí - Ô tô - Tự động hóa / Lao động phổ thông / Vận Tải - Lái xe - Giao nhận,1,1.8308647174060309e-06
Khách sạn - Nhà hàng - Du lịch / Marketing / Thông tin - Truyền thông - Quảng cáo,1,1.8308647174060309e-06
Thu mua - Kho Vận - Chuỗi cung ứng / Tài chính - Đầu tư - Chứng Khoán / Biên phiên dịch,1,1.8308647174060309e-06
Thu mua - Kho Vận - Chuỗi cung ứng / Vận Tải - Lái xe - Giao nhận / Y tế - Chăm sóc sức khỏe,1,1.8308647174060309e-06
IT Phần mềm / Bán hàng - Kinh doanh / Giáo dục - Đào tạo,1,1.8308647174060309e-06
Thiết kế - Sáng tạo nghệ thuật / Xây dựng / Kế toán,1,1.8308647174060309e-06
Lao động phổ thông / Xây dựng / Cơ khí - Ô tô - Tự động hóa,1,1.8308647174060309e-06
Hành chính - Thư ký / Chăm sóc khách hàng / Quản lý dự án,1,1.8308647174060309e-06
Nhân sự / Chăm sóc khách hàng / Bán hàng - Kinh doanh,1,1.8308647174060309e-06
Chăm sóc khách hàng / Bán hàng - Kinh doanh / Nghề nghiệp khác,1,1.8308647174060309e-06
Kiến trúc - Thiết kế nội ngoại thất / Khoa học - Kỹ thuật,1,1.8308647174060309e-06
Kế toán / Thu mua - Kho Vận - Chuỗi cung ứng / Xây dựng,1,1.8308647174060309e-06
Khách sạn - Nhà hàng - Du lịch / Thực tập sinh / Giáo dục - Đào tạo,1,1.8308647174060309e-06
Kế toán / Cơ khí - Ô tô - Tự động hóa / Kiểm toán,1,1.8308647174060309e-06
Hành chính - Thư ký / Nhân sự / Giáo dục - Đào tạo,1,1.8308647174060309e-06
Quản lý dự án / Bất động sản / Xây dựng,1,1.8308647174060309e-06
Dệt may - Da giày - Thời trang / Hành chính - Thư ký / Thiết kế - Sáng tạo nghệ thuật,1,1.8308647174060309e-06
Xây dựng / Luật - Pháp Lý - Tuân thủ / Quản lý dự án,1,1.8308647174060309e-06
Lao động phổ thông / Thu mua - Kho Vận - Chuỗi cung ứng / Vận hành - Bảo trì - Bảo dưỡng,1,1.8308647174060309e-06
Điện - Điện tử - Điện lạnh / Cơ khí - Ô tô - Tự động hóa / Thiết kế - Sáng tạo nghệ thuật,1,1.8308647174060309e-06
Lao động phổ thông / Dược phẩm,1,1.8308647174060309e-06
Thu mua - Kho Vận - Chuỗi cung ứng / Bán sỉ - Bán lẻ - Quản lý cửa hàng / Xuất Nhập Khẩu,1,1.8308647174060309e-06
Xây dựng / Kiến trúc - Thiết kế nội ngoại thất / Sản xuất - Lắp ráp - Chế biến,1,1.8308647174060309e-06
Bán hàng - Kinh doanh / Bán sỉ - Bán lẻ - Quản lý cửa hàng / Biên phiên dịch,1,1.8308647174060309e-06
Bán hàng - Kinh doanh / Hành chính - Thư ký / Biên phiên dịch,1,1.8308647174060309e-06
Thu mua - Kho Vận - Chuỗi cung ứng / Lao động phổ thông / Bán hàng - Kinh doanh,1,1.8308647174060309e-06
Xây dựng / Môi trường - Xử lý chất thải / Kiến trúc - Thiết kế nội ngoại thất,1,1.8308647174060309e-06
Bán hàng - Kinh doanh / Biên phiên dịch / Dệt may - Da giày - Thời trang,1,1.8308647174060309e-06
Biên phiên dịch / Bán hàng - Kinh doanh / Hành chính - Thư ký,1,1.8308647174060309e-06
IT Phần cứng - Mạng / Sản xuất - Lắp ráp - Chế biến / Khoa học - Kỹ thuật,1,1.8308647174060309e-06
Khoa học - Kỹ thuật / Bưu chính viễn thông / Điện - Điện tử - Điện lạnh,1,1.8308647174060309e-06
Vận hành - Bảo trì - Bảo dưỡng / Vận Tải - Lái xe - Giao nhận / Giáo dục - Đào tạo,1,1.8308647174060309e-06
Kiến trúc - Thiết kế nội ngoại thất / Sản xuất - Lắp ráp - Chế biến / Bán hàng - Kinh doanh,1,1.8308647174060309e-06
Khoa học - Kỹ thuật / Thiết kế - Sáng tạo nghệ thuật / Dệt may - Da giày - Thời trang,1,1.8308647174060309e-06
Xây dựng / Quản lý dự án / Nông - Lâm - Ngư nghiệp,1,1.8308647174060309e-06
Khoa học - Kỹ thuật / Xây dựng / Cơ khí - Ô tô - Tự động hóa,1,1.8308647174060309e-06
Luật - Pháp Lý - Tuân thủ / Bán hàng - Kinh doanh,1,1.8308647174060309e-06
Khách sạn - Nhà hàng - Du lịch / Bất động sản / Chăm sóc khách hàng,1,1.8308647174060309e-06
Marketing / Bán hàng - Kinh doanh / Bất động sản,1,1.8308647174060309e-06
Quản lý tiêu chuẩn và chất lượng / Luật - Pháp Lý - Tuân thủ / Hành chính - Thư ký,1,1.8308647174060309e-06
Marketing / Khách sạn - Nhà hàng - Du lịch / Bán hàng - Kinh doanh,1,1.8308647174060309e-06
Bán hàng - Kinh doanh / Xuất Nhập Khẩu / Sản xuất - Lắp ráp - Chế biến,1,1.8308647174060309e-06
Bán hàng - Kinh doanh / Bán sỉ - Bán lẻ - Quản lý cửa hàng / Dược phẩm,1,1.8308647174060309e-06
Thu mua - Kho Vận - Chuỗi cung ứng / Dệt may - Da giày - Thời trang / Bán hàng - Kinh doanh,1,1.8308647174060309e-06
Khách sạn - Nhà hàng - Du lịch / Chăm sóc khách hàng / Bất động sản,1,1.8308647174060309e-06
Bán hàng - Kinh doanh / Quản lý dự án / Thu mua - Kho Vận - Chuỗi cung ứng,1,1.8308647174060309e-06
Kế toán / Xây dựng / Quản lý tiêu chuẩn và chất lượng,1,1.8308647174060309e-06
Bán hàng - Kinh doanh / Chăm sóc khách hàng / Chăn nuôi - Thú y,1,1.8308647174060309e-06
Nông - Lâm - Ngư nghiệp / Bán hàng - Kinh doanh / Bán sỉ - Bán lẻ - Quản lý cửa hàng,1,1.8308647174060309e-06
Xuất Nhập Khẩu / Chăm sóc khách hàng / Thực tập sinh,1,1.8308647174060309e-06
Bán sỉ - Bán lẻ - Quản lý cửa hàng / Bán hàng - Kinh doanh / Điện - Điện tử - Điện lạnh,1,1.8308647174060309e-06
Thu mua - Kho Vận - Chuỗi cung ứng / Quản lý tiêu chuẩn và chất lượng / Thực phẩm - Đồ uống,1,1.8308647174060309e-06
Hành chính - Thư ký / Vận Tải - Lái xe - Giao nhận / Lao động phổ thông,1,1.8308647174060309e-06
Nhân sự / Xây dựng / Hành chính - Thư ký,1,1.8308647174060309e-06
Thực phẩm - Đồ uống / Lao động phổ thông / Chăm sóc khách hàng,1,1.8308647174060309e-06
Giáo dục - Đào tạo / Nghề nghiệp khác,1,1.8308647174060309e-06
Bất động sản / Khách sạn - Nhà hàng - Du lịch,1,1.8308647174060309e-06
Tài chính - Đầu tư - Chứng Khoán / Xây dựng,1,1.8308647174060309e-06
UI/UX Designer,1,1.8308647174060309e-06
Khoa học - Kỹ thuật / Sản xuất - Lắp ráp - Chế biến / Dệt may - Da giày - Thời trang,1,1.8308647174060309e-06
Quản lý tiêu chuẩn và chất lượng / Sản xuất - Lắp ráp - Chế biến / Vận Tải - Lái xe - Giao nhận,1,1.8308647174060309e-06
An toàn lao động / Xây dựng / Quản lý dự án,1,1.8308647174060309e-06
Chăm sóc khách hàng / Quản lý dự án / Nhân sự,1,1.8308647174060309e-06
Hóa học - Hóa sinh / Vận hành - Bảo trì - Bảo dưỡng / Khoa học - Kỹ thuật,1,1.8308647174060309e-06
Chăm sóc khách hàng / Hành chính - Thư ký / Công nghệ thực phẩm - Dinh dưỡng,1,1.8308647174060309e-06
Xây dựng / Chăm sóc khách hàng,1,1.8308647174060309e-06
IT Phần cứng / Mạng,1,1.8308647174060309e-06
Hành chính - Thư ký / Ngân hàng / Nhân sự,1,1.8308647174060309e-06
Xuất bản - In ấn / Sản xuất - Lắp ráp - Chế biến,1,1.8308647174060309e-06
Nhân sự / Giáo dục - Đào tạo / Bất động sản,1,1.8308647174060309e-06
Nông - Lâm - Ngư nghiệp / Bán hàng - Kinh doanh / Cơ khí - Ô tô - Tự động hóa,1,1.8308647174060309e-06
Vận hành - Bảo trì - Bảo dưỡng / Môi trường - Xử lý chất thải / Lao động phổ thông,1,1.8308647174060309e-06
IT Phần cứng - Mạng / IT Phần mềm / Nghề nghiệp khác,1,1.8308647174060309e-06
IT Phần cứng - Mạng / Khoa học - Kỹ thuật / IT Phần mềm,1,1.8308647174060309e-06
Chăm sóc khách hàng / Thiết kế - Sáng tạo nghệ thuật / Thông tin - Truyền thông - Quảng cáo,1,1.8308647174060309e-06
Thu mua - Kho Vận - Chuỗi cung ứng / Vận hành - Bảo trì - Bảo dưỡng / Lao động phổ thông,1,1.8308647174060309e-06
Môi trường - Xử lý chất thải / Vận hành - Bảo trì - Bảo dưỡng / Chăn nuôi - Thú y,1,1.8308647174060309e-06
Khoa học - Kỹ thuật / Điện - Điện tử - Điện lạnh / IT Phần mềm,1,1.8308647174060309e-06
Bán sỉ - Bán lẻ - Quản lý cửa hàng / Giáo dục - Đào tạo / Marketing,1,1.8308647174060309e-06
Hành chính - Thư ký / An ninh - Bảo vệ,1,1.8308647174060309e-06
Sản xuất - Lắp ráp - Chế biến / Quản lý tiêu chuẩn và chất lượng / Thu mua - Kho Vận - Chuỗi cung ứng,1,1.8308647174060309e-06
Sản xuất - Lắp ráp - Chế biến / Lao động phổ thông / Nghề nghiệp khác,1,1.8308647174060309e-06
Hóa học - Hóa sinh / Lao động phổ thông / Sản xuất - Lắp ráp - Chế biến,1,1.8308647174060309e-06
Hành chính - Thư ký / Thu mua - Kho Vận - Chuỗi cung ứng / Thực phẩm - Đồ uống,1,1.8308647174060309e-06
Giáo dục - Đào tạo / Kiến trúc - Thiết kế nội ngoại thất,1,1.8308647174060309e-06
Sản xuất - Lắp ráp - Chế biến / Điện - Điện tử - Điện lạnh / Thực phẩm - Đồ uống,1,1.8308647174060309e-06
Vận hành - Bảo trì - Bảo dưỡng / Thu mua - Kho Vận - Chuỗi cung ứng,1,1.8308647174060309e-06
Hành chính - Thư ký / Vận Tải - Lái xe - Giao nhận / Kế toán,1,1.8308647174060309e-06
Sản xuất - Lắp ráp - Chế biến / Điện - Điện tử - Điện lạnh / Quản lý dự án,1,1.8308647174060309e-06
Thiết kế - Sáng tạo nghệ thuật / Sản xuất - Lắp ráp - Chế biến / Kiến trúc - Thiết kế nội ngoại thất,1,1.8308647174060309e-06
Bưu chính viễn thông / Điện - Điện tử - Điện lạnh / Khoa học - Kỹ thuật,1,1.8308647174060309e-06
Môi trường - Xử lý chất thải / Nghề nghiệp khác / Khoa học - Kỹ thuật,1,1.8308647174060309e-06
An ninh - Bảo vệ / Điện - Điện tử - Điện lạnh / Lao động phổ thông,1,1.8308647174060309e-06
Kế toán / Luật - Pháp Lý - Tuân thủ / Hành chính - Thư ký,1,1.8308647174060309e-06
Quản lý tiêu chuẩn và chất lượng / Dược phẩm,1,1.8308647174060309e-06
Chăm sóc khách hàng / Giáo dục - Đào tạo / Lao động phổ thông,1,1.8308647174060309e-06
Khoa học - Kỹ thuật / Vận hành - Bảo trì - Bảo dưỡng / Xây dựng,1,1.8308647174060309e-06
Quản lý dự án / Xuất bản - In ấn / Vận hành - Bảo trì - Bảo dưỡng,1,1.8308647174060309e-06
Bất động sản / Chăm sóc khách hàng / Bảo hiểm,1,1.8308647174060309e-06
Kế toán / Y tế - Chăm sóc sức khỏe / Kiểm toán,1,1.8308647174060309e-06
Lao động phổ thông / Sản xuất - Lắp ráp - Chế biến / Hành chính - Thư ký,1,1.8308647174060309e-06
Vận hành - Bảo trì - Bảo dưỡng / Lao động phổ thông / Thu mua - Kho Vận - Chuỗi cung ứng,1,1.8308647174060309e-06
Vận hành - Bảo trì - Bảo dưỡng / Hóa học - Hóa sinh,1,1.8308647174060309e-06
Môi trường - Xử lý chất thải / Cơ khí - Ô tô - Tự động hóa / Điện - Điện tử - Điện lạnh,1,1.8308647174060309e-06
Biên phiên dịch / Sản xuất - Lắp ráp - Chế biến,1,1.8308647174060309e-06
Bán hàng - Kinh doanh / Chăm sóc khách hàng / Vận hành - Bảo trì - Bảo dưỡng,1,1.8308647174060309e-06
Lao động phổ thông / Khoa học - Kỹ thuật / Vận hành - Bảo trì - Bảo dưỡng,1,1.8308647174060309e-06
Bán hàng - Kinh doanh / Thiết kế - Sáng tạo nghệ thuật / Hành chính - Thư ký,1,1.8308647174060309e-06
IT Phần cứng - Mạng / Bán hàng - Kinh doanh,1,1.8308647174060309e-06
Vận hành - Bảo trì - Bảo dưỡng / Chăm sóc khách hàng / Bán hàng - Kinh doanh,1,1.8308647174060309e-06
Kiểm toán,1,1.8308647174060309e-06
IT Phần mềm / IT Phần cứng - Mạng / Điện - Điện tử - Điện lạnh,1,1.8308647174060309e-06
Nông - Lâm - Ngư nghiệp / Chăn nuôi - Thú y / Khoa học - Kỹ thuật,1,1.8308647174060309e-06
An ninh - Bảo vệ / Thu mua - Kho Vận - Chuỗi cung ứng,1,1.8308647174060309e-06
Vận hành - Bảo trì - Bảo dưỡng / Khoa học - Kỹ thuật / Bất động sản,1,1.8308647174060309e-06
Y tế - Chăm sóc sức khỏe / Luật - Pháp Lý - Tuân thủ / Dược phẩm,1,1.8308647174060309e-06
Thiết kế - Sáng tạo nghệ thuật / Bán sỉ - Bán lẻ - Quản lý cửa hàng / Bán hàng - Kinh doanh,1,1.8308647174060309e-06
Khách sạn - Nhà hàng - Du lịch / Thu mua - Kho Vận - Chuỗi cung ứng / Xuất Nhập Khẩu,1,1.8308647174060309e-06
Sản xuất - Lắp ráp - Chế biến / Dược phẩm,1,1.8308647174060309e-06
Bán hàng - Kinh doanh / Biên phiên dịch / Marketing,1,1.8308647174060309e-06
Sản xuất - Lắp ráp - Chế biến / Bán hàng - Kinh doanh / Bán sỉ - Bán lẻ - Quản lý cửa hàng,1,1.8308647174060309e-06
Marketing / Bán hàng - Kinh doanh / Xây dựng,1,1.8308647174060309e-06
Thiết kế - Sáng tạo nghệ thuật / Sản xuất - Lắp ráp - Chế biến / Xuất bản - In ấn,1,1.8308647174060309e-06
Bất động sản / Marketing / Thông tin - Truyền thông - Quảng cáo,1,1.8308647174060309e-06
Hành chính - Thư ký / Khách sạn - Nhà hàng - Du lịch / Bất động sản,1,1.8308647174060309e-06
Xuất Nhập Khẩu / Kế toán / Thu mua - Kho Vận - Chuỗi cung ứng,1,1.8308647174060309e-06
Xuất Nhập Khẩu / Nghề nghiệp khác / Dệt may - Da giày - Thời trang,1,1.8308647174060309e-06
Khách sạn - Nhà hàng - Du lịch / IT Phần cứng - Mạng / IT Phần mềm,1,1.8308647174060309e-06
Cơ khí - Ô tô - Tự động hóa / Khoa học - Kỹ thuật / Nghề nghiệp khác,1,1.8308647174060309e-06
Nhân sự / Kế toán / Hành chính - Thư ký,1,1.8308647174060309e-06
An ninh - Bảo vệ / Vận hành - Bảo trì - Bảo dưỡng / Vận Tải - Lái xe - Giao nhận,1,1.8308647174060309e-06
Kiến trúc - Thiết kế nội ngoại thất / Xây dựng / Vận Tải - Lái xe - Giao nhận,1,1.8308647174060309e-06
Sản xuất - Lắp ráp - Chế biến / Dệt may - Da giày - Thời trang / Thiết kế - Sáng tạo nghệ thuật,1,1.8308647174060309e-06
Lao động phổ thông / Thực phẩm - Đồ uống,1,1.8308647174060309e-06
Bán sỉ - Bán lẻ - Quản lý cửa hàng / Xuất Nhập Khẩu,1,1.8308647174060309e-06
Xuất Nhập Khẩu / Nhân sự / Hành chính - Thư ký,1,1.8308647174060309e-06
Lao động phổ thông / Vận hành - Bảo trì - Bảo dưỡng / Vận Tải - Lái xe - Giao nhận,1,1.8308647174060309e-06
IT Phần cứng - Mạng / Khoa học - Kỹ thuật / Vận hành - Bảo trì - Bảo dưỡng,1,1.8308647174060309e-06
Bảo hiểm / Chăm sóc khách hàng / Y tế - Chăm sóc sức khỏe,1,1.8308647174060309e-06
Thông tin - Truyền thông - Quảng cáo / Marketing / Chăm sóc khách hàng,1,1.8308647174060309e-06
Chăm sóc khách hàng / Ngân hàng / Hành chính - Thư ký,1,1.8308647174060309e-06
Đồ Gỗ,1,1.8308647174060309e-06
Thiết kế - Sáng tạo nghệ thuật / Bán sỉ - Bán lẻ - Quản lý cửa hàng / Thực phẩm - Đồ uống,1,1.8308647174060309e-06
Bảo hiểm / Chăm sóc khách hàng / Hành chính - Thư ký,1,1.8308647174060309e-06
Thông tin - Truyền thông - Quảng cáo / Kế toán,1,1.8308647174060309e-06
Khoa học - Kỹ thuật / Xuất bản - In ấn / Cơ khí - Ô tô - Tự động hóa,1,1.8308647174060309e-06
Bán hàng - Kinh doanh / Biên phiên dịch / Xuất Nhập Khẩu,1,1.8308647174060309e-06
Ngân hàng / Luật - Pháp Lý - Tuân thủ / Tài chính - Đầu tư - Chứng Khoán,1,1.8308647174060309e-06
Lao động phổ thông / Chăm sóc khách hàng / Bán hàng - Kinh doanh,1,1.8308647174060309e-06
Bán sỉ - Bán lẻ - Quản lý cửa hàng / Tài chính - Đầu tư - Chứng Khoán / Chăm sóc khách hàng,1,1.8308647174060309e-06
Chăm sóc khách hàng / Biên phiên dịch / Bán hàng - Kinh doanh,1,1.8308647174060309e-06
Lao động phổ thông / Nghề nghiệp khác / Khoa học - Kỹ thuật,1,1.8308647174060309e-06
Sản xuất - Lắp ráp - Chế biến / Cơ khí - Ô tô - Tự động hóa / Thiết kế - Sáng tạo nghệ thuật,1,1.8308647174060309e-06
Bán hàng - Kinh doanh / Xuất Nhập Khẩu / Luật - Pháp Lý - Tuân thủ,1,1.8308647174060309e-06
Hành chính - Thư ký / Thu mua - Kho Vận - Chuỗi cung ứng / Sản xuất - Lắp ráp - Chế biến,1,1.8308647174060309e-06
Thực phẩm - Đồ uống / Hóa học - Hóa sinh / Quản lý tiêu chuẩn và chất lượng,1,1.8308647174060309e-06
Vận hành - Bảo trì - Bảo dưỡng / Sản xuất - Lắp ráp - Chế biến / Biên phiên dịch,1,1.8308647174060309e-06
Hóa học - Hóa sinh / Dược phẩm / Y tế - Chăm sóc sức khỏe,1,1.8308647174060309e-06
Thu mua - Kho Vận - Chuỗi cung ứng / Quản lý tiêu chuẩn và chất lượng / Bán hàng - Kinh doanh,1,1.8308647174060309e-06
Ngân hàng / Chăm sóc khách hàng / Hành chính - Thư ký,1,1.8308647174060309e-06
Kế toán / Xây dựng / Kiến trúc - Thiết kế nội ngoại thất,1,1.8308647174060309e-06
Vận hành - Bảo trì - Bảo dưỡng / Bưu chính viễn thông / Điện - Điện tử - Điện lạnh,1,1.8308647174060309e-06
Bán hàng - Kinh doanh / Khách sạn - Nhà hàng - Du lịch / Y tế - Chăm sóc sức khỏe,1,1.8308647174060309e-06
Xây dựng / Kiến trúc - Thiết kế nội ngoại thất / Bất động sản,1,1.8308647174060309e-06
Vận hành - Bảo trì - Bảo dưỡng / Xây dựng / Khách sạn - Nhà hàng - Du lịch,1,1.8308647174060309e-06
Xây dựng / Bưu chính viễn thông / Bán hàng - Kinh doanh,1,1.8308647174060309e-06
Khách sạn - Nhà hàng - Du lịch / Thực phẩm - Đồ uống / Thu mua - Kho Vận - Chuỗi cung ứng,1,1.8308647174060309e-06
Thu mua - Kho Vận - Chuỗi cung ứng / Lao động phổ thông / Vận hành - Bảo trì - Bảo dưỡng,1,1.8308647174060309e-06
Chăm sóc khách hàng / Hành chính - Thư ký / Khoa học - Kỹ thuật,1,1.8308647174060309e-06
Quản lý tiêu chuẩn và chất lượng / Thu mua - Kho Vận - Chuỗi cung ứng / Dệt may - Da giày - Thời trang,1,1.8308647174060309e-06
Thực phẩm - Đồ uống / Công nghệ thực phẩm - Dinh dưỡng / Lao động phổ thông,1,1.8308647174060309e-06
Ngân hàng / Chăm sóc khách hàng / Bảo hiểm,1,1.8308647174060309e-06
Bán sỉ - Bán lẻ - Quản lý cửa hàng / Lao động phổ thông / Dệt may - Da giày - Thời trang,1,1.8308647174060309e-06
Xuất Nhập Khẩu / Kế toán / Vận Tải - Lái xe - Giao nhận,1,1.8308647174060309e-06
Tài chính / Kế toán,1,1.8308647174060309e-06
Sản xuất - Lắp ráp - Chế biến / Vận hành - Bảo trì - Bảo dưỡng / Dầu khí,1,1.8308647174060309e-06
Xây dựng / Môi trường - Xử lý chất thải / Điện - Điện tử - Điện lạnh,1,1.8308647174060309e-06
Bán hàng - Kinh doanh / Bảo hiểm / Tài chính - Đầu tư - Chứng Khoán,1,1.8308647174060309e-06
Kiểm toán / Kế toán / Hành chính - Thư ký,1,1.8308647174060309e-06
Thu mua - Kho Vận - Chuỗi cung ứng / Lao động phổ thông / Sản xuất - Lắp ráp - Chế biến,1,1.8308647174060309e-06
Hành chính - Thư ký / Bán hàng - Kinh doanh / Y tế - Chăm sóc sức khỏe,1,1.8308647174060309e-06
Quản lý dự án / Marketing / Bán hàng - Kinh doanh,1,1.8308647174060309e-06
Quản lý tiêu chuẩn và chất lượng / Dược phẩm / Hóa học - Hóa sinh,1,1.8308647174060309e-06
Tên công ty: Công Ty Cổ Phần Rừng Dương Quy mô công ty: 55 nhân viên; Điện thoại: 028. 36208389 - 0933 801188 Ngành nghề: - Đầu tư kinh doanh bất động sản nghỉ dưỡng,1,1.8308647174060309e-06
Bán hàng - Kinh doanh / Xuất Nhập Khẩu / Thu mua - Kho Vận - Chuỗi cung ứng,1,1.8308647174060309e-06
Kiến trúc - Thiết kế nội ngoại thất / Nông - Lâm - Ngư nghiệp / Bán hàng - Kinh doanh,1,1.8308647174060309e-06
Phân tích - Thống kê dữ liệu / Kế toán / Kiểm toán,1,1.8308647174060309e-06
Vận Tải - Lái xe - Giao nhận / Khoa học - Kỹ thuật / Điện - Điện tử - Điện lạnh,1,1.8308647174060309e-06
Chăm sóc khách hàng / Điện - Điện tử - Điện lạnh / Cơ khí - Ô tô - Tự động hóa,1,1.8308647174060309e-06
IT Phần mềm / Khoa học - Kỹ thuật / Kế toán,1,1.8308647174060309e-06
Kế toán / Bất động sản / Vận hành - Bảo trì - Bảo dưỡng,1,1.8308647174060309e-06
Sản xuất - Lắp ráp - Chế biến / Quản lý tiêu chuẩn và chất lượng / Vận hành - Bảo trì - Bảo dưỡng,1,1.8308647174060309e-06
Marketing / Y tế - Chăm sóc sức khỏe / Thông tin - Truyền thông - Quảng cáo,1,1.8308647174060309e-06
Nghề nghiệp khác / Lao động phổ thông / Nông - Lâm - Ngư nghiệp,1,1.8308647174060309e-06
Marketing / Bán hàng - Kinh doanh / Dệt may - Da giày - Thời trang,1,1.8308647174060309e-06
phục vụ,1,1.8308647174060309e-06
Kế toán / Kiểm toán / Chăm sóc khách hàng,1,1.8308647174060309e-06
Chăm sóc khách hàng / Bán hàng - Kinh doanh / Thông tin - Truyền thông - Quảng cáo,1,1.8308647174060309e-06
Xuất Nhập Khẩu / Thu mua - Kho Vận - Chuỗi cung ứng / Marketing,1,1.8308647174060309e-06
Thực tập sinh / Kế toán / Kiểm toán,1,1.8308647174060309e-06
Thông tin - Truyền thông - Quảng cáo / Chăm sóc khách hàng / Biên phiên dịch,1,1.8308647174060309e-06
Hóa học - Hóa sinh / Khoa học - Kỹ thuật,1,1.8308647174060309e-06
Kế toán / Thu mua - Kho Vận - Chuỗi cung ứng / Bán hàng - Kinh doanh,1,1.8308647174060309e-06
Hành chính - Thư ký / Vận Tải - Lái xe - Giao nhận / Nhân sự,1,1.8308647174060309e-06
Y tế - Chăm sóc sức khỏe / Thiết kế - Sáng tạo nghệ thuật / Nghề nghiệp khác,1,1.8308647174060309e-06
Khách sạn - Nhà hàng - Du lịch / Kế toán / Hành chính - Thư ký,1,1.8308647174060309e-06
Khách sạn - Nhà hàng - Du lịch / Thực tập sinh / Lao động phổ thông,1,1.8308647174060309e-06
Truyền hình - Báo chí - Biên tập / Thông tin - Truyền thông - Quảng cáo / Thiết kế - Sáng tạo nghệ thuật,1,1.8308647174060309e-06
Xây dựng / Bán hàng - Kinh doanh / Bán sỉ - Bán lẻ - Quản lý cửa hàng,1,1.8308647174060309e-06
Bán hàng - Kinh doanh / Khoa học - Kỹ thuật / Hóa học - Hóa sinh,1,1.8308647174060309e-06
Thực phẩm - Đồ uống / Lao động phổ thông / Giáo dục - Đào tạo,1,1.8308647174060309e-06
Quản lý tiêu chuẩn và chất lượng / Chăm sóc khách hàng,1,1.8308647174060309e-06
Xây dựng / Kiểm toán / Hành chính - Thư ký,1,1.8308647174060309e-06
Vận hành - Bảo trì - Bảo dưỡng / Giáo dục - Đào tạo / Lao động phổ thông,1,1.8308647174060309e-06
Bán sỉ - Bán lẻ - Quản lý cửa hàng / Bán hàng - Kinh doanh / IT Phần cứng - Mạng,1,1.8308647174060309e-06
UX/UI Design,1,1.8308647174060309e-06
An toàn lao động / Môi trường - Xử lý chất thải / Luật - Pháp Lý - Tuân thủ,1,1.8308647174060309e-06
Nhân sự / Luật - Pháp Lý - Tuân thủ / Y tế - Chăm sóc sức khỏe,1,1.8308647174060309e-06
Lao động phổ thông / Thực phẩm - Đồ uống / Bán sỉ - Bán lẻ - Quản lý cửa hàng,1,1.8308647174060309e-06
Xây dựng / Quản lý dự án / Thu mua - Kho Vận - Chuỗi cung ứng,1,1.8308647174060309e-06
Bán hàng - Kinh doanh / Biên phiên dịch / Nghề nghiệp khác,1,1.8308647174060309e-06
An toàn lao động / Cơ khí - Ô tô - Tự động hóa / Quản lý tiêu chuẩn và chất lượng,1,1.8308647174060309e-06
Nông - Lâm - Ngư nghiệp / Hóa học - Hóa sinh,1,1.8308647174060309e-06
Môi trường - Xử lý chất thải / Chăm sóc khách hàng / Bán hàng - Kinh doanh,1,1.8308647174060309e-06
Vận hành - Bảo trì - Bảo dưỡng / Quản lý dự án / Phân tích - Thống kê dữ liệu,1,1.8308647174060309e-06
Bán hàng - Kinh doanh / Dược phẩm / Marketing,1,1.8308647174060309e-06
Thực phẩm - Đồ uống / Công nghệ thực phẩm - Dinh dưỡng / Vận Tải - Lái xe - Giao nhận,1,1.8308647174060309e-06
Chăm sóc khách hàng / Bảo hiểm / Bán hàng - Kinh doanh,1,1.8308647174060309e-06
Lao động phổ thông / Vận Tải - Lái xe - Giao nhận / Thu mua - Kho Vận - Chuỗi cung ứng,1,1.8308647174060309e-06
Kiến trúc - Thiết kế nội ngoại thất / Sản xuất - Lắp ráp - Chế biến / Vận hành - Bảo trì - Bảo dưỡng,1,1.8308647174060309e-06
Nhân sự / Hành chính - Thư ký / Biên phiên dịch,1,1.8308647174060309e-06
Thực tập sinh / Nhân sự,1,1.8308647174060309e-06
Điện - Điện tử - Điện lạnh / Vận hành - Bảo trì - Bảo dưỡng / Thực tập sinh,1,1.8308647174060309e-06
Kiến trúc - Thiết kế nội ngoại thất / Bán hàng - Kinh doanh / Bất động sản,1,1.8308647174060309e-06
Quản lý tiêu chuẩn và chất lượng / Hóa học - Hóa sinh / Nông - Lâm - Ngư nghiệp,1,1.8308647174060309e-06
Kế toán / Nhân sự / Xuất Nhập Khẩu,1,1.8308647174060309e-06
Khoa học - Kỹ thuật / Sản xuất - Lắp ráp - Chế biến / Điện - Điện tử - Điện lạnh,1,1.8308647174060309e-06
Thực phẩm - Đồ uống / Chăm sóc khách hàng / Công nghệ thực phẩm - Dinh dưỡng,1,1.8308647174060309e-06
Điện - Điện tử - Điện lạnh / Xây dựng / Khai thác năng lượng - Khoáng sản - Địa chất,1,1.8308647174060309e-06
Xây dựng / Điện - Điện tử - Điện lạnh / Vận hành - Bảo trì - Bảo dưỡng,1,1.8308647174060309e-06
Thực phẩm - Đồ uống / Xuất Nhập Khẩu / Kế toán,1,1.8308647174060309e-06
Sản xuất - Lắp ráp - Chế biến / Khoa học - Kỹ thuật,1,1.8308647174060309e-06
Bán hàng - Kinh doanh / Quản lý dự án / Y tế - Chăm sóc sức khỏe,1,1.8308647174060309e-06
Xây dựng / Kiến trúc - Thiết kế nội ngoại thất / An toàn lao động,1,1.8308647174060309e-06
Sản xuất - Lắp ráp - Chế biến / Thu mua - Kho Vận - Chuỗi cung ứng / Bán hàng - Kinh doanh,1,1.8308647174060309e-06
Thu mua - Kho Vận - Chuỗi cung ứng / Lao động phổ thông / Bán sỉ - Bán lẻ - Quản lý cửa hàng,1,1.8308647174060309e-06
Nông - Lâm - Ngư nghiệp / Hóa học - Hóa sinh / Khoa học - Kỹ thuật,1,1.8308647174060309e-06
Dược phẩm / Bán sỉ - Bán lẻ - Quản lý cửa hàng / Y tế - Chăm sóc sức khỏe,1,1.8308647174060309e-06
Lao động phổ thông / Thực phẩm - Đồ uống / Nghề nghiệp khác,1,1.8308647174060309e-06
Thực tập sinh / Marketing,1,1.8308647174060309e-06
Khoa học - Kỹ thuật / Vận Tải - Lái xe - Giao nhận / Xây dựng,1,1.8308647174060309e-06
Vận Tải - Lái xe - Giao nhận / An toàn lao động / Nghề nghiệp khác,1,1.8308647174060309e-06
Quản lý tiêu chuẩn và chất lượng / Bưu chính viễn thông / Vận hành - Bảo trì - Bảo dưỡng,1,1.8308647174060309e-06
Bán hàng - Kinh doanh / Hành chính - Thư ký / Phân tích - Thống kê dữ liệu,1,1.8308647174060309e-06
Bán hàng - Kinh doanh / Biên phiên dịch / Hành chính - Thư ký,1,1.8308647174060309e-06
Vận hành - Bảo trì - Bảo dưỡng / Chăm sóc khách hàng / Sản xuất - Lắp ráp - Chế biến,1,1.8308647174060309e-06
Bán sỉ - Bán lẻ - Quản lý cửa hàng / Khách sạn - Nhà hàng - Du lịch / Lao động phổ thông,1,1.8308647174060309e-06
Sản xuất - Lắp ráp - Chế biến / Điện - Điện tử - Điện lạnh / Khoa học - Kỹ thuật,1,1.8308647174060309e-06
Thu mua - Kho Vận - Chuỗi cung ứng / Y tế - Chăm sóc sức khỏe / Xuất Nhập Khẩu,1,1.8308647174060309e-06
Sản xuất - Lắp ráp - Chế biến / Thực phẩm - Đồ uống,1,1.8308647174060309e-06
Luật - Pháp Lý - Tuân thủ / Chăm sóc khách hàng / Hành chính - Thư ký,1,1.8308647174060309e-06
Điện - Điện tử - Điện lạnh / Khoa học - Kỹ thuật / Sản xuất - Lắp ráp - Chế biến,1,1.8308647174060309e-06
Hành chính - Thư ký / Phân tích - Thống kê dữ liệu / Luật - Pháp Lý - Tuân thủ,1,1.8308647174060309e-06
Y tế - Chăm sóc sức khỏe / Chăm sóc khách hàng / Thực phẩm - Đồ uống,1,1.8308647174060309e-06
Sản xuất - Lắp ráp - Chế biến / Vận hành - Bảo trì - Bảo dưỡng / Thu mua - Kho Vận - Chuỗi cung ứng,1,1.8308647174060309e-06
Dệt may - Da giày - Thời trang / Biên phiên dịch / Chăm sóc khách hàng,1,1.8308647174060309e-06
Quản lý tiêu chuẩn và chất lượng / Công nghệ thực phẩm - Dinh dưỡng / Sản xuất - Lắp ráp - Chế biến,1,1.8308647174060309e-06
Bán hàng - Kinh doanh / Xuất Nhập Khẩu / Nghề nghiệp khác,1,1.8308647174060309e-06
Thu mua - Kho Vận - Chuỗi cung ứng / Cơ khí - Ô tô - Tự động hóa,1,1.8308647174060309e-06
Xuất Nhập Khẩu / Xuất bản - In ấn,1,1.8308647174060309e-06
Hành chính - Thư ký / Nhân sự / Bưu chính viễn thông,1,1.8308647174060309e-06
Quản lý dự án / Thu mua - Kho Vận - Chuỗi cung ứng / Công nghệ thực phẩm - Dinh dưỡng,1,1.8308647174060309e-06
Xuất bản - In ấn / Thiết kế - Sáng tạo nghệ thuật / Truyền hình - Báo chí - Biên tập,1,1.8308647174060309e-06
Bán hàng - Kinh doanh / Nông - Lâm - Ngư nghiệp / Chăn nuôi - Thú y,1,1.8308647174060309e-06
Bán hàng - Kinh doanh / Thực phẩm - Đồ uống / Công nghệ thực phẩm - Dinh dưỡng,1,1.8308647174060309e-06
Vận hành - Bảo trì - Bảo dưỡng / Xây dựng / Khoa học - Kỹ thuật,1,1.8308647174060309e-06
IT Phần cứng - Mạng / Điện - Điện tử - Điện lạnh / Sản xuất - Lắp ráp - Chế biến,1,1.8308647174060309e-06
Thực phẩm - Đồ uống / Kế toán / Kiểm toán,1,1.8308647174060309e-06
Kế toán / Tài chính - Đầu tư - Chứng Khoán / Xuất Nhập Khẩu,1,1.8308647174060309e-06
Sản xuất - Lắp ráp - Chế biến / Cơ khí - Ô tô - Tự động hóa / Kiến trúc - Thiết kế nội ngoại thất,1,1.8308647174060309e-06
Hành chính - Thư ký / Hóa học - Hóa sinh,1,1.8308647174060309e-06
Sản xuất - Lắp ráp - Chế biến / Điện - Điện tử - Điện lạnh,1,1.8308647174060309e-06
Chăn nuôi - Thú y / Kế toán / Thu mua - Kho Vận - Chuỗi cung ứng,1,1.8308647174060309e-06
Hành chính - Thư ký / Xuất bản - In ấn,1,1.8308647174060309e-06
Bán sỉ - Bán lẻ - Quản lý cửa hàng / Kế toán / Phân tích - Thống kê dữ liệu,1,1.8308647174060309e-06
Thiết kế - Sáng tạo nghệ thuật / Kiến trúc - Thiết kế nội ngoại thất / Chăm sóc khách hàng,1,1.8308647174060309e-06
Quản lý tiêu chuẩn và chất lượng / Khoa học - Kỹ thuật / Dệt may - Da giày - Thời trang,1,1.8308647174060309e-06
Vận Tải - Lái xe - Giao nhận / Cơ khí - Ô tô - Tự động hóa / Lao động phổ thông,1,1.8308647174060309e-06
Quản lý tiêu chuẩn và chất lượng / Xây dựng / Nghề nghiệp khác,1,1.8308647174060309e-06
Kiến trúc - Thiết kế nội ngoại thất / Xây dựng / Khai thác năng lượng - Khoáng sản - Địa chất,1,1.8308647174060309e-06
Vận hành - Bảo trì - Bảo dưỡng / Khoa học - Kỹ thuật / Thực phẩm - Đồ uống,1,1.8308647174060309e-06
Khách sạn - Nhà hàng - Du lịch / Bán hàng - Kinh doanh / Kế toán,1,1.8308647174060309e-06
Kế toán / Tài chính - Đầu tư - Chứng Khoán / Luật - Pháp Lý - Tuân thủ,1,1.8308647174060309e-06
Sản xuất - Lắp ráp - Chế biến / Thu mua - Kho Vận - Chuỗi cung ứng / Điện - Điện tử - Điện lạnh,1,1.8308647174060309e-06
Quản lý tiêu chuẩn và chất lượng / Môi trường - Xử lý chất thải / Nghề nghiệp khác,1,1.8308647174060309e-06
Kế toán / Sản xuất - Lắp ráp - Chế biến / Kiểm toán,1,1.8308647174060309e-06
Xuất Nhập Khẩu / Bán sỉ - Bán lẻ - Quản lý cửa hàng / Bán hàng - Kinh doanh,1,1.8308647174060309e-06
Kế toán / Xây dựng / Nhân sự,1,1.8308647174060309e-06
Bán sỉ - Bán lẻ - Quản lý cửa hàng / Bán hàng - Kinh doanh / Thông tin - Truyền thông - Quảng cáo,1,1.8308647174060309e-06
Nhân sự / Chăm sóc khách hàng / Hành chính - Thư ký,1,1.8308647174060309e-06
Bán hàng - Kinh doanh / Chăm sóc khách hàng / Hóa học - Hóa sinh,1,1.8308647174060309e-06
Bán hàng - Kinh doanh / Quản lý dự án / Quản lý tiêu chuẩn và chất lượng,1,1.8308647174060309e-06
Chăm sóc khách hàng / Bưu chính viễn thông / Hành chính - Thư ký,1,1.8308647174060309e-06
Điện - Điện tử - Điện lạnh / Marketing,1,1.8308647174060309e-06
IT Phần cứng - Mạng / Bán hàng - Kinh doanh / IT Phần mềm,1,1.8308647174060309e-06
Kế toán / Hành chính - Thư ký / Nghề nghiệp khác,1,1.8308647174060309e-06
Bán sỉ - Bán lẻ - Quản lý cửa hàng / Lao động phổ thông / Thực tập sinh,1,1.8308647174060309e-06
Quản lý chất lượng,1,1.8308647174060309e-06
Cơ khí - Ô tô - Tự động hóa / Khoa học - Kỹ thuật / Xây dựng,1,1.8308647174060309e-06
Sản xuất - Lắp ráp - Chế biến / Vận hành - Bảo trì - Bảo dưỡng / Khoa học - Kỹ thuật,1,1.8308647174060309e-06
Xây dựng / Thực tập sinh,1,1.8308647174060309e-06
Thiết kế - Sáng tạo nghệ thuật / Thu mua - Kho Vận - Chuỗi cung ứng / Quản lý tiêu chuẩn và chất lượng,1,1.8308647174060309e-06
Khai thác năng lượng - Khoáng sản - Địa chất / Dầu khí,1,1.8308647174060309e-06
Khoa học - Kỹ thuật / Điện - Điện tử - Điện lạnh / Bán hàng - Kinh doanh,1,1.8308647174060309e-06
Bán hàng - Kinh doanh / Nhân sự / Nghề nghiệp khác,1,1.8308647174060309e-06
Quản lý dự án / IT Phần mềm / Luật - Pháp Lý - Tuân thủ,1,1.8308647174060309e-06
Kế toán / Kiểm toán / Thông tin - Truyền thông - Quảng cáo,1,1.8308647174060309e-06
Bán hàng - Kinh doanh / Dệt may - Da giày - Thời trang / Điện - Điện tử - Điện lạnh,1,1.8308647174060309e-06
Marketing / Hành chính - Thư ký / Thông tin - Truyền thông - Quảng cáo,1,1.8308647174060309e-06
Bán hàng - Kinh doanh / Thực tập sinh / IT Phần mềm,1,1.8308647174060309e-06
Khoa học - Kỹ thuật / Điện - Điện tử - Điện lạnh / IT Phần cứng - Mạng,1,1.8308647174060309e-06
Chăm sóc khách hàng / Bán hàng - Kinh doanh / Cơ khí - Ô tô - Tự động hóa,1,1.8308647174060309e-06
IT Phần cứng - Mạng / Bán hàng - Kinh doanh / Bưu chính viễn thông,1,1.8308647174060309e-06
Xây dựng / Hành chính - Thư ký,1,1.8308647174060309e-06
IT Phần mềm / Bán hàng - Kinh doanh / Khách sạn - Nhà hàng - Du lịch,1,1.8308647174060309e-06
Công nghệ thực phẩm - Dinh dưỡng / Hóa học - Hóa sinh / Thực phẩm - Đồ uống,1,1.8308647174060309e-06
Phân tích - Thống kê dữ liệu / Luật - Pháp Lý - Tuân thủ / IT Phần mềm,1,1.8308647174060309e-06
Thu mua - Kho Vận - Chuỗi cung ứng / Xuất Nhập Khẩu / Thực phẩm - Đồ uống,1,1.8308647174060309e-06
Marketing / Y tế - Chăm sóc sức khỏe / Quản lý dự án,1,1.8308647174060309e-06
Thiết kế - Sáng tạo nghệ thuật / Kiến trúc - Thiết kế nội ngoại thất / Marketing,1,1.8308647174060309e-06
Hóa học - Hóa sinh / Công nghệ thực phẩm - Dinh dưỡng / Quản lý tiêu chuẩn và chất lượng,1,1.8308647174060309e-06
Vận hành - Bảo trì - Bảo dưỡng / Môi trường - Xử lý chất thải / Khoa học - Kỹ thuật,1,1.8308647174060309e-06
Chăm sóc khách hàng / Kế toán,1,1.8308647174060309e-06
Kế toán / Xuất Nhập Khẩu / Kiểm toán,1,1.8308647174060309e-06
Nông - Lâm - Ngư nghiệp / Bán hàng - Kinh doanh / Điện - Điện tử - Điện lạnh,1,1.8308647174060309e-06
Lao động phổ thông / Thu mua - Kho Vận - Chuỗi cung ứng / Vận Tải - Lái xe - Giao nhận,1,1.8308647174060309e-06
Quản lý tiêu chuẩn và chất lượng / Thu mua - Kho Vận - Chuỗi cung ứng / Công nghệ thực phẩm - Dinh dưỡng,1,1.8308647174060309e-06
Marketing / Hành chính - Thư ký / Thiết kế - Sáng tạo nghệ thuật,1,1.8308647174060309e-06
Xây dựng / Hóa học - Hóa sinh / Quản lý tiêu chuẩn và chất lượng,1,1.8308647174060309e-06
Bưu chính viễn thông / Vận Tải - Lái xe - Giao nhận,1,1.8308647174060309e-06
IT Phần cứng - Mạng / Bưu chính viễn thông / Quản lý dự án,1,1.8308647174060309e-06
Marketing / Quản lý dự án / Bán hàng - Kinh doanh,1,1.8308647174060309e-06
Bán hàng - Kinh doanh / IT Phần cứng - Mạng / Khoa học - Kỹ thuật,1,1.8308647174060309e-06
Vận hành - Bảo trì - Bảo dưỡng / Thu mua - Kho Vận - Chuỗi cung ứng / Khách sạn - Nhà hàng - Du lịch,1,1.8308647174060309e-06
Kế toán / Xây dựng / Bất động sản,1,1.8308647174060309e-06
Xuất Nhập Khẩu / Biên phiên dịch,1,1.8308647174060309e-06
An toàn lao động / Thực phẩm - Đồ uống / Quản lý tiêu chuẩn và chất lượng,1,1.8308647174060309e-06
Cơ khí - Ô tô - Tự động hóa / Vận hành - Bảo trì - Bảo dưỡng / Xây dựng,1,1.8308647174060309e-06
Hành chính - Thư ký / Khách sạn - Nhà hàng - Du lịch,1,1.8308647174060309e-06
Bất động sản / Xây dựng / Kế toán,1,1.8308647174060309e-06
Xuất Nhập Khẩu / Biên phiên dịch / Hành chính - Thư ký,1,1.8308647174060309e-06
An ninh - Bảo vệ / Kế toán / Quản lý dự án,1,1.8308647174060309e-06
IT Phần mềm / Y tế - Chăm sóc sức khỏe,1,1.8308647174060309e-06
Dệt may - Da giày - Thời trang / Sản xuất - Lắp ráp - Chế biến / Lao động phổ thông,1,1.8308647174060309e-06
Bán hàng - Kinh doanh / Bán sỉ - Bán lẻ - Quản lý cửa hàng / Khoa học - Kỹ thuật,1,1.8308647174060309e-06
Xuất Nhập Khẩu / Vận Tải - Lái xe - Giao nhận / Bưu chính viễn thông,1,1.8308647174060309e-06
['Công nghệ Thông tin',1,1.8308647174060309e-06
IT Project Manager,1,1.8308647174060309e-06
Thu mua - Kho Vận - Chuỗi cung ứng / Biên phiên dịch / Bán hàng - Kinh doanh,1,1.8308647174060309e-06
Sản xuất - Lắp ráp - Chế biến / Công nghệ thực phẩm - Dinh dưỡng / Quản lý tiêu chuẩn và chất lượng,1,1.8308647174060309e-06
Điện - Điện tử - Điện lạnh / Sản xuất - Lắp ráp - Chế biến,1,1.8308647174060309e-06
Khoa học - Kỹ thuật / Kiến trúc - Thiết kế nội ngoại thất,1,1.8308647174060309e-06
Marketing / Thông tin - Truyền thông - Quảng cáo / IT Phần mềm,1,1.8308647174060309e-06
Chăm sóc khách hàng / Lao động phổ thông / Thực tập sinh,1,1.8308647174060309e-06
Vận hành - Bảo trì - Bảo dưỡng / Môi trường - Xử lý chất thải / An toàn lao động,1,1.8308647174060309e-06
Lao động phổ thông / Thực phẩm - Đồ uống / Sản xuất - Lắp ráp - Chế biến,1,1.8308647174060309e-06
Kiến trúc - Thiết kế nội ngoại thất / Thu mua - Kho Vận - Chuỗi cung ứng / Sản xuất - Lắp ráp - Chế biến,1,1.8308647174060309e-06
Xuất Nhập Khẩu / Thu mua - Kho Vận - Chuỗi cung ứng / Quản lý dự án,1,1.8308647174060309e-06
IT Phần mềm / IT Phần cứng - Mạng / Thông tin - Truyền thông - Quảng cáo,1,1.8308647174060309e-06
Chăm sóc khách hàng / An toàn lao động / Nghề nghiệp khác,1,1.8308647174060309e-06
Chăm sóc khách hàng / Quản lý tiêu chuẩn và chất lượng / Phân tích - Thống kê dữ liệu,1,1.8308647174060309e-06
Y tế - Chăm sóc sức khỏe / Nghề nghiệp khác / Lao động phổ thông,1,1.8308647174060309e-06
Thiết kế - Sáng tạo nghệ thuật / Kế toán / Tài chính - Đầu tư - Chứng Khoán,1,1.8308647174060309e-06
Dược phẩm / Hóa học - Hóa sinh / Y tế - Chăm sóc sức khỏe,1,1.8308647174060309e-06
Phân tích - Thống kê dữ liệu / Môi trường - Xử lý chất thải / Quản lý tiêu chuẩn và chất lượng,1,1.8308647174060309e-06
Nhân sự / Bán hàng - Kinh doanh,1,1.8308647174060309e-06
Marketing / Xuất bản - In ấn,1,1.8308647174060309e-06
Thiết kế - Sáng tạo nghệ thuật / Y tế - Chăm sóc sức khỏe / Chăm sóc khách hàng,1,1.8308647174060309e-06
CNTT - Phần cứng / Mạng,1,1.8308647174060309e-06
IT Phần cứng - Mạng / Bán hàng - Kinh doanh / Thực tập sinh,1,1.8308647174060309e-06
Thiết kế - Sáng tạo nghệ thuật / Cơ khí - Ô tô - Tự động hóa / Khoa học - Kỹ thuật,1,1.8308647174060309e-06
Bán hàng - Kinh doanh / Khoa học - Kỹ thuật / Dầu khí,1,1.8308647174060309e-06
Nông - Lâm - Ngư nghiệp / Lao động phổ thông,1,1.8308647174060309e-06
Bán hàng - Kinh doanh / Công nghệ thực phẩm - Dinh dưỡng / Nông - Lâm - Ngư nghiệp,1,1.8308647174060309e-06
Bán hàng - Kinh doanh / Kiến trúc - Thiết kế nội ngoại thất / Chăm sóc khách hàng,1,1.8308647174060309e-06
Khu chế xuất/Khu công nghiệp,1,1.8308647174060309e-06
Bán hàng - Kinh doanh / Lao động phổ thông / Điện - Điện tử - Điện lạnh,1,1.8308647174060309e-06
Marketing / Cơ khí - Ô tô - Tự động hóa / Chăm sóc khách hàng,1,1.8308647174060309e-06
Cơ khí - Ô tô - Tự động hóa / Xây dựng / Khoa học - Kỹ thuật,1,1.8308647174060309e-06
Bán hàng - Kinh doanh / Sản xuất - Lắp ráp - Chế biến,1,1.8308647174060309e-06
Vận hành - Bảo trì - Bảo dưỡng / Nông - Lâm - Ngư nghiệp,1,1.8308647174060309e-06
Nhân sự / Bán sỉ - Bán lẻ - Quản lý cửa hàng,1,1.8308647174060309e-06
Giáo dục - Đào tạo / Nghề nghiệp khác / Thực phẩm - Đồ uống,1,1.8308647174060309e-06
Marketing / Bán hàng - Kinh doanh / Nghề nghiệp khác,1,1.8308647174060309e-06
Sản xuất - Lắp ráp - Chế biến / Quản lý dự án,1,1.8308647174060309e-06
Phân tích nghiệp vụ,1,1.8308647174060309e-06
Giáo dục - Đào tạo / Nhân sự,1,1.8308647174060309e-06
Xây dựng / Môi trường - Xử lý chất thải,1,1.8308647174060309e-06
Hành chính - Thư ký / Dệt may - Da giày - Thời trang / Chăm sóc khách hàng,1,1.8308647174060309e-06
Dược phẩm / Hóa học - Hóa sinh / Nghề nghiệp khác,1,1.8308647174060309e-06
Sản xuất - Lắp ráp - Chế biến / Xây dựng / Thiết kế - Sáng tạo nghệ thuật,1,1.8308647174060309e-06
Xây dựng / Môi trường - Xử lý chất thải / Cơ khí - Ô tô - Tự động hóa,1,1.8308647174060309e-06
Y tế - Chăm sóc sức khỏe / Chăn nuôi - Thú y,1,1.8308647174060309e-06
Khoa học - Kỹ thuật / Xây dựng / Thiết kế - Sáng tạo nghệ thuật,1,1.8308647174060309e-06
Vận hành - Bảo trì - Bảo dưỡng / Nhân sự / Quản lý dự án,1,1.8308647174060309e-06
Nông - Lâm - Ngư nghiệp / Môi trường - Xử lý chất thải / Công nghệ thực phẩm - Dinh dưỡng,1,1.8308647174060309e-06
Vận hành - Bảo trì - Bảo dưỡng / Xây dựng / Lao động phổ thông,1,1.8308647174060309e-06
Vận hành - Bảo trì - Bảo dưỡng / Xuất Nhập Khẩu / Vận Tải - Lái xe - Giao nhận,1,1.8308647174060309e-06
Sản xuất - Lắp ráp - Chế biến / Nông - Lâm - Ngư nghiệp,1,1.8308647174060309e-06
Điện - Điện tử - Điện lạnh / Dược phẩm / Vận hành - Bảo trì - Bảo dưỡng,1,1.8308647174060309e-06
Kiến trúc - Thiết kế nội ngoại thất / Xây dựng / Nông - Lâm - Ngư nghiệp,1,1.8308647174060309e-06
Nông - Lâm - Ngư nghiệp / Khoa học - Kỹ thuật / Hóa học - Hóa sinh,1,1.8308647174060309e-06
Môi trường - Xử lý chất thải / Hóa học - Hóa sinh / Quản lý tiêu chuẩn và chất lượng,1,1.8308647174060309e-06
Cơ khí - Ô tô - Tự động hóa / Thực tập sinh / Hóa học - Hóa sinh,1,1.8308647174060309e-06
Hành chính - Thư ký / Bán hàng - Kinh doanh / Dược phẩm,1,1.8308647174060309e-06
Thu mua - Kho Vận - Chuỗi cung ứng / Kế toán / Khách sạn - Nhà hàng - Du lịch,1,1.8308647174060309e-06
An toàn lao động / An ninh - Bảo vệ,1,1.8308647174060309e-06
Chăm sóc khách hàng / Lao động phổ thông / Bán sỉ - Bán lẻ - Quản lý cửa hàng,1,1.8308647174060309e-06
Bán hàng - Kinh doanh / Tài chính - Đầu tư - Chứng Khoán / Marketing,1,1.8308647174060309e-06
Quản lý dự án / Xây dựng / Nghề nghiệp khác,1,1.8308647174060309e-06
Điện - Điện tử - Điện lạnh / Vận hành - Bảo trì - Bảo dưỡng / IT Phần cứng - Mạng,1,1.8308647174060309e-06
Sản xuất - Lắp ráp - Chế biến / Kế toán / Xuất Nhập Khẩu,1,1.8308647174060309e-06
Vận hành - Bảo trì - Bảo dưỡng / Khoa học - Kỹ thuật / Quản lý dự án,1,1.8308647174060309e-06
Kiến trúc - Thiết kế nội ngoại thất / Xây dựng / Quản lý tiêu chuẩn và chất lượng,1,1.8308647174060309e-06
Xuất Nhập Khẩu / Thu mua - Kho Vận - Chuỗi cung ứng / Kế toán,1,1.8308647174060309e-06
Khách sạn - Nhà hàng - Du lịch / Chăm sóc khách hàng / Nghề nghiệp khác,1,1.8308647174060309e-06
Thu mua - Kho Vận - Chuỗi cung ứng / Kế toán / Lao động phổ thông,1,1.8308647174060309e-06
Kế toán / Nông - Lâm - Ngư nghiệp,1,1.8308647174060309e-06
Sản xuất - Lắp ráp - Chế biến / Thu mua - Kho Vận - Chuỗi cung ứng / Xuất Nhập Khẩu,1,1.8308647174060309e-06
Vận Tải - Lái xe - Giao nhận / Cơ khí - Ô tô - Tự động hóa / Bán hàng - Kinh doanh,1,1.8308647174060309e-06
Thu mua - Kho Vận - Chuỗi cung ứng / Quản lý tiêu chuẩn và chất lượng / Kế toán,1,1.8308647174060309e-06
Vận Tải - Lái xe - Giao nhận / Khoa học - Kỹ thuật / Cơ khí - Ô tô - Tự động hóa,1,1.8308647174060309e-06
Khách sạn - Nhà hàng - Du lịch / Thực tập sinh / Bán sỉ - Bán lẻ - Quản lý cửa hàng,1,1.8308647174060309e-06
Hóa học - Hóa sinh / Cơ khí - Ô tô - Tự động hóa / Sản xuất - Lắp ráp - Chế biến,1,1.8308647174060309e-06
Nội ngoại thất,1,1.8308647174060309e-06
Y tế - Chăm sóc sức khỏe / Khoa học - Kỹ thuật / Nghề nghiệp khác,1,1.8308647174060309e-06
Sản xuất - Lắp ráp - Chế biến / Chăm sóc khách hàng / Hành chính - Thư ký,1,1.8308647174060309e-06
Kế toán / Bán hàng - Kinh doanh / Chăm sóc khách hàng,1,1.8308647174060309e-06
IT Phần mềm / Khách sạn - Nhà hàng - Du lịch / IT Phần cứng - Mạng,1,1.8308647174060309e-06
Bán hàng - Kinh doanh / Điện - Điện tử - Điện lạnh / Marketing,1,1.8308647174060309e-06
Luật - Pháp Lý - Tuân thủ / Thực tập sinh,1,1.8308647174060309e-06
Thông tin - Truyền thông - Quảng cáo / Thiết kế - Sáng tạo nghệ thuật / Truyền hình - Báo chí - Biên tập,1,1.8308647174060309e-06
Giáo dục - Đào tạo / Thiết kế - Sáng tạo nghệ thuật / Y tế - Chăm sóc sức khỏe,1,1.8308647174060309e-06
Thu mua - Kho Vận - Chuỗi cung ứng / Vận Tải - Lái xe - Giao nhận / Quản lý dự án,1,1.8308647174060309e-06
Thu mua - Kho Vận - Chuỗi cung ứng / Xuất Nhập Khẩu / Bán sỉ - Bán lẻ - Quản lý cửa hàng,1,1.8308647174060309e-06
Y tế - Chăm sóc sức khỏe / Dược phẩm / Khoa học - Kỹ thuật,1,1.8308647174060309e-06
Thực phẩm - Đồ uống / Khách sạn - Nhà hàng - Du lịch / Chăm sóc khách hàng,1,1.8308647174060309e-06
Kế toán / Luật - Pháp Lý - Tuân thủ / Khách sạn - Nhà hàng - Du lịch,1,1.8308647174060309e-06
Nghề nghiệp khác / Vận Tải - Lái xe - Giao nhận / Thu mua - Kho Vận - Chuỗi cung ứng,1,1.8308647174060309e-06
Bán hàng - Kinh doanh / IT Phần cứng - Mạng,1,1.8308647174060309e-06
Kế toán / Xuất bản - In ấn,1,1.8308647174060309e-06
Bất động sản / Tài chính - Đầu tư - Chứng Khoán,1,1.8308647174060309e-06
Vận hành - Bảo trì - Bảo dưỡng / Điện - Điện tử - Điện lạnh / Lao động phổ thông,1,1.8308647174060309e-06
Tài chính - Đầu tư - Chứng Khoán / Bảo hiểm / Phân tích - Thống kê dữ liệu,1,1.8308647174060309e-06
IT Phần cứng - Mạng / Khoa học - Kỹ thuật / Điện - Điện tử - Điện lạnh,1,1.8308647174060309e-06
Xây dựng / Kiến trúc - Thiết kế nội ngoại thất / Quản lý tiêu chuẩn và chất lượng,1,1.8308647174060309e-06
IT Phần mềm / Chăm sóc khách hàng / Giáo dục - Đào tạo,1,1.8308647174060309e-06
Xây dựng / An toàn lao động / Quản lý dự án,1,1.8308647174060309e-06
Y tế - Chăm sóc sức khỏe / Khách sạn - Nhà hàng - Du lịch / Chăm sóc khách hàng,1,1.8308647174060309e-06
An ninh - Bảo vệ / Nhân sự / Luật - Pháp Lý - Tuân thủ,1,1.8308647174060309e-06
Bán sỉ - Bán lẻ - Quản lý cửa hàng / Bán hàng - Kinh doanh / Hóa học - Hóa sinh,1,1.8308647174060309e-06
Điện - Điện tử - Điện lạnh / Xây dựng / An toàn lao động,1,1.8308647174060309e-06
Kế toán / Tài chính - Đầu tư - Chứng Khoán / Xây dựng,1,1.8308647174060309e-06
Kế toán / Phân tích - Thống kê dữ liệu / Bán hàng - Kinh doanh,1,1.8308647174060309e-06
Xuất Nhập Khẩu / Kế toán,1,1.8308647174060309e-06
Cơ khí - Ô tô - Tự động hóa / Kiến trúc - Thiết kế nội ngoại thất / Thiết kế - Sáng tạo nghệ thuật,1,1.8308647174060309e-06
Vận chuyển / Giao nhận / Kho vận,1,1.8308647174060309e-06
Bán hàng - Kinh doanh / Công nghệ thực phẩm - Dinh dưỡng / Y tế - Chăm sóc sức khỏe,1,1.8308647174060309e-06
Kiến trúc - Thiết kế nội ngoại thất / Marketing / Xây dựng,1,1.8308647174060309e-06
Tài chính - Đầu tư - Chứng Khoán / Chăm sóc khách hàng / Kế toán,1,1.8308647174060309e-06
Vận hành - Bảo trì - Bảo dưỡng / Lao động phổ thông / Hành chính - Thư ký,1,1.8308647174060309e-06
IT Phần mềm / Chăm sóc khách hàng / Marketing,1,1.8308647174060309e-06
Chăm sóc khách hàng / Biên phiên dịch / Bán sỉ - Bán lẻ - Quản lý cửa hàng,1,1.8308647174060309e-06
Bán hàng - Kinh doanh / Công nghệ thực phẩm - Dinh dưỡng / Thực phẩm - Đồ uống,1,1.8308647174060309e-06
Vận hành - Bảo trì - Bảo dưỡng / Môi trường - Xử lý chất thải / Quản lý dự án,1,1.8308647174060309e-06
Quản lý dự án / Thông tin - Truyền thông - Quảng cáo / Xây dựng,1,1.8308647174060309e-06
Thiết kế - Sáng tạo nghệ thuật / Xuất bản - In ấn / Thông tin - Truyền thông - Quảng cáo,1,1.8308647174060309e-06
Nhân sự / Thực tập sinh / Nghề nghiệp khác,1,1.8308647174060309e-06
Y tế - Chăm sóc sức khỏe / An toàn lao động / Sản xuất - Lắp ráp - Chế biến,1,1.8308647174060309e-06
Bán hàng - Kinh doanh / Sản xuất - Lắp ráp - Chế biến / Xây dựng,1,1.8308647174060309e-06
Điện - Điện tử - Điện lạnh / Công nghệ thực phẩm - Dinh dưỡng / Cơ khí - Ô tô - Tự động hóa,1,1.8308647174060309e-06
Kế toán / Chăm sóc khách hàng,1,1.8308647174060309e-06
Hành chính - Thư ký / Giáo dục - Đào tạo / Bán hàng - Kinh doanh,1,1.8308647174060309e-06
Bất động sản / Thu mua - Kho Vận - Chuỗi cung ứng,1,1.8308647174060309e-06
An ninh - Bảo vệ / Tài chính - Đầu tư - Chứng Khoán / Ngân hàng,1,1.8308647174060309e-06
Khoa học - Kỹ thuật / Hóa học - Hóa sinh / Bán hàng - Kinh doanh,1,1.8308647174060309e-06
IT Phần cứng - Mạng / IT Phần mềm / Thiết kế - Sáng tạo nghệ thuật,1,1.8308647174060309e-06
Y tế - Chăm sóc sức khỏe / Nhân sự,1,1.8308647174060309e-06
Hành chính - Thư ký / Y tế - Chăm sóc sức khỏe / Dược phẩm,1,1.8308647174060309e-06
Bán hàng - Kinh doanh / Luật - Pháp Lý - Tuân thủ / Kế toán,1,1.8308647174060309e-06
Bán sỉ - Bán lẻ - Quản lý cửa hàng / Bán hàng - Kinh doanh / Xuất Nhập Khẩu,1,1.8308647174060309e-06
An ninh - Bảo vệ / Bất động sản / An toàn lao động,1,1.8308647174060309e-06
Sản xuất - Lắp ráp - Chế biến / Khoa học - Kỹ thuật / Nghề nghiệp khác,1,1.8308647174060309e-06
Thu mua - Kho Vận - Chuỗi cung ứng / Xuất bản - In ấn / Chăm sóc khách hàng,1,1.8308647174060309e-06
Nhân sự / Giáo dục - Đào tạo / Luật - Pháp Lý - Tuân thủ,1,1.8308647174060309e-06
Sản xuất - Lắp ráp - Chế biến / Vận hành - Bảo trì - Bảo dưỡng / Quản lý dự án,1,1.8308647174060309e-06
Sản xuất - Lắp ráp - Chế biến / Thu mua - Kho Vận - Chuỗi cung ứng / Vận hành - Bảo trì - Bảo dưỡng,1,1.8308647174060309e-06
Chăn nuôi - Thú y / Kế toán,1,1.8308647174060309e-06
Kế toán / Chăm sóc khách hàng / Hành chính - Thư ký,1,1.8308647174060309e-06
IT Phần mềm / Thiết kế - Sáng tạo nghệ thuật / Marketing,1,1.8308647174060309e-06
Bán hàng - Kinh doanh / Chăn nuôi - Thú y / Nghề nghiệp khác,1,1.8308647174060309e-06
Marketing / Biên phiên dịch / Thực phẩm - Đồ uống,1,1.8308647174060309e-06
Sản xuất - Lắp ráp - Chế biến / Xuất bản - In ấn / Lao động phổ thông,1,1.8308647174060309e-06
Biên phiên dịch / Kế toán / Hành chính - Thư ký,1,1.8308647174060309e-06
Thông tin - Truyền thông - Quảng cáo / Giáo dục - Đào tạo / Marketing,1,1.8308647174060309e-06
Vận hành - Bảo trì - Bảo dưỡng / Quản lý tiêu chuẩn và chất lượng / Bất động sản,1,1.8308647174060309e-06
IT Phần mềm / Phân tích - Thống kê dữ liệu,1,1.8308647174060309e-06
Giáo dục - Đào tạo / Marketing / Thông tin - Truyền thông - Quảng cáo,1,1.8308647174060309e-06
Lao động phổ thông / Điện - Điện tử - Điện lạnh,1,1.8308647174060309e-06
Hành chính - Thư ký / Bất động sản / Giáo dục - Đào tạo,1,1.8308647174060309e-06
Kế toán / Khách sạn - Nhà hàng - Du lịch / Kiểm toán,1,1.8308647174060309e-06
Khách sạn - Nhà hàng - Du lịch / Kế toán / Chăm sóc khách hàng,1,1.8308647174060309e-06
Xây dựng / Cơ khí - Ô tô - Tự động hóa / An toàn lao động,1,1.8308647174060309e-06
Sản xuất - Lắp ráp - Chế biến / Thu mua - Kho Vận - Chuỗi cung ứng,1,1.8308647174060309e-06
Sản xuất - Lắp ráp - Chế biến / Lao động phổ thông / Điện - Điện tử - Điện lạnh,1,1.8308647174060309e-06
Hành chính - Thư ký / Thu mua - Kho Vận - Chuỗi cung ứng / Vận Tải - Lái xe - Giao nhận,1,1.8308647174060309e-06
Sản xuất - Lắp ráp - Chế biến / Thu mua - Kho Vận - Chuỗi cung ứng / Chăn nuôi - Thú y,1,1.8308647174060309e-06
Y tế - Chăm sóc sức khỏe / Khoa học - Kỹ thuật,1,1.8308647174060309e-06
Kế toán / Kiểm toán / Vận Tải - Lái xe - Giao nhận,1,1.8308647174060309e-06
Khách sạn - Nhà hàng - Du lịch / Xây dựng / Kế toán,1,1.8308647174060309e-06
Kiến trúc - Thiết kế nội ngoại thất / Cơ khí - Ô tô - Tự động hóa / Điện - Điện tử - Điện lạnh,1,1.8308647174060309e-06
Xây dựng / Thu mua - Kho Vận - Chuỗi cung ứng / Hành chính - Thư ký,1,1.8308647174060309e-06
Kế toán / Thu mua - Kho Vận - Chuỗi cung ứng / Phân tích - Thống kê dữ liệu,1,1.8308647174060309e-06
Kế toán / Biên phiên dịch / Bán hàng - Kinh doanh,1,1.8308647174060309e-06
Xuất bản - In ấn / Lao động phổ thông / Vận hành - Bảo trì - Bảo dưỡng,1,1.8308647174060309e-06
Sản xuất - Lắp ráp - Chế biến / Khoa học - Kỹ thuật / Thực phẩm - Đồ uống,1,1.8308647174060309e-06
Bán sỉ - Bán lẻ - Quản lý cửa hàng / Marketing / Thông tin - Truyền thông - Quảng cáo,1,1.8308647174060309e-06
Hành chính - Thư ký / Môi trường - Xử lý chất thải,1,1.8308647174060309e-06
Môi trường - Xử lý chất thải / Quản lý dự án,1,1.8308647174060309e-06
Bán hàng - Kinh doanh / Chăm sóc khách hàng / Nông - Lâm - Ngư nghiệp,1,1.8308647174060309e-06
Khách sạn - Nhà hàng - Du lịch / Điện - Điện tử - Điện lạnh / Công nghệ thực phẩm - Dinh dưỡng,1,1.8308647174060309e-06
Thu mua - Kho Vận - Chuỗi cung ứng / Quản lý dự án / Hành chính - Thư ký,1,1.8308647174060309e-06
Dệt may - Da giày - Thời trang / Thiết kế - Sáng tạo nghệ thuật / Nghề nghiệp khác,1,1.8308647174060309e-06
Kế toán / Chăm sóc khách hàng / Kiểm toán,1,1.8308647174060309e-06
Thu mua - Kho Vận - Chuỗi cung ứng / An toàn lao động / Lao động phổ thông,1,1.8308647174060309e-06
Kiến trúc - Thiết kế nội ngoại thất / Bán hàng - Kinh doanh,1,1.8308647174060309e-06
Dược phẩm / Cơ khí - Ô tô - Tự động hóa,1,1.8308647174060309e-06
Logistics / Xuất nhập khẩu / Mua hàng / Kho,1,1.8308647174060309e-06
Bất động sản / Bán hàng - Kinh doanh / Marketing,1,1.8308647174060309e-06
Thực tập sinh / Giáo dục - Đào tạo,1,1.8308647174060309e-06
IT Phần cứng - Mạng / Lao động phổ thông,1,1.8308647174060309e-06
Hóa học - Hóa sinh / Môi trường - Xử lý chất thải,1,1.8308647174060309e-06
Bán sỉ - Bán lẻ - Quản lý cửa hàng / Chăm sóc khách hàng / An ninh - Bảo vệ,1,1.8308647174060309e-06
Hóa học - Hóa sinh / Bán hàng - Kinh doanh / Chăm sóc khách hàng,1,1.8308647174060309e-06
Vận hành - Bảo trì - Bảo dưỡng / Kiến trúc - Thiết kế nội ngoại thất / Cơ khí - Ô tô - Tự động hóa,1,1.8308647174060309e-06
Tài chính - Đầu tư - Chứng Khoán / Kiểm toán / Kế toán,1,1.8308647174060309e-06
Dệt may - Da giày - Thời trang / Phân tích - Thống kê dữ liệu,1,1.8308647174060309e-06
Khoa học - Kỹ thuật / Quản lý tiêu chuẩn và chất lượng / Sản xuất - Lắp ráp - Chế biến,1,1.8308647174060309e-06
Chăm sóc khách hàng / Nhân sự / Biên phiên dịch,1,1.8308647174060309e-06
Hành chính - Thư ký / Lao động phổ thông / Phân tích - Thống kê dữ liệu,1,1.8308647174060309e-06
IT / Phần mềm / IOT / Điện tử viễn thông,1,1.8308647174060309e-06
Xây dựng / Quản lý dự án / Môi trường - Xử lý chất thải,1,1.8308647174060309e-06
Lao động phổ thông / Xuất bản - In ấn,1,1.8308647174060309e-06
Quản lý tiêu chuẩn và chất lượng / Hóa học - Hóa sinh / Xuất bản - In ấn,1,1.8308647174060309e-06
Cơ khí - Ô tô - Tự động hóa / Kế toán,1,1.8308647174060309e-06
Cơ khí - Ô tô - Tự động hóa / Xuất bản - In ấn / Sản xuất - Lắp ráp - Chế biến,1,1.8308647174060309e-06
Thực phẩm - Đồ uống / Công nghệ thực phẩm - Dinh dưỡng / Khoa học - Kỹ thuật,1,1.8308647174060309e-06
Hành chính - Thư ký / Kế toán / Vận Tải - Lái xe - Giao nhận,1,1.8308647174060309e-06
Chăm sóc khách hàng / Hành chính - Thư ký / Kiểm toán,1,1.8308647174060309e-06
Hành chính - Thư ký / Thực tập sinh,1,1.8308647174060309e-06
Kế toán / Xuất Nhập Khẩu / Nhân sự,1,1.8308647174060309e-06
Thiết kế - Sáng tạo nghệ thuật / Khoa học - Kỹ thuật / Dệt may - Da giày - Thời trang,1,1.8308647174060309e-06
Kế toán / Y tế - Chăm sóc sức khỏe,1,1.8308647174060309e-06
Xây dựng / Bán sỉ - Bán lẻ - Quản lý cửa hàng,1,1.8308647174060309e-06
Chăm sóc khách hàng / Nhân sự / Bán sỉ - Bán lẻ - Quản lý cửa hàng,1,1.8308647174060309e-06
Vận hành - Bảo trì - Bảo dưỡng / Quản lý tiêu chuẩn và chất lượng / Điện - Điện tử - Điện lạnh,1,1.8308647174060309e-06
Bán hàng - Kinh doanh / Y tế - Chăm sóc sức khỏe / Khoa học - Kỹ thuật,1,1.8308647174060309e-06
Kiến trúc - Thiết kế nội ngoại thất / Xây dựng / Kiểm toán,1,1.8308647174060309e-06
Vận Tải - Lái xe - Giao nhận / Kế toán / Thu mua - Kho Vận - Chuỗi cung ứng,1,1.8308647174060309e-06
Dệt may - Da giày - Thời trang / Quản lý tiêu chuẩn và chất lượng / Sản xuất - Lắp ráp - Chế biến,1,1.8308647174060309e-06
Vận hành - Bảo trì - Bảo dưỡng / An toàn lao động / Xây dựng,1,1.8308647174060309e-06
Giáo dục - Đào tạo / Biên phiên dịch / Hành chính - Thư ký,1,1.8308647174060309e-06
Xây dựng / Vận hành - Bảo trì - Bảo dưỡng / Điện - Điện tử - Điện lạnh,1,1.8308647174060309e-06
Khách sạn - Nhà hàng - Du lịch / Lao động phổ thông / Kế toán,1,1.8308647174060309e-06
Bán hàng - Kinh doanh / Bất động sản / Marketing,1,1.8308647174060309e-06
Bán hàng - Kinh doanh / Điện - Điện tử - Điện lạnh / Kiến trúc - Thiết kế nội ngoại thất,1,1.8308647174060309e-06
Bán hàng - Kinh doanh / Xuất bản - In ấn / Thực tập sinh,1,1.8308647174060309e-06
Lao động phổ thông / Vận Tải - Lái xe - Giao nhận / Cơ khí - Ô tô - Tự động hóa,1,1.8308647174060309e-06
Hành chính - Thư ký / Kế toán / Bán sỉ - Bán lẻ - Quản lý cửa hàng,1,1.8308647174060309e-06
Quản lý tiêu chuẩn và chất lượng / Điện - Điện tử - Điện lạnh / IT Phần cứng - Mạng,1,1.8308647174060309e-06
Điện - Điện tử - Điện lạnh / Khai thác năng lượng - Khoáng sản - Địa chất / Xây dựng,1,1.8308647174060309e-06
Vận Tải - Lái xe - Giao nhận / Bán hàng - Kinh doanh,1,1.8308647174060309e-06
Thông tin - Truyền thông - Quảng cáo / Thiết kế - Sáng tạo nghệ thuật / Marketing,1,1.8308647174060309e-06
Hành chính - Thư ký / Thông tin - Truyền thông - Quảng cáo / Nhân sự,1,1.8308647174060309e-06
Vận Tải - Lái xe - Giao nhận / Dệt may - Da giày - Thời trang / Hóa học - Hóa sinh,1,1.8308647174060309e-06
Dệt may - Da giày - Thời trang / Lao động phổ thông / Thực tập sinh,1,1.8308647174060309e-06
Hành chính - Thư ký / Nhân sự / Điện - Điện tử - Điện lạnh,1,1.8308647174060309e-06
Xuất Nhập Khẩu / An toàn lao động / Vận Tải - Lái xe - Giao nhận,1,1.8308647174060309e-06
Bán hàng - Kinh doanh / Marketing / Tài chính - Đầu tư - Chứng Khoán,1,1.8308647174060309e-06
Điện - Điện tử - Điện lạnh / Bán hàng - Kinh doanh / Chăm sóc khách hàng,1,1.8308647174060309e-06
Xuất bản - In ấn / Lao động phổ thông / Thu mua - Kho Vận - Chuỗi cung ứng,1,1.8308647174060309e-06
Luật - Pháp Lý - Tuân thủ / Quản lý dự án / Bất động sản,1,1.8308647174060309e-06
Quản lý tiêu chuẩn và chất lượng / Xây dựng / Bất động sản,1,1.8308647174060309e-06
Vận hành - Bảo trì - Bảo dưỡng / Chăn nuôi - Thú y / Cơ khí - Ô tô - Tự động hóa,1,1.8308647174060309e-06
Quản lý tiêu chuẩn và chất lượng / Thực phẩm - Đồ uống / Sản xuất - Lắp ráp - Chế biến,1,1.8308647174060309e-06
Xây dựng / Điện - Điện tử - Điện lạnh / Dược phẩm,1,1.8308647174060309e-06
Nông - Lâm - Ngư nghiệp / Marketing / Khoa học - Kỹ thuật,1,1.8308647174060309e-06
Kế toán / Tài chính - Đầu tư - Chứng Khoán / IT Phần mềm,1,1.8308647174060309e-06
Khách sạn - Nhà hàng - Du lịch / Y tế - Chăm sóc sức khỏe / Chăm sóc khách hàng,1,1.8308647174060309e-06
Nông - Lâm - Ngư nghiệp / Marketing / Bán hàng - Kinh doanh,1,1.8308647174060309e-06
Cơ khí - Ô tô - Tự động hóa / Bán hàng - Kinh doanh / Khoa học - Kỹ thuật,1,1.8308647174060309e-06
Sản xuất - Lắp ráp - Chế biến / Hành chính - Thư ký / Quản lý dự án,1,1.8308647174060309e-06
Giao Dịch Khách Hàng,1,1.8308647174060309e-06
Bất động sản/Xây dựng,1,1.8308647174060309e-06
Tài chính - Đầu tư - Chứng Khoán / Nhân sự / Luật - Pháp Lý - Tuân thủ,1,1.8308647174060309e-06
Hàng gia dụng / Chăm sóc cá nhân,1,1.8308647174060309e-06
Bán hàng - Kinh doanh / Chăm sóc khách hàng / Thông tin - Truyền thông - Quảng cáo,1,1.8308647174060309e-06
Dược phẩm / Chăm sóc khách hàng / Nghề nghiệp khác,1,1.8308647174060309e-06
Bán hàng - Kinh doanh / Bưu chính viễn thông / Bán sỉ - Bán lẻ - Quản lý cửa hàng,1,1.8308647174060309e-06
Khách sạn - Nhà hàng - Du lịch / Điện - Điện tử - Điện lạnh / Vận hành - Bảo trì - Bảo dưỡng,1,1.8308647174060309e-06
Lao động phổ thông / Sản xuất - Lắp ráp - Chế biến / Xây dựng,1,1.8308647174060309e-06
Sản xuất - Lắp ráp - Chế biến / Thực phẩm - Đồ uống / Cơ khí - Ô tô - Tự động hóa,1,1.8308647174060309e-06
Xuất bản - In ấn / Dệt may - Da giày - Thời trang,1,1.8308647174060309e-06
Ngân hàng / Tài chính - Đầu tư - Chứng Khoán / Bán sỉ - Bán lẻ - Quản lý cửa hàng,1,1.8308647174060309e-06
Xây dựng / Kiến trúc - Thiết kế nội ngoại thất / Cơ khí - Ô tô - Tự động hóa,1,1.8308647174060309e-06
Bán sỉ - Bán lẻ - Quản lý cửa hàng / Dệt may - Da giày - Thời trang,1,1.8308647174060309e-06
Bán hàng - Kinh doanh / Chăm sóc khách hàng / Vận Tải - Lái xe - Giao nhận,1,1.8308647174060309e-06
Quản lý tiêu chuẩn và chất lượng / Khoa học - Kỹ thuật / Cơ khí - Ô tô - Tự động hóa,1,1.8308647174060309e-06
Xuất Nhập Khẩu / Vận Tải - Lái xe - Giao nhận / Bán hàng - Kinh doanh,1,1.8308647174060309e-06
Quản lý tiêu chuẩn và chất lượng / Sản xuất - Lắp ráp - Chế biến / Điện - Điện tử - Điện lạnh,1,1.8308647174060309e-06
Vận hành - Bảo trì - Bảo dưỡng / Thực phẩm - Đồ uống / Công nghệ thực phẩm - Dinh dưỡng,1,1.8308647174060309e-06
Cơ khí - Ô tô - Tự động hóa / Bán hàng - Kinh doanh / Xuất Nhập Khẩu,1,1.8308647174060309e-06
IT Phần cứng - Mạng / Chăm sóc khách hàng / Điện - Điện tử - Điện lạnh,1,1.8308647174060309e-06
Kiến trúc - Thiết kế nội ngoại thất / Xây dựng / Bán sỉ - Bán lẻ - Quản lý cửa hàng,1,1.8308647174060309e-06
Kế toán / Vận Tải - Lái xe - Giao nhận / Kiểm toán,1,1.8308647174060309e-06
Kiến trúc - Thiết kế nội ngoại thất / Sản xuất - Lắp ráp - Chế biến / Xây dựng,1,1.8308647174060309e-06
IT Helpdesk,1,1.8308647174060309e-06
Bán hàng - Kinh doanh / Lao động phổ thông / Sản xuất - Lắp ráp - Chế biến,1,1.8308647174060309e-06
Lao động phổ thông / Nông - Lâm - Ngư nghiệp / Thu mua - Kho Vận - Chuỗi cung ứng,1,1.8308647174060309e-06
Xây dựng / Khoa học - Kỹ thuật / Vận hành - Bảo trì - Bảo dưỡng,1,1.8308647174060309e-06
Quản lý tiêu chuẩn và chất lượng / Chăm sóc khách hàng / Y tế - Chăm sóc sức khỏe,1,1.8308647174060309e-06
Kế toán / Vận Tải - Lái xe - Giao nhận / Thu mua - Kho Vận - Chuỗi cung ứng,1,1.8308647174060309e-06
Cơ khí - Ô tô - Tự động hóa / Quản lý dự án / Khoa học - Kỹ thuật,1,1.8308647174060309e-06
Xuất Nhập Khẩu / Thu mua - Kho Vận - Chuỗi cung ứng / Thực phẩm - Đồ uống,1,1.8308647174060309e-06
IT Phần mềm / Quản lý dự án / Phân tích - Thống kê dữ liệu,1,1.8308647174060309e-06
Sản xuất - Lắp ráp - Chế biến / Kế toán / Công nghệ thực phẩm - Dinh dưỡng,1,1.8308647174060309e-06
Data Engineer,1,1.8308647174060309e-06
Thu mua - Kho Vận - Chuỗi cung ứng / Vận Tải - Lái xe - Giao nhận / Cơ khí - Ô tô - Tự động hóa,1,1.8308647174060309e-06
Tài chính - Đầu tư - Chứng Khoán / Kế toán / Thu mua - Kho Vận - Chuỗi cung ứng,1,1.8308647174060309e-06
Kế toán / Luật - Pháp Lý - Tuân thủ / Tài chính - Đầu tư - Chứng Khoán,1,1.8308647174060309e-06
Kiến trúc - Thiết kế nội ngoại thất / Kế toán / Xây dựng,1,1.8308647174060309e-06
Khách sạn - Nhà hàng - Du lịch / Marketing / Thực phẩm - Đồ uống,1,1.8308647174060309e-06
Sản xuất - Lắp ráp - Chế biến / Quản lý tiêu chuẩn và chất lượng / Môi trường - Xử lý chất thải,1,1.8308647174060309e-06
Nghề nghiệp khác / Vận Tải - Lái xe - Giao nhận / Sản xuất - Lắp ráp - Chế biến,1,1.8308647174060309e-06
Nhân sự / Bất động sản,1,1.8308647174060309e-06
IT Phần cứng - Mạng / IT Phần mềm / Marketing,1,1.8308647174060309e-06
Xuất Nhập Khẩu / Tài chính - Đầu tư - Chứng Khoán / Thu mua - Kho Vận - Chuỗi cung ứng,1,1.8308647174060309e-06
Bất động sản / Nghề nghiệp khác,1,1.8308647174060309e-06
Dệt may - Da giày - Thời trang / Biên phiên dịch / Quản lý tiêu chuẩn và chất lượng,1,1.8308647174060309e-06
An ninh - Bảo vệ / Nghề nghiệp khác / Lao động phổ thông,1,1.8308647174060309e-06
Hóa học - Hóa sinh / Môi trường - Xử lý chất thải / An toàn lao động,1,1.8308647174060309e-06
Khoa học - Kỹ thuật / Hóa học - Hóa sinh / Thu mua - Kho Vận - Chuỗi cung ứng,1,1.8308647174060309e-06
Hành chính - Thư ký / Nhân sự / An toàn lao động,1,1.8308647174060309e-06
Nhân sự / Dệt may - Da giày - Thời trang / Bán hàng - Kinh doanh,1,1.8308647174060309e-06
Kiến trúc - Thiết kế nội ngoại thất / Xây dựng / Thu mua - Kho Vận - Chuỗi cung ứng,1,1.8308647174060309e-06
Giáo dục - Đào tạo / Chăm sóc khách hàng / Biên phiên dịch,1,1.8308647174060309e-06
Thông tin - Truyền thông - Quảng cáo / Marketing / Hành chính - Thư ký,1,1.8308647174060309e-06
Vận hành - Bảo trì - Bảo dưỡng / Xây dựng / An toàn lao động,1,1.8308647174060309e-06
Biên phiên dịch / Quản lý dự án / Xây dựng,1,1.8308647174060309e-06
Hành chính - Thư ký / Luật - Pháp Lý - Tuân thủ / Biên phiên dịch,1,1.8308647174060309e-06
Bán hàng - Kinh doanh / Hành chính - Thư ký / Bảo hiểm,1,1.8308647174060309e-06
Y tế / Sức khỏe / Làm đẹp,1,1.8308647174060309e-06
Xây dựng / Khai thác năng lượng - Khoáng sản - Địa chất / Khoa học - Kỹ thuật,1,1.8308647174060309e-06
Hành chính - Thư ký / Biên phiên dịch / Quản lý tiêu chuẩn và chất lượng,1,1.8308647174060309e-06
Business Development,1,1.8308647174060309e-06
Điện - Điện tử - Điện lạnh / Hóa học - Hóa sinh / Cơ khí - Ô tô - Tự động hóa,1,1.8308647174060309e-06
Luật - Pháp Lý - Tuân thủ / Nhân sự / Hành chính - Thư ký,1,1.8308647174060309e-06
Khách sạn - Nhà hàng - Du lịch / Nhân sự / Thực phẩm - Đồ uống,1,1.8308647174060309e-06
Môi trường - Xử lý chất thải / Xây dựng / Khoa học - Kỹ thuật,1,1.8308647174060309e-06
Vận Tải - Lái xe - Giao nhận / Sản xuất - Lắp ráp - Chế biến,1,1.8308647174060309e-06
Bán hàng - Kinh doanh / Hành chính - Thư ký / Y tế - Chăm sóc sức khỏe,1,1.8308647174060309e-06
Thu mua - Kho Vận - Chuỗi cung ứng / Kế toán / Xây dựng,1,1.8308647174060309e-06
Nông - Lâm - Ngư nghiệp / Hóa học - Hóa sinh / Công nghệ thực phẩm - Dinh dưỡng,1,1.8308647174060309e-06
Kế toán / Bất động sản / Hành chính - Thư ký,1,1.8308647174060309e-06
Luật - Pháp Lý - Tuân thủ / Hành chính - Thư ký / Kiểm toán,1,1.8308647174060309e-06
Lao động phổ thông / Khách sạn - Nhà hàng - Du lịch / Quản lý tiêu chuẩn và chất lượng,1,1.8308647174060309e-06
Lao động phổ thông / Thực tập sinh / Thực phẩm - Đồ uống,1,1.8308647174060309e-06
Xuất bản - In ấn / Thiết kế - Sáng tạo nghệ thuật / Kiến trúc - Thiết kế nội ngoại thất,1,1.8308647174060309e-06
Marketing / Bán hàng - Kinh doanh / Nông - Lâm - Ngư nghiệp,1,1.8308647174060309e-06
Kiến trúc - Thiết kế nội ngoại thất / Xây dựng / Sản xuất - Lắp ráp - Chế biến,1,1.8308647174060309e-06
Thực phẩm - Đồ uống / Khách sạn - Nhà hàng - Du lịch / Nghề nghiệp khác,1,1.8308647174060309e-06
Khoa học - Kỹ thuật / Cơ khí - Ô tô - Tự động hóa / Quản lý tiêu chuẩn và chất lượng,1,1.8308647174060309e-06
Sản xuất - Lắp ráp - Chế biến / Thực phẩm - Đồ uống / Quản lý tiêu chuẩn và chất lượng,1,1.8308647174060309e-06
Xuất bản - In ấn / Lao động phổ thông / Nghề nghiệp khác,1,1.8308647174060309e-06
Chăm sóc khách hàng / Bán hàng - Kinh doanh / Bất động sản,1,1.8308647174060309e-06
Bảo hiểm / Ngân hàng / Bán hàng - Kinh doanh,1,1.8308647174060309e-06
Quản lý tiêu chuẩn và chất lượng / An toàn lao động / Thu mua - Kho Vận - Chuỗi cung ứng,1,1.8308647174060309e-06
Khách sạn - Nhà hàng - Du lịch / Bán sỉ - Bán lẻ - Quản lý cửa hàng / Quản lý tiêu chuẩn và chất lượng,1,1.8308647174060309e-06
Hóa học - Hóa sinh / Quản lý tiêu chuẩn và chất lượng,1,1.8308647174060309e-06
Vận Tải - Lái xe - Giao nhận / Cơ khí - Ô tô - Tự động hóa / Nghề nghiệp khác,1,1.8308647174060309e-06
Bất động sản / Ngân hàng / Marketing,1,1.8308647174060309e-06
Marketing / Xuất Nhập Khẩu / Chăm sóc khách hàng,1,1.8308647174060309e-06
Giáo dục - Đào tạo / Bán hàng - Kinh doanh,1,1.8308647174060309e-06
Kế toán / Bán sỉ - Bán lẻ - Quản lý cửa hàng / Thu mua - Kho Vận - Chuỗi cung ứng,1,1.8308647174060309e-06
Sản xuất - Lắp ráp - Chế biến / Quản lý tiêu chuẩn và chất lượng / Quản lý dự án,1,1.8308647174060309e-06
An toàn lao động / Môi trường - Xử lý chất thải / Xây dựng,1,1.8308647174060309e-06
Sản xuất - Lắp ráp - Chế biến / Quản lý tiêu chuẩn và chất lượng / Hóa học - Hóa sinh,1,1.8308647174060309e-06
Kế toán / Marketing,1,1.8308647174060309e-06
Hành chính - Thư ký / Bảo hiểm / Chăm sóc khách hàng,1,1.8308647174060309e-06
Luật - Pháp Lý - Tuân thủ / Hành chính - Thư ký / Giáo dục - Đào tạo,1,1.8308647174060309e-06
Sản xuất - Lắp ráp - Chế biến / Dệt may - Da giày - Thời trang / Môi trường - Xử lý chất thải,1,1.8308647174060309e-06
An toàn lao động / Sản xuất - Lắp ráp - Chế biến / Khoa học - Kỹ thuật,1,1.8308647174060309e-06
Bán hàng - Kinh doanh / Khoa học - Kỹ thuật / Sản xuất - Lắp ráp - Chế biến,1,1.8308647174060309e-06
Thiết kế - Sáng tạo nghệ thuật / Bán sỉ - Bán lẻ - Quản lý cửa hàng / Marketing,1,1.8308647174060309e-06
Bán hàng - Kinh doanh / Thu mua - Kho Vận - Chuỗi cung ứng / Lao động phổ thông,1,1.8308647174060309e-06
Sản xuất - Lắp ráp - Chế biến / Thu mua - Kho Vận - Chuỗi cung ứng / Lao động phổ thông,1,1.8308647174060309e-06
Bán hàng - Kinh doanh / Tài chính - Đầu tư - Chứng Khoán / Thông tin - Truyền thông - Quảng cáo,1,1.8308647174060309e-06
Thu mua - Kho Vận - Chuỗi cung ứng / Dệt may - Da giày - Thời trang / Bán sỉ - Bán lẻ - Quản lý cửa hàng,1,1.8308647174060309e-06
Thu mua - Kho Vận - Chuỗi cung ứng / Kế toán / Quản lý tiêu chuẩn và chất lượng,1,1.8308647174060309e-06
Kiểm toán / Xây dựng,1,1.8308647174060309e-06
Thông tin - Truyền thông - Quảng cáo / Thực phẩm - Đồ uống / Marketing,1,1.8308647174060309e-06
Kế toán / Dược phẩm / Bán hàng - Kinh doanh,1,1.8308647174060309e-06
Điện - Điện tử - Điện lạnh / Xuất bản - In ấn / Cơ khí - Ô tô - Tự động hóa,1,1.8308647174060309e-06
Kế toán / Tài chính - Đầu tư - Chứng Khoán / Khách sạn - Nhà hàng - Du lịch,1,1.8308647174060309e-06
Quản lý dự án / Môi trường - Xử lý chất thải / Xây dựng,1,1.8308647174060309e-06
IT Phần cứng - Mạng / Bưu chính viễn thông / Thực tập sinh,1,1.8308647174060309e-06
Xuất bản - In ấn / Kiến trúc - Thiết kế nội ngoại thất,1,1.8308647174060309e-06
Dệt may - Da giày - Thời trang / Lao động phổ thông / Khoa học - Kỹ thuật,1,1.8308647174060309e-06
Bán hàng - Kinh doanh / Quản lý dự án / Cơ khí - Ô tô - Tự động hóa,1,1.8308647174060309e-06
Thiết kế - Sáng tạo nghệ thuật / Marketing / Thực tập sinh,1,1.8308647174060309e-06
Marketing / Kế toán / Bán hàng - Kinh doanh,1,1.8308647174060309e-06
Xuất Nhập Khẩu / Vận Tải - Lái xe - Giao nhận / Vận hành - Bảo trì - Bảo dưỡng,1,1.8308647174060309e-06
Xuất Nhập Khẩu / Hành chính - Thư ký / Dệt may - Da giày - Thời trang,1,1.8308647174060309e-06
Biên phiên dịch / Hành chính - Thư ký / Marketing,1,1.8308647174060309e-06
Kế toán / Cơ khí - Ô tô - Tự động hóa,1,1.8308647174060309e-06
Khoa học - Kỹ thuật / Xây dựng / Nghề nghiệp khác,1,1.8308647174060309e-06
Khoa học - Kỹ thuật / Điện - Điện tử - Điện lạnh / Nghề nghiệp khác,1,1.8308647174060309e-06
Khách sạn - Nhà hàng - Du lịch / Bán hàng - Kinh doanh / Quản lý dự án,1,1.8308647174060309e-06
Dệt may - Da giày - Thời trang / Lao động phổ thông / Vận hành - Bảo trì - Bảo dưỡng,1,1.8308647174060309e-06
Thiết kế - Sáng tạo nghệ thuật / Kiến trúc - Thiết kế nội ngoại thất / Quản lý dự án,1,1.8308647174060309e-06
Kế toán / Sản xuất - Lắp ráp - Chế biến / Quản lý dự án,1,1.8308647174060309e-06
An ninh - Bảo vệ / Lao động phổ thông / Khách sạn - Nhà hàng - Du lịch,1,1.8308647174060309e-06
Khách sạn - Nhà hàng - Du lịch / Marketing / Truyền hình - Báo chí - Biên tập,1,1.8308647174060309e-06
Marketing / Thông tin - Truyền thông - Quảng cáo / Hành chính - Thư ký,1,1.8308647174060309e-06
Hành chính - Thư ký / Phân tích - Thống kê dữ liệu / Nhân sự,1,1.8308647174060309e-06
Bán sỉ - Bán lẻ - Quản lý cửa hàng / Khách sạn - Nhà hàng - Du lịch / Thu mua - Kho Vận - Chuỗi cung ứng,1,1.8308647174060309e-06
Chăm sóc khách hàng / Hành chính - Thư ký / Y tế - Chăm sóc sức khỏe,1,1.8308647174060309e-06
Kế toán / Bất động sản,1,1.8308647174060309e-06
Giáo dục - Đào tạo / Cơ khí - Ô tô - Tự động hóa / Khoa học - Kỹ thuật,1,1.8308647174060309e-06
Vận hành - Bảo trì - Bảo dưỡng / Điện - Điện tử - Điện lạnh / Quản lý dự án,1,1.8308647174060309e-06
Marketing / Thông tin - Truyền thông - Quảng cáo / Cơ khí - Ô tô - Tự động hóa,1,1.8308647174060309e-06
Bán hàng - Kinh doanh / Vận Tải - Lái xe - Giao nhận / Bán sỉ - Bán lẻ - Quản lý cửa hàng,1,1.8308647174060309e-06
Thực phẩm - Đồ uống / Lao động phổ thông,1,1.8308647174060309e-06
Hành chính - Thư ký / Nghề nghiệp khác,1,1.8308647174060309e-06
Hành chính - Thư ký / Tài chính - Đầu tư - Chứng Khoán / Quản lý dự án,1,1.8308647174060309e-06
Xuất bản - In ấn / Bán hàng - Kinh doanh / Chăm sóc khách hàng,1,1.8308647174060309e-06
Hành chính - Thư ký / Xuất Nhập Khẩu / Biên phiên dịch,1,1.8308647174060309e-06
Vận Tải - Lái xe - Giao nhận / Chăm sóc khách hàng / Lao động phổ thông,1,1.8308647174060309e-06
Thu mua - Kho Vận - Chuỗi cung ứng / Điện - Điện tử - Điện lạnh / Kế toán,1,1.8308647174060309e-06
Khoa học - Kỹ thuật / Sản xuất - Lắp ráp - Chế biến / Vận hành - Bảo trì - Bảo dưỡng,1,1.8308647174060309e-06
Y tế - Chăm sóc sức khỏe / Bán hàng - Kinh doanh / Bán sỉ - Bán lẻ - Quản lý cửa hàng,1,1.8308647174060309e-06
Quản lý dự án / Thực phẩm - Đồ uống / Vận hành - Bảo trì - Bảo dưỡng,1,1.8308647174060309e-06
Thiết kế - Sáng tạo nghệ thuật / Bán sỉ - Bán lẻ - Quản lý cửa hàng,1,1.8308647174060309e-06
Bán sỉ - Bán lẻ - Quản lý cửa hàng / Vận Tải - Lái xe - Giao nhận / Thu mua - Kho Vận - Chuỗi cung ứng,1,1.8308647174060309e-06
Nghề nghiệp khác / Lao động phổ thông / Khách sạn - Nhà hàng - Du lịch,1,1.8308647174060309e-06
Cơ khí - Ô tô - Tự động hóa / Khoa học - Kỹ thuật / IT Phần mềm,1,1.8308647174060309e-06
Xây dựng / Giáo dục - Đào tạo,1,1.8308647174060309e-06
Hành chính - Thư ký / Khách sạn - Nhà hàng - Du lịch / Nhân sự,1,1.8308647174060309e-06
Xây dựng / Vận hành - Bảo trì - Bảo dưỡng / Quản lý tiêu chuẩn và chất lượng,1,1.8308647174060309e-06
Quản lý dự án / Điện - Điện tử - Điện lạnh / IT Phần cứng - Mạng,1,1.8308647174060309e-06
Sản xuất - Lắp ráp - Chế biến / Khoa học - Kỹ thuật / Điện - Điện tử - Điện lạnh,1,1.8308647174060309e-06
Chăm sóc khách hàng / Khách sạn - Nhà hàng - Du lịch / Marketing,1,1.8308647174060309e-06
Sản xuất - Lắp ráp - Chế biến / An toàn lao động / Điện - Điện tử - Điện lạnh,1,1.8308647174060309e-06
Thư viện,1,1.8308647174060309e-06
Sản xuất - Lắp ráp - Chế biến / Thu mua - Kho Vận - Chuỗi cung ứng / Bán sỉ - Bán lẻ - Quản lý cửa hàng,1,1.8308647174060309e-06
Bán hàng - Kinh doanh / Lao động phổ thông / Dệt may - Da giày - Thời trang,1,1.8308647174060309e-06
Thực tập sinh / Nhân sự / Hành chính - Thư ký,1,1.8308647174060309e-06
Quản lý tiêu chuẩn và chất lượng / Cơ khí - Ô tô - Tự động hóa / An toàn lao động,1,1.8308647174060309e-06
Xây dựng / Hành chính - Thư ký / Bán hàng - Kinh doanh,1,1.8308647174060309e-06
Bán hàng - Kinh doanh / Marketing / Chăn nuôi - Thú y,1,1.8308647174060309e-06
Khách sạn - Nhà hàng - Du lịch / Bán hàng - Kinh doanh / Vận Tải - Lái xe - Giao nhận,1,1.8308647174060309e-06
Thu mua - Kho Vận - Chuỗi cung ứng / Chăm sóc khách hàng / Xuất Nhập Khẩu,1,1.8308647174060309e-06
Quản lý dự án / Hành chính - Thư ký,1,1.8308647174060309e-06
Marketing / Thông tin - Truyền thông - Quảng cáo / Hóa học - Hóa sinh,1,1.8308647174060309e-06
IT Phần mềm / Xây dựng / Điện - Điện tử - Điện lạnh,1,1.8308647174060309e-06
Bảo hiểm / Chăm sóc khách hàng / Bán hàng - Kinh doanh,1,1.8308647174060309e-06
Xây dựng / Khoa học - Kỹ thuật / Thu mua - Kho Vận - Chuỗi cung ứng,1,1.8308647174060309e-06
Nhân sự / Kế toán / Tài chính - Đầu tư - Chứng Khoán,1,1.8308647174060309e-06
Khai thác năng lượng - Khoáng sản - Địa chất / Hành chính - Thư ký / Nhân sự,1,1.8308647174060309e-06
Manufacturing and Engineering,1,1.8308647174060309e-06
Luật - Pháp Lý - Tuân thủ / Tài chính - Đầu tư - Chứng Khoán / Ngân hàng,1,1.8308647174060309e-06
Tin học quản lý,1,1.8308647174060309e-06
Bán hàng - Kinh doanh / Bán sỉ - Bán lẻ - Quản lý cửa hàng / Hóa học - Hóa sinh,1,1.8308647174060309e-06
Xuất Nhập Khẩu / Kế toán / Tài chính - Đầu tư - Chứng Khoán,1,1.8308647174060309e-06
Bán hàng - Kinh doanh / Điện - Điện tử - Điện lạnh / Sản xuất - Lắp ráp - Chế biến,1,1.8308647174060309e-06
Hành chính - Thư ký / Biên phiên dịch / Vận Tải - Lái xe - Giao nhận,1,1.8308647174060309e-06
Lao động phổ thông / Thu mua - Kho Vận - Chuỗi cung ứng / Bán sỉ - Bán lẻ - Quản lý cửa hàng,1,1.8308647174060309e-06
Copywriter,1,1.8308647174060309e-06
Dược phẩm / Chăn nuôi - Thú y / Bán sỉ - Bán lẻ - Quản lý cửa hàng,1,1.8308647174060309e-06
Giáo dục - Đào tạo / Nhân sự / Hành chính - Thư ký,1,1.8308647174060309e-06
Thiết kế - Sáng tạo nghệ thuật / Xuất bản - In ấn / Sản xuất - Lắp ráp - Chế biến,1,1.8308647174060309e-06
Nhân sự / Giáo dục - Đào tạo / Thực tập sinh,1,1.8308647174060309e-06
Hóa học - Hóa sinh / Bán sỉ - Bán lẻ - Quản lý cửa hàng / Bán hàng - Kinh doanh,1,1.8308647174060309e-06
Bán hàng - Kinh doanh / Hóa học - Hóa sinh / Y tế - Chăm sóc sức khỏe,1,1.8308647174060309e-06
Hành chính - Thư ký / Bán hàng - Kinh doanh / Khách sạn - Nhà hàng - Du lịch,1,1.8308647174060309e-06
Xuất Nhập Khẩu / Kế toán / Xây dựng,1,1.8308647174060309e-06
Kế toán / Dược phẩm / Tài chính - Đầu tư - Chứng Khoán,1,1.8308647174060309e-06
Quản lý tiêu chuẩn và chất lượng / Cơ khí - Ô tô - Tự động hóa / Điện - Điện tử - Điện lạnh,1,1.8308647174060309e-06
Bán sỉ - Bán lẻ - Quản lý cửa hàng / Marketing / Hành chính - Thư ký,1,1.8308647174060309e-06
Nhân sự / Thực tập sinh,1,1.8308647174060309e-06
Bán hàng - Kinh doanh / Xuất Nhập Khẩu / Công nghệ thực phẩm - Dinh dưỡng,1,1.8308647174060309e-06
Ngân hàng / Tài chính - Đầu tư - Chứng Khoán / Kế toán,1,1.8308647174060309e-06
Khách sạn - Nhà hàng - Du lịch / Thực tập sinh / Marketing,1,1.8308647174060309e-06
Chăm sóc khách hàng / Khoa học - Kỹ thuật / Công nghệ thực phẩm - Dinh dưỡng,1,1.8308647174060309e-06
Thu mua - Kho Vận - Chuỗi cung ứng / Dược phẩm / Y tế - Chăm sóc sức khỏe,1,1.8308647174060309e-06
Thu mua - Kho Vận - Chuỗi cung ứng / Kế toán / Tài chính - Đầu tư - Chứng Khoán,1,1.8308647174060309e-06
Giáo dục - Đào tạo / IT Phần mềm / IT Phần cứng - Mạng,1,1.8308647174060309e-06
Tài chính - Đầu tư - Chứng Khoán / Hành chính - Thư ký,1,1.8308647174060309e-06
Xây dựng / Bưu chính viễn thông / Điện - Điện tử - Điện lạnh,1,1.8308647174060309e-06
Bán hàng - Kinh doanh / Cơ khí - Ô tô - Tự động hóa / Xây dựng,1,1.8308647174060309e-06
Thu mua - Kho Vận - Chuỗi cung ứng / Xuất Nhập Khẩu / Dệt may - Da giày - Thời trang,1,1.8308647174060309e-06
Thông tin - Truyền thông - Quảng cáo / Marketing / Truyền hình - Báo chí - Biên tập,1,1.8308647174060309e-06
Chăm sóc khách hàng / Hành chính - Thư ký / Thu mua - Kho Vận - Chuỗi cung ứng,1,1.8308647174060309e-06
Thực tập sinh / Kiến trúc - Thiết kế nội ngoại thất,1,1.8308647174060309e-06
Thông tin - Truyền thông - Quảng cáo / Công nghệ thực phẩm - Dinh dưỡng / Marketing,1,1.8308647174060309e-06
Kế toán / Bán hàng - Kinh doanh / Kiểm toán,1,1.8308647174060309e-06
Vận hành - Bảo trì - Bảo dưỡng / Thực phẩm - Đồ uống,1,1.8308647174060309e-06
Hành chính - Thư ký / Quản lý dự án / Nghề nghiệp khác,1,1.8308647174060309e-06
Khách sạn - Nhà hàng - Du lịch / Bất động sản / Thu mua - Kho Vận - Chuỗi cung ứng,1,1.8308647174060309e-06
Marketing / Xuất Nhập Khẩu / Kiến trúc - Thiết kế nội ngoại thất,1,1.8308647174060309e-06
Cơ khí - Ô tô - Tự động hóa / Khoa học - Kỹ thuật / Quản lý tiêu chuẩn và chất lượng,1,1.8308647174060309e-06
Kiểm toán / Kế toán / Tài chính - Đầu tư - Chứng Khoán,1,1.8308647174060309e-06
Bán hàng - Kinh doanh / Hóa học - Hóa sinh / Khoa học - Kỹ thuật,1,1.8308647174060309e-06
Kiến trúc - Thiết kế nội ngoại thất / Thiết kế - Sáng tạo nghệ thuật / Khoa học - Kỹ thuật,1,1.8308647174060309e-06
Sản xuất - Lắp ráp - Chế biến / Công nghệ thực phẩm - Dinh dưỡng / Hóa học - Hóa sinh,1,1.8308647174060309e-06
Thu mua - Kho Vận - Chuỗi cung ứng / Biên phiên dịch / Xuất Nhập Khẩu,1,1.8308647174060309e-06
Hành chính / Thư ký,1,1.8308647174060309e-06
Vận hành - Bảo trì - Bảo dưỡng / Bán hàng - Kinh doanh,1,1.8308647174060309e-06
Điện - Điện tử - Điện lạnh / Cơ khí - Ô tô - Tự động hóa / Môi trường - Xử lý chất thải,1,1.8308647174060309e-06
Thực phẩm - Đồ uống / Lao động phổ thông / Bán hàng - Kinh doanh,1,1.8308647174060309e-06
Sản xuất - Lắp ráp - Chế biến / Bán hàng - Kinh doanh / Kế toán,1,1.8308647174060309e-06
Sản xuất - Lắp ráp - Chế biến / Điện - Điện tử - Điện lạnh / IT Phần cứng - Mạng,1,1.8308647174060309e-06
Bán hàng - Kinh doanh / Bưu chính viễn thông / Chăm sóc khách hàng,1,1.8308647174060309e-06
Hóa học - Hóa sinh / Thực phẩm - Đồ uống / Công nghệ thực phẩm - Dinh dưỡng,1,1.8308647174060309e-06
Thu mua - Kho Vận - Chuỗi cung ứng / Hành chính - Thư ký / Vận Tải - Lái xe - Giao nhận,1,1.8308647174060309e-06
Khách sạn - Nhà hàng - Du lịch / Chăm sóc khách hàng / Thông tin - Truyền thông - Quảng cáo,1,1.8308647174060309e-06
Tài chính - Đầu tư - Chứng Khoán / Bán hàng - Kinh doanh / Bảo hiểm,1,1.8308647174060309e-06
Nông - Lâm - Ngư nghiệp / Thu mua - Kho Vận - Chuỗi cung ứng / Bán hàng - Kinh doanh,1,1.8308647174060309e-06
Điện - Điện tử - Điện lạnh / Vận hành - Bảo trì - Bảo dưỡng / Xây dựng,1,1.8308647174060309e-06
Vận hành - Bảo trì - Bảo dưỡng / An toàn lao động / Môi trường - Xử lý chất thải,1,1.8308647174060309e-06
Nông - Lâm - Ngư nghiệp / Sản xuất - Lắp ráp - Chế biến / Quản lý dự án,1,1.8308647174060309e-06
Bán hàng - Kinh doanh / Hóa học - Hóa sinh / Bán sỉ - Bán lẻ - Quản lý cửa hàng,1,1.8308647174060309e-06
Nông - Lâm - Ngư nghiệp / Marketing / Chăn nuôi - Thú y,1,1.8308647174060309e-06
Hành chính - Thư ký / Xuất bản - In ấn / Chăm sóc khách hàng,1,1.8308647174060309e-06
Quản lý tiêu chuẩn và chất lượng / Cơ khí - Ô tô - Tự động hóa / Kiến trúc - Thiết kế nội ngoại thất,1,1.8308647174060309e-06
Khách sạn - Nhà hàng - Du lịch / Điện - Điện tử - Điện lạnh / Khoa học - Kỹ thuật,1,1.8308647174060309e-06
Marketing / Thu mua - Kho Vận - Chuỗi cung ứng / Lao động phổ thông,1,1.8308647174060309e-06
Kiến trúc - Thiết kế nội ngoại thất / Marketing / Thiết kế - Sáng tạo nghệ thuật,1,1.8308647174060309e-06
Nông - Lâm - Ngư nghiệp / Quản lý dự án / Kiến trúc - Thiết kế nội ngoại thất,1,1.8308647174060309e-06
Công nghệ thực phẩm - Dinh dưỡng / Thực phẩm - Đồ uống / Sản xuất - Lắp ráp - Chế biến,1,1.8308647174060309e-06
Bán hàng - Kinh doanh / Thông tin - Truyền thông - Quảng cáo / Quản lý dự án,1,1.8308647174060309e-06
Bán sỉ - Bán lẻ - Quản lý cửa hàng / Xây dựng / Kế toán,1,1.8308647174060309e-06
Nhân sự / Truyền hình - Báo chí - Biên tập / Giáo dục - Đào tạo,1,1.8308647174060309e-06
Hành chính - Thư ký / Chăm sóc khách hàng / Nghề nghiệp khác,1,1.8308647174060309e-06
Bán hàng - Kinh doanh / Điện - Điện tử - Điện lạnh / Bưu chính viễn thông,1,1.8308647174060309e-06
Bán hàng - Kinh doanh / Lao động phổ thông / Cơ khí - Ô tô - Tự động hóa,1,1.8308647174060309e-06
Vận hành - Bảo trì - Bảo dưỡng / Công nghệ thực phẩm - Dinh dưỡng,1,1.8308647174060309e-06
Retail and Wholesale,1,1.8308647174060309e-06
Marketing / Hành chính - Thư ký,1,1.8308647174060309e-06
Sản xuất - Lắp ráp - Chế biến / Nghề nghiệp khác / Cơ khí - Ô tô - Tự động hóa,1,1.8308647174060309e-06
Hành chính - Thư ký / Xuất Nhập Khẩu / Chăm sóc khách hàng,1,1.8308647174060309e-06
Kiến trúc - Thiết kế nội ngoại thất / Bán hàng - Kinh doanh / Marketing,1,1.8308647174060309e-06
Giáo dục - Đào tạo / Chăm sóc khách hàng / Hành chính - Thư ký,1,1.8308647174060309e-06
Sản xuất - Lắp ráp - Chế biến / Kế toán / Hành chính - Thư ký,1,1.8308647174060309e-06
Bán hàng - Kinh doanh / Vận Tải - Lái xe - Giao nhận / Chăm sóc khách hàng,1,1.8308647174060309e-06
Quản lý dự án / Điện - Điện tử - Điện lạnh,1,1.8308647174060309e-06
Điện - Điện tử - Điện lạnh / Lao động phổ thông / Sản xuất - Lắp ráp - Chế biến,1,1.8308647174060309e-06
Kế toán / Tài chính - Đầu tư - Chứng Khoán / Thu mua - Kho Vận - Chuỗi cung ứng,1,1.8308647174060309e-06
Vận hành - Bảo trì - Bảo dưỡng / Vận Tải - Lái xe - Giao nhận / Bưu chính viễn thông,1,1.8308647174060309e-06
Hành chính - Thư ký / Biên phiên dịch / Lao động phổ thông,1,1.8308647174060309e-06
Chăm sóc khách hàng / Biên phiên dịch / Marketing,1,1.8308647174060309e-06
Bán hàng - Kinh doanh / Bưu chính viễn thông / Xuất Nhập Khẩu,1,1.8308647174060309e-06
Cơ khí - Ô tô - Tự động hóa / Dầu khí / Điện - Điện tử - Điện lạnh,1,1.8308647174060309e-06
Cơ khí - Ô tô - Tự động hóa / Xây dựng / Kiến trúc - Thiết kế nội ngoại thất,1,1.8308647174060309e-06
An ninh - Bảo vệ / Khách sạn - Nhà hàng - Du lịch / Bất động sản,1,1.8308647174060309e-06
Điện - Điện tử - Điện lạnh / IT Phần cứng - Mạng / Bưu chính viễn thông,1,1.8308647174060309e-06
Điện - Điện tử - Điện lạnh / Bưu chính viễn thông / Xây dựng,1,1.8308647174060309e-06
Bán hàng - Kinh doanh / Ngân hàng / Tài chính - Đầu tư - Chứng Khoán,1,1.8308647174060309e-06
Khoa học - Kỹ thuật / Hóa học - Hóa sinh / Dệt may - Da giày - Thời trang,1,1.8308647174060309e-06
Vận hành - Bảo trì - Bảo dưỡng / Cơ khí - Ô tô - Tự động hóa / Thực tập sinh,1,1.8308647174060309e-06
Marketing / Nông - Lâm - Ngư nghiệp / Hành chính - Thư ký,1,1.8308647174060309e-06
Biên phiên dịch / Nhân sự / Hành chính - Thư ký,1,1.8308647174060309e-06
Vận hành - Bảo trì - Bảo dưỡng / Bất động sản / Điện - Điện tử - Điện lạnh,1,1.8308647174060309e-06
Sản xuất - Lắp ráp - Chế biến / Chăm sóc khách hàng / Thu mua - Kho Vận - Chuỗi cung ứng,1,1.8308647174060309e-06
Sản xuất - Lắp ráp - Chế biến / Vận hành - Bảo trì - Bảo dưỡng / Công nghệ thực phẩm - Dinh dưỡng,1,1.8308647174060309e-06
Kiến trúc - Thiết kế nội ngoại thất / Bán sỉ - Bán lẻ - Quản lý cửa hàng / Xây dựng,1,1.8308647174060309e-06
Quản lý tiêu chuẩn và chất lượng / Dược phẩm / Sản xuất - Lắp ráp - Chế biến,1,1.8308647174060309e-06
Dệt may - Da giày - Thời trang / Hành chính - Thư ký / Biên phiên dịch,1,1.8308647174060309e-06
Kế toán / Kiểm toán / Hóa học - Hóa sinh,1,1.8308647174060309e-06
Giáo dục - Đào tạo / Y tế - Chăm sóc sức khỏe / Hành chính - Thư ký,1,1.8308647174060309e-06
IT Phần mềm / IT Phần cứng - Mạng / Khoa học - Kỹ thuật,1,1.8308647174060309e-06
Quản lý tiêu chuẩn và chất lượng / Môi trường - Xử lý chất thải / Quản lý dự án,1,1.8308647174060309e-06
Bán hàng - Kinh doanh / Xuất Nhập Khẩu / IT Phần mềm,1,1.8308647174060309e-06
Bán hàng - Kinh doanh / Chăm sóc khách hàng / An toàn lao động,1,1.8308647174060309e-06
Giáo dục - Đào tạo / Kế toán,1,1.8308647174060309e-06
Bán hàng - Kinh doanh / Hành chính - Thư ký / Tài chính - Đầu tư - Chứng Khoán,1,1.8308647174060309e-06
Thu mua - Kho Vận - Chuỗi cung ứng / Bán hàng - Kinh doanh / Nghề nghiệp khác,1,1.8308647174060309e-06
Lao động phổ thông / Xây dựng,1,1.8308647174060309e-06
Điện - Điện tử - Điện lạnh / Kế toán,1,1.8308647174060309e-06
Bán sỉ - Bán lẻ - Quản lý cửa hàng / Kế toán / Thực phẩm - Đồ uống,1,1.8308647174060309e-06
Bán hàng - Kinh doanh / Vận Tải - Lái xe - Giao nhận / Xuất Nhập Khẩu,1,1.8308647174060309e-06
Cấp bậc: Nhân viên,1,1.8308647174060309e-06
Chuyên viên IT Security,1,1.8308647174060309e-06
Luật - Pháp Lý - Tuân thủ / Chăm sóc khách hàng,1,1.8308647174060309e-06
An ninh - Bảo vệ / Chăm sóc khách hàng,1,1.8308647174060309e-06
Bán hàng - Kinh doanh / Điện - Điện tử - Điện lạnh / Xây dựng,1,1.8308647174060309e-06
Khách sạn - Nhà hàng - Du lịch / Xây dựng / Khoa học - Kỹ thuật,1,1.8308647174060309e-06
Thu mua - Kho Vận - Chuỗi cung ứng / Xây dựng / Lao động phổ thông,1,1.8308647174060309e-06
Xuất bản - In ấn / Cơ khí - Ô tô - Tự động hóa / Khoa học - Kỹ thuật,1,1.8308647174060309e-06
Xây dựng / Phân tích - Thống kê dữ liệu / Quản lý dự án,1,1.8308647174060309e-06
Thông tin - Truyền thông - Quảng cáo / Thiết kế - Sáng tạo nghệ thuật / Hành chính - Thư ký,1,1.8308647174060309e-06
Bán hàng - Kinh doanh / IT Phần mềm / Khoa học - Kỹ thuật,1,1.8308647174060309e-06
Khách sạn - Nhà hàng - Du lịch / Bán hàng - Kinh doanh / Thu mua - Kho Vận - Chuỗi cung ứng,1,1.8308647174060309e-06
Product Analyst,1,1.8308647174060309e-06
Nhân sự / Khách sạn - Nhà hàng - Du lịch,1,1.8308647174060309e-06
Hành chính - Thư ký / Y tế - Chăm sóc sức khỏe / Kế toán,1,1.8308647174060309e-06
Thu mua - Kho Vận - Chuỗi cung ứng / Kế toán / Hóa học - Hóa sinh,1,1.8308647174060309e-06
Lao động phổ thông / Điện - Điện tử - Điện lạnh / Vận hành - Bảo trì - Bảo dưỡng,1,1.8308647174060309e-06
Thiết kế - Sáng tạo nghệ thuật / Điện - Điện tử - Điện lạnh / Cơ khí - Ô tô - Tự động hóa,1,1.8308647174060309e-06
Marketing / Bán hàng - Kinh doanh / Thiết kế - Sáng tạo nghệ thuật,1,1.8308647174060309e-06
Dệt may - Da giày - Thời trang / Khoa học - Kỹ thuật,1,1.8308647174060309e-06
Bán hàng - Kinh doanh / Lao động phổ thông / Thực tập sinh,1,1.8308647174060309e-06
Thực phẩm - Đồ uống / Lao động phổ thông / Bán sỉ - Bán lẻ - Quản lý cửa hàng,1,1.8308647174060309e-06
Thực phẩm - Đồ uống / Quản lý tiêu chuẩn và chất lượng / Nông - Lâm - Ngư nghiệp,1,1.8308647174060309e-06
Vận Tải - Lái xe - Giao nhận / Thực tập sinh / Lao động phổ thông,1,1.8308647174060309e-06
Marketing / Nhân sự / Truyền hình - Báo chí - Biên tập,1,1.8308647174060309e-06
Tài chính - Đầu tư - Chứng Khoán / Bán hàng - Kinh doanh / Bất động sản,1,1.8308647174060309e-06
Kiến trúc - Thiết kế nội ngoại thất / Khoa học - Kỹ thuật / Thiết kế - Sáng tạo nghệ thuật,1,1.8308647174060309e-06
Lao động phổ thông / Hành chính - Thư ký / Thu mua - Kho Vận - Chuỗi cung ứng,1,1.8308647174060309e-06
Hành chính - Thư ký / Biên phiên dịch / Xây dựng,1,1.8308647174060309e-06
Bưu chính viễn thông / Chăm sóc khách hàng,1,1.8308647174060309e-06
Quản lý tiêu chuẩn và chất lượng / Tài chính - Đầu tư - Chứng Khoán,1,1.8308647174060309e-06
Bán hàng - Kinh doanh / Thu mua - Kho Vận - Chuỗi cung ứng / Xuất bản - In ấn,1,1.8308647174060309e-06
Nhân sự / Dệt may - Da giày - Thời trang / Luật - Pháp Lý - Tuân thủ,1,1.8308647174060309e-06
Sản xuất - Lắp ráp - Chế biến / Quản lý tiêu chuẩn và chất lượng / Thực phẩm - Đồ uống,1,1.8308647174060309e-06
Thực phẩm - Đồ uống / Sản xuất - Lắp ráp - Chế biến,1,1.8308647174060309e-06
Thu mua - Kho Vận - Chuỗi cung ứng / Hành chính - Thư ký / Sản xuất - Lắp ráp - Chế biến,1,1.8308647174060309e-06
Tài chính - Đầu tư - Chứng Khoán / Xây dựng / Bất động sản,1,1.8308647174060309e-06
Thu mua - Kho Vận - Chuỗi cung ứng / Quản lý dự án / Vận Tải - Lái xe - Giao nhận,1,1.8308647174060309e-06
Bán hàng - Kinh doanh / Giáo dục - Đào tạo / Điện - Điện tử - Điện lạnh,1,1.8308647174060309e-06
Data Analyst,1,1.8308647174060309e-06
Kiến trúc - Thiết kế nội ngoại thất / Xây dựng / Nhân sự,1,1.8308647174060309e-06
Quản lý tiêu chuẩn và chất lượng / Cơ khí - Ô tô - Tự động hóa / Khoa học - Kỹ thuật,1,1.8308647174060309e-06
Luật - Pháp Lý - Tuân thủ / Nông - Lâm - Ngư nghiệp / Quản lý tiêu chuẩn và chất lượng,1,1.8308647174060309e-06
Xây dựng / Marketing,1,1.8308647174060309e-06
Giáo dục - Đào tạo / Biên phiên dịch / Phân tích - Thống kê dữ liệu,1,1.8308647174060309e-06
Khách sạn - Nhà hàng - Du lịch / Thực phẩm - Đồ uống / Sản xuất - Lắp ráp - Chế biến,1,1.8308647174060309e-06
Khách sạn - Nhà hàng - Du lịch / Nông - Lâm - Ngư nghiệp / Kế toán,1,1.8308647174060309e-06
Nghề nghiệp khác / Khoa học - Kỹ thuật / Lao động phổ thông,1,1.8308647174060309e-06
Nông - Lâm - Ngư nghiệp / Chăm sóc khách hàng / Nhân sự,1,1.8308647174060309e-06
Ngân hàng / Chăm sóc khách hàng / Nghề nghiệp khác,1,1.8308647174060309e-06
Tư vấn phần mềm,1,1.8308647174060309e-06
Khoa học - Kỹ thuật / Xây dựng / Sản xuất - Lắp ráp - Chế biến,1,1.8308647174060309e-06
Bán hàng - Kinh doanh / Lao động phổ thông / Thông tin - Truyền thông - Quảng cáo,1,1.8308647174060309e-06
Bán hàng - Kinh doanh / Xây dựng / Cơ khí - Ô tô - Tự động hóa,1,1.8308647174060309e-06
Marketing / Bán hàng - Kinh doanh / Công nghệ thực phẩm - Dinh dưỡng,1,1.8308647174060309e-06
Bán hàng - Kinh doanh / Điện - Điện tử - Điện lạnh / Cơ khí - Ô tô - Tự động hóa,1,1.8308647174060309e-06
Quản lý tiêu chuẩn và chất lượng / Dược phẩm / Công nghệ thực phẩm - Dinh dưỡng,1,1.8308647174060309e-06
Kế toán / Dược phẩm / Kiểm toán,1,1.8308647174060309e-06
Dược phẩm / Phân tích - Thống kê dữ liệu,1,1.8308647174060309e-06
Thiết kế - Sáng tạo nghệ thuật / Sản xuất - Lắp ráp - Chế biến / Cơ khí - Ô tô - Tự động hóa,1,1.8308647174060309e-06
Kế toán / Điện - Điện tử - Điện lạnh / Bán sỉ - Bán lẻ - Quản lý cửa hàng,1,1.8308647174060309e-06
Hóa học - Hóa sinh / Dược phẩm / Quản lý tiêu chuẩn và chất lượng,1,1.8308647174060309e-06
Kiểm toán / Kế toán / Chăm sóc khách hàng,1,1.8308647174060309e-06
Giáo dục - Đào tạo / Hành chính - Thư ký / Biên phiên dịch,1,1.8308647174060309e-06
Marketing / IT Phần mềm,1,1.8308647174060309e-06
Kiến trúc - Thiết kế nội ngoại thất / Bán hàng - Kinh doanh / Sản xuất - Lắp ráp - Chế biến,1,1.8308647174060309e-06
Tài chính - Đầu tư - Chứng Khoán / Bán hàng - Kinh doanh / Hành chính - Thư ký,1,1.8308647174060309e-06
An toàn lao động / Vận hành - Bảo trì - Bảo dưỡng / Điện - Điện tử - Điện lạnh,1,1.8308647174060309e-06
Hành chính - Thư ký / Biên phiên dịch / Marketing,1,1.8308647174060309e-06
Kế toán / Phân tích - Thống kê dữ liệu / Nghề nghiệp khác,1,1.8308647174060309e-06
IT Phần mềm / Khoa học - Kỹ thuật / IT Phần cứng - Mạng,1,1.8308647174060309e-06
Chăm sóc khách hàng / Xây dựng / Bán hàng - Kinh doanh,1,1.8308647174060309e-06
Bán hàng - Kinh doanh / Hóa học - Hóa sinh / Môi trường - Xử lý chất thải,1,1.8308647174060309e-06
Khoa học - Kỹ thuật / Hóa học - Hóa sinh / Công nghệ thực phẩm - Dinh dưỡng,1,1.8308647174060309e-06
Lao động phổ thông / Sản xuất - Lắp ráp - Chế biến / Cơ khí - Ô tô - Tự động hóa,1,1.8308647174060309e-06
Quản lý dự án / Xây dựng / An toàn lao động,1,1.8308647174060309e-06
Chăm sóc khách hàng / Cơ khí - Ô tô - Tự động hóa / Bán hàng - Kinh doanh,1,1.8308647174060309e-06
Hóa học - Hóa sinh / Môi trường - Xử lý chất thải / Khoa học - Kỹ thuật,1,1.8308647174060309e-06
Hành chính - Thư ký / Kiến trúc - Thiết kế nội ngoại thất / Thiết kế - Sáng tạo nghệ thuật,1,1.8308647174060309e-06
Sản xuất - Lắp ráp - Chế biến / Dược phẩm / Quản lý tiêu chuẩn và chất lượng,1,1.8308647174060309e-06
Bán sỉ - Bán lẻ - Quản lý cửa hàng / Hành chính - Thư ký / Kế toán,1,1.8308647174060309e-06
Dệt may - Da giày - Thời trang / Quản lý tiêu chuẩn và chất lượng,1,1.8308647174060309e-06
Truyền hình - Báo chí - Biên tập / Thực tập sinh / Thông tin - Truyền thông - Quảng cáo,1,1.8308647174060309e-06
Lao động phổ thông Giúp việc nhà,1,1.8308647174060309e-06
Sản xuất - Lắp ráp - Chế biến / Bán hàng - Kinh doanh / Bất động sản,1,1.8308647174060309e-06
Marketing / Giáo dục - Đào tạo / Thông tin - Truyền thông - Quảng cáo,1,1.8308647174060309e-06
Thiết kế - Sáng tạo nghệ thuật / Kiến trúc - Thiết kế nội ngoại thất / Lao động phổ thông,1,1.8308647174060309e-06
Bán hàng - Kinh doanh / IT Phần mềm,1,1.8308647174060309e-06
Hóa học - Hóa sinh / Dược phẩm / Khoa học - Kỹ thuật,1,1.8308647174060309e-06
Bán sỉ - Bán lẻ - Quản lý cửa hàng / Vận Tải - Lái xe - Giao nhận,1,1.8308647174060309e-06
Chăm sóc khách hàng / Hành chính - Thư ký / Xây dựng,1,1.8308647174060309e-06
Nấu ăn,1,1.8308647174060309e-06
Sản xuất - Lắp ráp - Chế biến / Điện - Điện tử - Điện lạnh / Xuất bản - In ấn,1,1.8308647174060309e-06
Tài chính - Đầu tư - Chứng Khoán / Hành chính - Thư ký / Bán hàng - Kinh doanh,1,1.8308647174060309e-06
Hành chính - Thư ký / IT Phần cứng - Mạng / IT Phần mềm,1,1.8308647174060309e-06
Bán hàng - Kinh doanh / Hành chính - Thư ký / Nông - Lâm - Ngư nghiệp,1,1.8308647174060309e-06
Bán sỉ - Bán lẻ - Quản lý cửa hàng / Bán hàng - Kinh doanh / Nhân sự,1,1.8308647174060309e-06
Hành chính - Thư ký / Y tế - Chăm sóc sức khỏe / Giáo dục - Đào tạo,1,1.8308647174060309e-06
Khoa học - Kỹ thuật / Cơ khí - Ô tô - Tự động hóa / Biên phiên dịch,1,1.8308647174060309e-06
Thu mua - Kho Vận - Chuỗi cung ứng / Công nghệ thực phẩm - Dinh dưỡng / Thực phẩm - Đồ uống,1,1.8308647174060309e-06
Thiết kế - Sáng tạo nghệ thuật / Khách sạn - Nhà hàng - Du lịch / Kiến trúc - Thiết kế nội ngoại thất,1,1.8308647174060309e-06
Bán hàng - Kinh doanh / Ngân hàng / Bảo hiểm,1,1.8308647174060309e-06
IT Phần mềm / Kế toán / Thu mua - Kho Vận - Chuỗi cung ứng,1,1.8308647174060309e-06
Thực phẩm - Đồ uống / Thu mua - Kho Vận - Chuỗi cung ứng / Xuất Nhập Khẩu,1,1.8308647174060309e-06
Marketing / Thu mua - Kho Vận - Chuỗi cung ứng,1,1.8308647174060309e-06
Marketing / Khách sạn - Nhà hàng - Du lịch,1,1.8308647174060309e-06
Thông tin - Truyền thông - Quảng cáo / Hành chính - Thư ký / Chăm sóc khách hàng,1,1.8308647174060309e-06
Bán hàng - Kinh doanh / Y tế - Chăm sóc sức khỏe / Marketing,1,1.8308647174060309e-06
Bán hàng - Kinh doanh / Nông - Lâm - Ngư nghiệp / Môi trường - Xử lý chất thải,1,1.8308647174060309e-06
Thiết kế - Sáng tạo nghệ thuật / Marketing / Kiến trúc - Thiết kế nội ngoại thất,1,1.8308647174060309e-06
Thu mua - Kho Vận - Chuỗi cung ứng / Kiểm toán / Kế toán,1,1.8308647174060309e-06
Bán sỉ - Bán lẻ - Quản lý cửa hàng / Hành chính - Thư ký,1,1.8308647174060309e-06
Y tế - Chăm sóc sức khỏe / Luật - Pháp Lý - Tuân thủ,1,1.8308647174060309e-06
Nhân sự / Kiểm toán / Kế toán,1,1.8308647174060309e-06
Khoa học - Kỹ thuật / Hóa học - Hóa sinh / Xây dựng,1,1.8308647174060309e-06
Nhân sự / Thông tin - Truyền thông - Quảng cáo / Marketing,1,1.8308647174060309e-06
Giáo dục - Đào tạo / Nghề nghiệp khác / Y tế - Chăm sóc sức khỏe,1,1.8308647174060309e-06
Bán hàng - Kinh doanh / Khách sạn - Nhà hàng - Du lịch / Marketing,1,1.8308647174060309e-06
Ngân hàng / Chăm sóc khách hàng / Thực tập sinh,1,1.8308647174060309e-06
Xuất Nhập Khẩu / Hành chính - Thư ký / Nghề nghiệp khác,1,1.8308647174060309e-06
Chăm sóc khách hàng / Truyền hình - Báo chí - Biên tập,1,1.8308647174060309e-06
Vận Tải - Lái xe - Giao nhận / Thu mua - Kho Vận - Chuỗi cung ứng / Xuất Nhập Khẩu,1,1.8308647174060309e-06
Xuất bản - In ấn / Vận hành - Bảo trì - Bảo dưỡng / Lao động phổ thông,1,1.8308647174060309e-06
Biên phiên dịch / Hành chính - Thư ký / Thu mua - Kho Vận - Chuỗi cung ứng,1,1.8308647174060309e-06
Nhân sự / Marketing,1,1.8308647174060309e-06
Biên phiên dịch / Chăm sóc khách hàng / Bán hàng - Kinh doanh,1,1.8308647174060309e-06
Nhân sự / Dệt may - Da giày - Thời trang,1,1.8308647174060309e-06
IT Phần mềm / Bán hàng - Kinh doanh / Khoa học - Kỹ thuật,1,1.8308647174060309e-06
Quản lý dự án / Quản lý tiêu chuẩn và chất lượng / Chăm sóc khách hàng,1,1.8308647174060309e-06
Marketing / Thông tin - Truyền thông - Quảng cáo / Biên phiên dịch,1,1.8308647174060309e-06
Bán hàng - Kinh doanh / Xuất bản - In ấn / Marketing,1,1.8308647174060309e-06
Khách sạn - Nhà hàng - Du lịch / Chăm sóc khách hàng / Ngân hàng,1,1.8308647174060309e-06
Thu mua - Kho Vận - Chuỗi cung ứng / Nhân sự / Hành chính - Thư ký,1,1.8308647174060309e-06
Chăm sóc khách hàng / Phân tích - Thống kê dữ liệu,1,1.8308647174060309e-06
Sản xuất - Lắp ráp - Chế biến / Xây dựng / Kiến trúc - Thiết kế nội ngoại thất,1,1.8308647174060309e-06
Giáo dục - Đào tạo / Marketing,1,1.8308647174060309e-06
Thiết kế - Sáng tạo nghệ thuật / Thông tin - Truyền thông - Quảng cáo / Hành chính - Thư ký,1,1.8308647174060309e-06
Lao động phổ thông / Nghề nghiệp khác / Thu mua - Kho Vận - Chuỗi cung ứng,1,1.8308647174060309e-06
Vận Tải - Lái xe - Giao nhận / Nhân sự / Hành chính - Thư ký,1,1.8308647174060309e-06
Thực phẩm - Đồ uống / Hóa học - Hóa sinh,1,1.8308647174060309e-06
Tài chính - Đầu tư - Chứng Khoán / Quản lý tiêu chuẩn và chất lượng,1,1.8308647174060309e-06
Bán hàng - Kinh doanh / Bán sỉ - Bán lẻ - Quản lý cửa hàng / Kế toán,1,1.8308647174060309e-06
Kiến trúc - Thiết kế nội ngoại thất / Sản xuất - Lắp ráp - Chế biến / Dệt may - Da giày - Thời trang,1,1.8308647174060309e-06
Sản xuất - Lắp ráp - Chế biến / Thu mua - Kho Vận - Chuỗi cung ứng / Nhân sự,1,1.8308647174060309e-06
Hành chính - Thư ký / Nhân sự / Quản lý dự án,1,1.8308647174060309e-06
Bán hàng - Kinh doanh / Lao động phổ thông / An ninh - Bảo vệ,1,1.8308647174060309e-06
Xây dựng / Lao động phổ thông / Vận Tải - Lái xe - Giao nhận,1,1.8308647174060309e-06
Y tế - Chăm sóc sức khỏe / Bán hàng - Kinh doanh / Marketing,1,1.8308647174060309e-06
Khoa học - Kỹ thuật / Hóa học - Hóa sinh / Thực phẩm - Đồ uống,1,1.8308647174060309e-06
Thiết kế - Sáng tạo nghệ thuật / IT Phần mềm / Xuất bản - In ấn,1,1.8308647174060309e-06
Quản lý tiêu chuẩn và chất lượng / Thực tập sinh / Thu mua - Kho Vận - Chuỗi cung ứng,1,1.8308647174060309e-06
Xuất Nhập Khẩu / Chăm sóc khách hàng / Nông - Lâm - Ngư nghiệp,1,1.8308647174060309e-06
Bán hàng - Kinh doanh / Marketing / Y tế - Chăm sóc sức khỏe,1,1.8308647174060309e-06
Hành chính - Thư ký / Kiến trúc - Thiết kế nội ngoại thất / Luật - Pháp Lý - Tuân thủ,1,1.8308647174060309e-06
Thu mua - Kho Vận - Chuỗi cung ứng / Lao động phổ thông / Thực tập sinh,1,1.8308647174060309e-06
Bán hàng - Kinh doanh / Thu mua - Kho Vận - Chuỗi cung ứng / IT Phần mềm,1,1.8308647174060309e-06
Bất động sản / Bán hàng - Kinh doanh / Tài chính - Đầu tư - Chứng Khoán,1,1.8308647174060309e-06
Kiến trúc - Thiết kế nội ngoại thất / Sản xuất - Lắp ráp - Chế biến / Khoa học - Kỹ thuật,1,1.8308647174060309e-06
Chăm sóc khách hàng / Marketing / Bán hàng - Kinh doanh,1,1.8308647174060309e-06
Bán hàng - Kinh doanh / Bán sỉ - Bán lẻ - Quản lý cửa hàng / Nghề nghiệp khác,1,1.8308647174060309e-06
Bất động sản / Bán sỉ - Bán lẻ - Quản lý cửa hàng / Bán hàng - Kinh doanh,1,1.8308647174060309e-06
Khoa học - Kỹ thuật / Vận hành - Bảo trì - Bảo dưỡng / Hành chính - Thư ký,1,1.8308647174060309e-06
Quản lý dự án / Khoa học - Kỹ thuật / Dầu khí,1,1.8308647174060309e-06
Y tế - Chăm sóc sức khỏe / Dược phẩm / Nghề nghiệp khác,1,1.8308647174060309e-06
Thực phẩm - Đồ uống / Công nghệ thực phẩm - Dinh dưỡng / Hóa học - Hóa sinh,1,1.8308647174060309e-06
An ninh - Bảo vệ / Vận Tải - Lái xe - Giao nhận / Vận hành - Bảo trì - Bảo dưỡng,1,1.8308647174060309e-06
Bán sỉ - Bán lẻ - Quản lý cửa hàng / Kế toán / Bán hàng - Kinh doanh,1,1.8308647174060309e-06
Khoa học Dữ liệu,1,1.8308647174060309e-06
Thông tin - Truyền thông - Quảng cáo / Thiết kế - Sáng tạo nghệ thuật,1,1.8308647174060309e-06
Khoa học - Kỹ thuật / Biên phiên dịch / Cơ khí - Ô tô - Tự động hóa,1,1.8308647174060309e-06
Bán sỉ - Bán lẻ - Quản lý cửa hàng / Lao động phổ thông / Chăm sóc khách hàng,1,1.8308647174060309e-06
Chăm sóc khách hàng / Thực phẩm - Đồ uống / Bán hàng - Kinh doanh,1,1.8308647174060309e-06
Lao động phổ thông / Thực phẩm - Đồ uống / Thu mua - Kho Vận - Chuỗi cung ứng,1,1.8308647174060309e-06
Thiết kế - Sáng tạo nghệ thuật / Xây dựng,1,1.8308647174060309e-06
Bán hàng - Kinh doanh / Chăm sóc khách hàng / Sản xuất - Lắp ráp - Chế biến,1,1.8308647174060309e-06
Thiết kế - Sáng tạo nghệ thuật / Kiến trúc - Thiết kế nội ngoại thất / Sản xuất - Lắp ráp - Chế biến,1,1.8308647174060309e-06
Hành chính - Thư ký / Khách sạn - Nhà hàng - Du lịch / Nghề nghiệp khác,1,1.8308647174060309e-06
Bất động sản / Xây dựng / Bán hàng - Kinh doanh,1,1.8308647174060309e-06
Kế toán / Kiến trúc - Thiết kế nội ngoại thất / Xây dựng,1,1.8308647174060309e-06
Marketing / Kiến trúc - Thiết kế nội ngoại thất / Kế toán,1,1.8308647174060309e-06
Tài chính - Đầu tư - Chứng Khoán / Bán hàng - Kinh doanh / Luật - Pháp Lý - Tuân thủ,1,1.8308647174060309e-06
Cơ khí - Ô tô - Tự động hóa / Khoa học - Kỹ thuật / Kiến trúc - Thiết kế nội ngoại thất,1,1.8308647174060309e-06
Ngân hàng / Bán hàng - Kinh doanh / Quản lý dự án,1,1.8308647174060309e-06
Xuất Nhập Khẩu / Dầu khí / Thực tập sinh,1,1.8308647174060309e-06
Vận hành - Bảo trì - Bảo dưỡng / Lao động phổ thông / Sản xuất - Lắp ráp - Chế biến,1,1.8308647174060309e-06
Bán hàng - Kinh doanh / Xây dựng / Marketing,1,1.8308647174060309e-06
Xuất bản - In ấn / Lao động phổ thông / Sản xuất - Lắp ráp - Chế biến,1,1.8308647174060309e-06
Dệt may - Da giày - Thời trang / Lao động phổ thông / Nghề nghiệp khác,1,1.8308647174060309e-06
Công nghệ thực phẩm - Dinh dưỡng / Khách sạn - Nhà hàng - Du lịch / Thực phẩm - Đồ uống,1,1.8308647174060309e-06
Kế toán / Cơ khí - Ô tô - Tự động hóa / Vận Tải - Lái xe - Giao nhận,1,1.8308647174060309e-06
Điện - Điện tử - Điện lạnh / Thu mua - Kho Vận - Chuỗi cung ứng / Cơ khí - Ô tô - Tự động hóa,1,1.8308647174060309e-06
Hành chính - Thư ký / Sản xuất - Lắp ráp - Chế biến / Thực phẩm - Đồ uống,1,1.8308647174060309e-06
Sản xuất - Lắp ráp - Chế biến / Khoa học - Kỹ thuật / Hóa học - Hóa sinh,1,1.8308647174060309e-06
Khai thác năng lượng - Khoáng sản - Địa chất / Xây dựng / Khoa học - Kỹ thuật,1,1.8308647174060309e-06
Luật - Pháp Lý - Tuân thủ / Phân tích - Thống kê dữ liệu / IT Phần cứng - Mạng,1,1.8308647174060309e-06
Hành chính - Thư ký / Nhân sự / Dược phẩm,1,1.8308647174060309e-06
Khách sạn - Nhà hàng - Du lịch / Kế toán / Kiểm toán,1,1.8308647174060309e-06
Điện - Điện tử - Điện lạnh / Xây dựng / Quản lý tiêu chuẩn và chất lượng,1,1.8308647174060309e-06
Lao động phổ thông / Cơ khí - Ô tô - Tự động hóa / Vận hành - Bảo trì - Bảo dưỡng,1,1.8308647174060309e-06
Điện - Điện tử - Điện lạnh / Khách sạn - Nhà hàng - Du lịch,1,1.8308647174060309e-06
Xuất Nhập Khẩu / Bán hàng - Kinh doanh / Chăn nuôi - Thú y,1,1.8308647174060309e-06
Luật - Pháp Lý - Tuân thủ / Bất động sản / Chăm sóc khách hàng,1,1.8308647174060309e-06
Y tế - Chăm sóc sức khỏe / Chăm sóc khách hàng / Biên phiên dịch,1,1.8308647174060309e-06
Chăm sóc khách hàng / Thông tin - Truyền thông - Quảng cáo,1,1.8308647174060309e-06
Thông tin - Truyền thông - Quảng cáo / Bán hàng - Kinh doanh / Bán sỉ - Bán lẻ - Quản lý cửa hàng,1,1.8308647174060309e-06
Marketing / Thực phẩm - Đồ uống,1,1.8308647174060309e-06
IT Phần mềm / Khoa học - Kỹ thuật / Vận hành - Bảo trì - Bảo dưỡng,1,1.8308647174060309e-06
IT Phần cứng - Mạng / Khoa học - Kỹ thuật / Nghề nghiệp khác,1,1.8308647174060309e-06
IT Phần cứng - Mạng / Vận hành - Bảo trì - Bảo dưỡng / Chăm sóc khách hàng,1,1.8308647174060309e-06
Hành chính - Thư ký / Kế toán / Biên phiên dịch,1,1.8308647174060309e-06
Marketing / Bán hàng - Kinh doanh / Giáo dục - Đào tạo,1,1.8308647174060309e-06
Vận Tải - Lái xe - Giao nhận / Bất động sản / Lao động phổ thông,1,1.8308647174060309e-06
Kiến trúc - Thiết kế nội ngoại thất / Cơ khí - Ô tô - Tự động hóa / Sản xuất - Lắp ráp - Chế biến,1,1.8308647174060309e-06
Môi trường - Xử lý chất thải / Quản lý tiêu chuẩn và chất lượng / Sản xuất - Lắp ráp - Chế biến,1,1.8308647174060309e-06
Thiết kế - Sáng tạo nghệ thuật / Khoa học - Kỹ thuật,1,1.8308647174060309e-06
Sản xuất - Lắp ráp - Chế biến / Marketing / Kiến trúc - Thiết kế nội ngoại thất,1,1.8308647174060309e-06
IT Phần mềm / Vận hành - Bảo trì - Bảo dưỡng / IT Phần cứng - Mạng,1,1.8308647174060309e-06
IT Phần cứng - Mạng / Chăm sóc khách hàng,1,1.8308647174060309e-06
Hành chính - Thư ký / Quản lý dự án,1,1.8308647174060309e-06
Bán hàng - Kinh doanh / Thu mua - Kho Vận - Chuỗi cung ứng / Quản lý dự án,1,1.8308647174060309e-06
Điện - Điện tử - Điện lạnh / Quản lý dự án / Vận hành - Bảo trì - Bảo dưỡng,1,1.8308647174060309e-06
Hành chính - Thư ký / Thiết kế - Sáng tạo nghệ thuật / Biên phiên dịch,1,1.8308647174060309e-06
Quản lý tiêu chuẩn và chất lượng / Bưu chính viễn thông / IT Phần cứng - Mạng,1,1.8308647174060309e-06
Xây dựng / An toàn lao động / Khoa học - Kỹ thuật,1,1.8308647174060309e-06
Kiến trúc - Thiết kế nội ngoại thất / Hóa học - Hóa sinh,1,1.8308647174060309e-06
Xuất Nhập Khẩu / Biên phiên dịch / Bán hàng - Kinh doanh,1,1.8308647174060309e-06
Xây dựng / Luật - Pháp Lý - Tuân thủ,1,1.8308647174060309e-06
Nghề nghiệp khác / Lao động phổ thông,1,1.8308647174060309e-06
Bán sỉ - Bán lẻ - Quản lý cửa hàng / Luật - Pháp Lý - Tuân thủ / Quản lý tiêu chuẩn và chất lượng,1,1.8308647174060309e-06
Vận hành - Bảo trì - Bảo dưỡng / Dệt may - Da giày - Thời trang / Lao động phổ thông,1,1.8308647174060309e-06
Xây dựng / Khoa học - Kỹ thuật / An toàn lao động,1,1.8308647174060309e-06
Thông tin - Truyền thông - Quảng cáo / Lao động phổ thông / Khoa học - Kỹ thuật,1,1.8308647174060309e-06
Khách sạn - Nhà hàng - Du lịch / Giáo dục - Đào tạo / Chăm sóc khách hàng,1,1.8308647174060309e-06
Bán hàng - Kinh doanh / Nông - Lâm - Ngư nghiệp / Kế toán,1,1.8308647174060309e-06
IT Phần mềm / Tài chính - Đầu tư - Chứng Khoán,1,1.8308647174060309e-06
IT Phần cứng - Mạng / IT Phần mềm / Hành chính - Thư ký,1,1.8308647174060309e-06
Thu mua / Vật tư,1,1.8308647174060309e-06
Khác,1,1.8308647174060309e-06
Cơ khí - Ô tô - Tự động hóa / Điện - Điện tử - Điện lạnh / Lao động phổ thông,1,1.8308647174060309e-06
Thu mua - Kho Vận - Chuỗi cung ứng / Xây dựng / Kế toán,1,1.8308647174060309e-06
Luật - Pháp Lý - Tuân thủ / Nhân sự / Y tế - Chăm sóc sức khỏe,1,1.8308647174060309e-06
Marketing / Bất động sản,1,1.8308647174060309e-06
IT Phần mềm / Bán hàng - Kinh doanh / Kế toán,1,1.8308647174060309e-06
Dược phẩm / Hóa học - Hóa sinh / Phân tích - Thống kê dữ liệu,1,1.8308647174060309e-06
Vận hành - Bảo trì - Bảo dưỡng / Hành chính - Thư ký / Cơ khí - Ô tô - Tự động hóa,1,1.8308647174060309e-06
Bán hàng - Kinh doanh / Giáo dục - Đào tạo / Bán sỉ - Bán lẻ - Quản lý cửa hàng,1,1.8308647174060309e-06
Luật - Pháp Lý - Tuân thủ / Công nghệ thực phẩm - Dinh dưỡng / Hành chính - Thư ký,1,1.8308647174060309e-06
Khách sạn - Nhà hàng - Du lịch / Nghề nghiệp khác / Giáo dục - Đào tạo,1,1.8308647174060309e-06
Điện - Điện tử - Điện lạnh / Sản xuất - Lắp ráp - Chế biến / Cơ khí - Ô tô - Tự động hóa,1,1.8308647174060309e-06
Nhân sự / Khách sạn - Nhà hàng - Du lịch / Giáo dục - Đào tạo,1,1.8308647174060309e-06
Dệt may - Da giày - Thời trang / Xuất bản - In ấn / Thu mua - Kho Vận - Chuỗi cung ứng,1,1.8308647174060309e-06
Thu mua - Kho Vận - Chuỗi cung ứng / Kế toán / Chăm sóc khách hàng,1,1.8308647174060309e-06
Kế toán / Luật - Pháp Lý - Tuân thủ / Xuất Nhập Khẩu,1,1.8308647174060309e-06
Thiết kế - Sáng tạo nghệ thuật / Thông tin - Truyền thông - Quảng cáo / Nghề nghiệp khác,1,1.8308647174060309e-06
Bán hàng - Kinh doanh / Chăm sóc khách hàng / IT Phần mềm,1,1.8308647174060309e-06
Nông - Lâm - Ngư nghiệp / Kiến trúc - Thiết kế nội ngoại thất / Môi trường - Xử lý chất thải,1,1.8308647174060309e-06
Khách sạn - Nhà hàng - Du lịch / Thực phẩm - Đồ uống / Chăm sóc khách hàng,1,1.8308647174060309e-06
Kế toán / Tài chính - Đầu tư - Chứng Khoán / Biên phiên dịch,1,1.8308647174060309e-06
Bán hàng - Kinh doanh / Sản xuất - Lắp ráp - Chế biến / Chăm sóc khách hàng,1,1.8308647174060309e-06
Bán sỉ - Bán lẻ - Quản lý cửa hàng / Thu mua - Kho Vận - Chuỗi cung ứng / Y tế - Chăm sóc sức khỏe,1,1.8308647174060309e-06
Bán sỉ - Bán lẻ - Quản lý cửa hàng / IT Phần mềm / Thu mua - Kho Vận - Chuỗi cung ứng,1,1.8308647174060309e-06
Dệt may - Da giày - Thời trang / Thu mua - Kho Vận - Chuỗi cung ứng / Biên phiên dịch,1,1.8308647174060309e-06
Thu mua - Kho Vận - Chuỗi cung ứng / Kiểm toán,1,1.8308647174060309e-06
Luật - Pháp Lý - Tuân thủ / Kiểm toán / Quản lý tiêu chuẩn và chất lượng,1,1.8308647174060309e-06
Hành chính - Thư ký / Luật - Pháp Lý - Tuân thủ / Nhân sự,1,1.8308647174060309e-06
Khách sạn - Nhà hàng - Du lịch / Khoa học - Kỹ thuật / Vận hành - Bảo trì - Bảo dưỡng,1,1.8308647174060309e-06
Thu mua - Kho Vận - Chuỗi cung ứng / Nghề nghiệp khác / Lao động phổ thông,1,1.8308647174060309e-06
Chăm sóc khách hàng / Thực tập sinh / IT Phần mềm,1,1.8308647174060309e-06
Thiết kế - Sáng tạo nghệ thuật / Cơ khí - Ô tô - Tự động hóa / Kiến trúc - Thiết kế nội ngoại thất,1,1.8308647174060309e-06
Kế toán / Kiểm toán / Quản lý dự án,1,1.8308647174060309e-06
Bảo hiểm / Bất động sản / Ngân hàng,1,1.8308647174060309e-06
Quản lý tiêu chuẩn và chất lượng / Xuất Nhập Khẩu,1,1.8308647174060309e-06
Luật - Pháp Lý - Tuân thủ / Bán hàng - Kinh doanh / Marketing,1,1.8308647174060309e-06
Xuất Nhập Khẩu / Bán hàng - Kinh doanh / Kế toán,1,1.8308647174060309e-06
Bán sỉ - Bán lẻ - Quản lý cửa hàng / Điện - Điện tử - Điện lạnh / Bán hàng - Kinh doanh,1,1.8308647174060309e-06
Bán hàng - Kinh doanh / Thu mua - Kho Vận - Chuỗi cung ứng / Xây dựng,1,1.8308647174060309e-06
Ngân hàng / Bất động sản,1,1.8308647174060309e-06
Kế toán / Phân tích - Thống kê dữ liệu / Kiểm toán,1,1.8308647174060309e-06
Xuất bản - In ấn / Quản lý tiêu chuẩn và chất lượng,1,1.8308647174060309e-06
Bán sỉ - Bán lẻ - Quản lý cửa hàng / Lao động phổ thông / Khách sạn - Nhà hàng - Du lịch,1,1.8308647174060309e-06
IT Phần mềm / IT Phần cứng - Mạng / Xuất bản - In ấn,1,1.8308647174060309e-06
Bán hàng - Kinh doanh / Bảo hiểm / Chăm sóc khách hàng,1,1.8308647174060309e-06
Thiết kế - Sáng tạo nghệ thuật / Bưu chính viễn thông / Cơ khí - Ô tô - Tự động hóa,1,1.8308647174060309e-06
Bán sỉ - Bán lẻ - Quản lý cửa hàng / Thực phẩm - Đồ uống / Khách sạn - Nhà hàng - Du lịch,1,1.8308647174060309e-06
Kế toán / Bán hàng - Kinh doanh / Khách sạn - Nhà hàng - Du lịch,1,1.8308647174060309e-06
Nhân sự / Phi chính phủ - Phi lợi nhuận,1,1.8308647174060309e-06
Thông tin - Truyền thông - Quảng cáo / Truyền hình - Báo chí - Biên tập / Phân tích - Thống kê dữ liệu,1,1.8308647174060309e-06
Lao động phổ thông / Khách sạn - Nhà hàng - Du lịch / Chăm sóc khách hàng,1,1.8308647174060309e-06
Khoa học - Kỹ thuật / Bán hàng - Kinh doanh / Điện - Điện tử - Điện lạnh,1,1.8308647174060309e-06
Bán lẻ điện tử,1,1.8308647174060309e-06
Thiết kế - Sáng tạo nghệ thuật / Marketing / Dệt may - Da giày - Thời trang,1,1.8308647174060309e-06
Bán hàng - Kinh doanh / Y tế - Chăm sóc sức khỏe / Bất động sản,1,1.8308647174060309e-06
Thiết kế - Sáng tạo nghệ thuật / Cơ khí - Ô tô - Tự động hóa / Sản xuất - Lắp ráp - Chế biến,1,1.8308647174060309e-06
Vận hành - Bảo trì - Bảo dưỡng / Sản xuất - Lắp ráp - Chế biến / Xây dựng,1,1.8308647174060309e-06
Hành chính - Thư ký / Bất động sản / Bảo hiểm,1,1.8308647174060309e-06
Thực tập sinh / Kiến trúc - Thiết kế nội ngoại thất / Xây dựng,1,1.8308647174060309e-06
Xây dựng / Chăn nuôi - Thú y,1,1.8308647174060309e-06
Thu mua - Kho Vận - Chuỗi cung ứng / Chăm sóc khách hàng / Hành chính - Thư ký,1,1.8308647174060309e-06
Môi trường - Xử lý chất thải / Hóa học - Hóa sinh / Nghề nghiệp khác,1,1.8308647174060309e-06
Bán hàng - Kinh doanh / Lao động phổ thông / Kế toán,1,1.8308647174060309e-06
Khoa học - Kỹ thuật / Lao động phổ thông / Vận hành - Bảo trì - Bảo dưỡng,1,1.8308647174060309e-06
Vận hành - Bảo trì - Bảo dưỡng / Khoa học - Kỹ thuật / IT Phần cứng - Mạng,1,1.8308647174060309e-06
Hành chính - Thư ký / Marketing / Kế toán,1,1.8308647174060309e-06
Xuất Nhập Khẩu / Dệt may - Da giày - Thời trang / Thu mua - Kho Vận - Chuỗi cung ứng,1,1.8308647174060309e-06
Cơ khí chế tạo / Điện / Điện tử / Tự động hóa,1,1.8308647174060309e-06
Khoa học - Kỹ thuật / Thông tin - Truyền thông - Quảng cáo,1,1.8308647174060309e-06
Dệt may - Da giày - Thời trang / Kiến trúc - Thiết kế nội ngoại thất / Xuất bản - In ấn,1,1.8308647174060309e-06
Xây dựng / Điện - Điện tử - Điện lạnh / Môi trường - Xử lý chất thải,1,1.8308647174060309e-06
Hành chính - Thư ký / Kiến trúc - Thiết kế nội ngoại thất / Nhân sự,1,1.8308647174060309e-06
Kiến trúc - Thiết kế nội ngoại thất / Kế toán,1,1.8308647174060309e-06
Kiến trúc - Thiết kế nội ngoại thất / Sản xuất - Lắp ráp - Chế biến,1,1.8308647174060309e-06
An toàn lao động / Khách sạn - Nhà hàng - Du lịch,1,1.8308647174060309e-06
Thu mua - Kho Vận - Chuỗi cung ứng / Vận Tải - Lái xe - Giao nhận / Kế toán,1,1.8308647174060309e-06
Sản xuất - Lắp ráp - Chế biến / Hành chính - Thư ký,1,1.8308647174060309e-06
Khoa học - Kỹ thuật / Cơ khí - Ô tô - Tự động hóa / Bán hàng - Kinh doanh,1,1.8308647174060309e-06
Thông tin - Truyền thông - Quảng cáo / Hành chính - Thư ký / Giáo dục - Đào tạo,1,1.8308647174060309e-06
Tài chính - Đầu tư - Chứng Khoán / Phân tích - Thống kê dữ liệu / Ngân hàng,1,1.8308647174060309e-06
Y tế - Chăm sóc sức khỏe / Điện - Điện tử - Điện lạnh / Dược phẩm,1,1.8308647174060309e-06
Tài chính - Đầu tư - Chứng Khoán / Bất động sản,1,1.8308647174060309e-06
Xuất Nhập Khẩu / Quản lý tiêu chuẩn và chất lượng / Kiến trúc - Thiết kế nội ngoại thất,1,1.8308647174060309e-06
Nông - Lâm - Ngư nghiệp / Chăm sóc khách hàng / Bán hàng - Kinh doanh,1,1.8308647174060309e-06
Quản lý tiêu chuẩn và chất lượng / Xuất bản - In ấn / Hóa học - Hóa sinh,1,1.8308647174060309e-06
Cơ khí - Ô tô - Tự động hóa / Quản lý dự án,1,1.8308647174060309e-06
Sản xuất - Lắp ráp - Chế biến / Thu mua - Kho Vận - Chuỗi cung ứng / Chăm sóc khách hàng,1,1.8308647174060309e-06
Xây dựng / Thiết kế - Sáng tạo nghệ thuật / Kiến trúc - Thiết kế nội ngoại thất,1,1.8308647174060309e-06
Thu mua - Kho Vận - Chuỗi cung ứng / Khoa học - Kỹ thuật / Vận Tải - Lái xe - Giao nhận,1,1.8308647174060309e-06
Bán hàng - Kinh doanh / Vận Tải - Lái xe - Giao nhận,1,1.8308647174060309e-06
Vận Tải - Lái xe - Giao nhận / Môi trường - Xử lý chất thải / Lao động phổ thông,1,1.8308647174060309e-06
Kiến trúc - Thiết kế nội ngoại thất / Điện - Điện tử - Điện lạnh / Cơ khí - Ô tô - Tự động hóa,1,1.8308647174060309e-06
Phân tích - Thống kê dữ liệu / IT Phần mềm / Quản lý dự án,1,1.8308647174060309e-06
Xây dựng / Biên phiên dịch,1,1.8308647174060309e-06
Kế toán/Kiểm toán/Thuế,1,1.8308647174060309e-06
Tài chính - Đầu tư - Chứng Khoán / Nhân sự / Ngân hàng,1,1.8308647174060309e-06
An ninh - Bảo vệ / Khách sạn - Nhà hàng - Du lịch / Nghề nghiệp khác,1,1.8308647174060309e-06
Luật - Pháp Lý - Tuân thủ / Xây dựng / Điện - Điện tử - Điện lạnh,1,1.8308647174060309e-06
Bán hàng - Kinh doanh / Khoa học - Kỹ thuật / Bán sỉ - Bán lẻ - Quản lý cửa hàng,1,1.8308647174060309e-06
Bán hàng - Kinh doanh / Thông tin - Truyền thông - Quảng cáo / Xuất Nhập Khẩu,1,1.8308647174060309e-06
Hành chính - Thư ký / Sản xuất - Lắp ráp - Chế biến / Cơ khí - Ô tô - Tự động hóa,1,1.8308647174060309e-06
Bán sỉ - Bán lẻ - Quản lý cửa hàng / Hành chính - Thư ký / Marketing,1,1.8308647174060309e-06
IT Phần mềm / IT Phần cứng - Mạng / Bưu chính viễn thông,1,1.8308647174060309e-06
Xây dựng / Khoa học - Kỹ thuật / Thực tập sinh,1,1.8308647174060309e-06
IT Services and IT Consulting,1,1.8308647174060309e-06
Xây dựng / Vận hành - Bảo trì - Bảo dưỡng / Khoa học - Kỹ thuật,1,1.8308647174060309e-06
Quản lý tiêu chuẩn và chất lượng / An toàn lao động / Quản lý dự án,1,1.8308647174060309e-06
Vận hành - Bảo trì - Bảo dưỡng / Thông tin - Truyền thông - Quảng cáo / Điện - Điện tử - Điện lạnh,1,1.8308647174060309e-06
Quản lý tiêu chuẩn và chất lượng / Sản xuất - Lắp ráp - Chế biến / Kiến trúc - Thiết kế nội ngoại thất,1,1.8308647174060309e-06
Bán hàng - Kinh doanh / Bán sỉ - Bán lẻ - Quản lý cửa hàng / Nông - Lâm - Ngư nghiệp,1,1.8308647174060309e-06
Lao động phổ thông / Thực tập sinh / Sản xuất - Lắp ráp - Chế biến,1,1.8308647174060309e-06
Khách sạn - Nhà hàng - Du lịch / Hành chính - Thư ký / Biên phiên dịch,1,1.8308647174060309e-06
Bán hàng - Kinh doanh / Hành chính - Thư ký / Marketing,1,1.8308647174060309e-06
Y tế - Chăm sóc sức khỏe / Dược phẩm / Marketing,1,1.8308647174060309e-06
An ninh - Bảo vệ / Bất động sản / Lao động phổ thông,1,1.8308647174060309e-06
Hành chính - Thư ký / Kế toán / Chăm sóc khách hàng,1,1.8308647174060309e-06
An ninh - Bảo vệ / Khách sạn - Nhà hàng - Du lịch / Sản xuất - Lắp ráp - Chế biến,1,1.8308647174060309e-06
Cơ khí - Ô tô - Tự động hóa / Sản xuất - Lắp ráp - Chế biến / Quản lý tiêu chuẩn và chất lượng,1,1.8308647174060309e-06
Y tế - Chăm sóc sức khỏe / Giáo dục - Đào tạo / Thiết kế - Sáng tạo nghệ thuật,1,1.8308647174060309e-06
Hành chính - Thư ký / Phân tích - Thống kê dữ liệu / Kế toán,1,1.8308647174060309e-06
Nông - Lâm - Ngư nghiệp / Chăn nuôi - Thú y / Lao động phổ thông,1,1.8308647174060309e-06
Giáo dục - Đào tạo / Hành chính - Thư ký,1,1.8308647174060309e-06
Quản lý dự án / Xây dựng / Điện - Điện tử - Điện lạnh,1,1.8308647174060309e-06
IT Phần mềm / Thu mua - Kho Vận - Chuỗi cung ứng / Bán sỉ - Bán lẻ - Quản lý cửa hàng,1,1.8308647174060309e-06
Vận hành - Bảo trì - Bảo dưỡng / Điện - Điện tử - Điện lạnh / Bất động sản,1,1.8308647174060309e-06
Sản xuất - Lắp ráp - Chế biến / Xuất bản - In ấn / Quản lý tiêu chuẩn và chất lượng,1,1.8308647174060309e-06
Thu mua - Kho Vận - Chuỗi cung ứng / Phân tích - Thống kê dữ liệu / Bán sỉ - Bán lẻ - Quản lý cửa hàng,1,1.8308647174060309e-06
Hành chính - Thư ký / Thông tin - Truyền thông - Quảng cáo / Chăm sóc khách hàng,1,1.8308647174060309e-06
Thu mua - Kho Vận - Chuỗi cung ứng / Vận hành - Bảo trì - Bảo dưỡng / Sản xuất - Lắp ráp - Chế biến,1,1.8308647174060309e-06
Giáo dục - Đào tạo / Lao động phổ thông,1,1.8308647174060309e-06
Y tế - Chăm sóc sức khỏe / Nhân sự / Luật - Pháp Lý - Tuân thủ,1,1.8308647174060309e-06
Giáo dục - Đào tạo / Bán sỉ - Bán lẻ - Quản lý cửa hàng,1,1.8308647174060309e-06
Thu mua - Kho Vận - Chuỗi cung ứng / Hành chính - Thư ký / Kế toán,1,1.8308647174060309e-06
Hành chính - Thư ký / Xuất Nhập Khẩu / Kế toán,1,1.8308647174060309e-06
Tài chính - Đầu tư - Chứng Khoán / Bán hàng - Kinh doanh / Chăm sóc khách hàng,1,1.8308647174060309e-06
Khách sạn - Nhà hàng - Du lịch / Thông tin - Truyền thông - Quảng cáo / Biên phiên dịch,1,1.8308647174060309e-06
Xây dựng / Hành chính - Thư ký / Luật - Pháp Lý - Tuân thủ,1,1.8308647174060309e-06
Hành chính - Thư ký / Sản xuất - Lắp ráp - Chế biến / Thu mua - Kho Vận - Chuỗi cung ứng,1,1.8308647174060309e-06
Marketing / Bán hàng - Kinh doanh / IT Phần mềm,1,1.8308647174060309e-06
Cơ khí - Ô tô - Tự động hóa / Sản xuất - Lắp ráp - Chế biến / Lao động phổ thông,1,1.8308647174060309e-06
An toàn lao động / Biên phiên dịch / Sản xuất - Lắp ráp - Chế biến,1,1.8308647174060309e-06
Bán sỉ - Bán lẻ - Quản lý cửa hàng / IT Phần cứng - Mạng / Bán hàng - Kinh doanh,1,1.8308647174060309e-06
Thiết kế - Sáng tạo nghệ thuật / Xuất bản - In ấn / Khoa học - Kỹ thuật,1,1.8308647174060309e-06
Thu mua - Kho Vận - Chuỗi cung ứng / Dược phẩm,1,1.8308647174060309e-06
Thực phẩm - Đồ uống / Vận Tải - Lái xe - Giao nhận / Thu mua - Kho Vận - Chuỗi cung ứng,1,1.8308647174060309e-06
Quản lý tiêu chuẩn và chất lượng / Sản xuất - Lắp ráp - Chế biến / Xuất Nhập Khẩu,1,1.8308647174060309e-06
Thu mua - Kho Vận - Chuỗi cung ứng / Phân tích - Thống kê dữ liệu / Kế toán,1,1.8308647174060309e-06
Quản trị rủi ro,1,1.8308647174060309e-06
Điện - Điện tử - Điện lạnh / Cơ khí - Ô tô - Tự động hóa / Thu mua - Kho Vận - Chuỗi cung ứng,1,1.8308647174060309e-06
Kế toán / Tài chính - Đầu tư - Chứng Khoán / Bất động sản,1,1.8308647174060309e-06
Bán hàng - Kinh doanh / Thu mua - Kho Vận - Chuỗi cung ứng,1,1.8308647174060309e-06
Chăm sóc khách hàng / Khách sạn - Nhà hàng - Du lịch / Bán hàng - Kinh doanh,1,1.8308647174060309e-06
Sản xuất - Lắp ráp - Chế biến / Thu mua - Kho Vận - Chuỗi cung ứng / Phân tích - Thống kê dữ liệu,1,1.8308647174060309e-06
Tài chính - Đầu tư - Chứng Khoán / Ngân hàng / Quản lý dự án,1,1.8308647174060309e-06
Bán hàng - Kinh doanh / Dệt may - Da giày - Thời trang / Nhân sự,1,1.8308647174060309e-06
IT Phần cứng - Mạng / Vận hành - Bảo trì - Bảo dưỡng / Xây dựng,1,1.8308647174060309e-06
Sản xuất - Lắp ráp - Chế biến / Khoa học - Kỹ thuật / Kiến trúc - Thiết kế nội ngoại thất,1,1.8308647174060309e-06
Vận Tải - Lái xe - Giao nhận / Lao động phổ thông / An ninh - Bảo vệ,1,1.8308647174060309e-06
Quản lý dự án / Xây dựng / Vận hành - Bảo trì - Bảo dưỡng,1,1.8308647174060309e-06
Dệt may - Da giày - Thời trang / Hóa học - Hóa sinh / Khoa học - Kỹ thuật,1,1.8308647174060309e-06
Vận hành - Bảo trì - Bảo dưỡng / Vận Tải - Lái xe - Giao nhận / Khoa học - Kỹ thuật,1,1.8308647174060309e-06
Kế toán / Biên phiên dịch / Ngân hàng,1,1.8308647174060309e-06
Cơ khí - Ô tô - Tự động hóa / Sản xuất - Lắp ráp - Chế biến / Hóa học - Hóa sinh,1,1.8308647174060309e-06
Marketing / Bán hàng - Kinh doanh / Xuất bản - In ấn,1,1.8308647174060309e-06
Sáng tạo: có nhiều ý tưởng,1,1.8308647174060309e-06
Dược phẩm / Hành chính - Thư ký / Thu mua - Kho Vận - Chuỗi cung ứng,1,1.8308647174060309e-06
Xây dựng / Kiến trúc - Thiết kế nội ngoại thất / Hành chính - Thư ký,1,1.8308647174060309e-06
Luật - Pháp Lý - Tuân thủ / Hành chính - Thư ký / Quản lý tiêu chuẩn và chất lượng,1,1.8308647174060309e-06
IT Phần cứng - Mạng / Vận hành - Bảo trì - Bảo dưỡng / Xuất bản - In ấn,1,1.8308647174060309e-06
Thu mua - Kho Vận - Chuỗi cung ứng / Sản xuất - Lắp ráp - Chế biến / Cơ khí - Ô tô - Tự động hóa,1,1.8308647174060309e-06
Nông - Lâm - Ngư nghiệp / Bán hàng - Kinh doanh / Xuất Nhập Khẩu,1,1.8308647174060309e-06
An toàn lao động / Xây dựng / Môi trường - Xử lý chất thải,1,1.8308647174060309e-06
Kiến trúc - Thiết kế nội ngoại thất / Thu mua - Kho Vận - Chuỗi cung ứng / Xây dựng,1,1.8308647174060309e-06
Hành chính - Thư ký / Khách sạn - Nhà hàng - Du lịch / Môi trường - Xử lý chất thải,1,1.8308647174060309e-06
Khai thác năng lượng - Khoáng sản - Địa chất / Xây dựng / An toàn lao động,1,1.8308647174060309e-06
Quản lý tiêu chuẩn và chất lượng / Hóa học - Hóa sinh / Thực phẩm - Đồ uống,1,1.8308647174060309e-06
Hành chính - Thư ký / Giáo dục - Đào tạo / Nghề nghiệp khác,1,1.8308647174060309e-06
Luật - Pháp Lý - Tuân thủ / Bán hàng - Kinh doanh / Xây dựng,1,1.8308647174060309e-06
Luật - Pháp Lý - Tuân thủ / Biên phiên dịch / Thực tập sinh,1,1.8308647174060309e-06
Xây dựng / Hành chính - Thư ký / Nhân sự,1,1.8308647174060309e-06
Điện - Điện tử - Điện lạnh / Vận hành - Bảo trì - Bảo dưỡng / Lao động phổ thông,1,1.8308647174060309e-06
Bán hàng - Kinh doanh / Tài chính - Đầu tư - Chứng Khoán / Bảo hiểm,1,1.8308647174060309e-06
Bán hàng - Kinh doanh / Nhân sự / Luật - Pháp Lý - Tuân thủ,1,1.8308647174060309e-06
Giáo dục - Đào tạo / Thông tin - Truyền thông - Quảng cáo,1,1.8308647174060309e-06
Chăm sóc khách hàng / Thực phẩm - Đồ uống / Bán sỉ - Bán lẻ - Quản lý cửa hàng,1,1.8308647174060309e-06
Sản xuất - Lắp ráp - Chế biến / Dược phẩm / Lao động phổ thông,1,1.8308647174060309e-06
Y tế / Chăm sóc sức khỏe / Thẩm mỹ / Làm đẹp,1,1.8308647174060309e-06
Khách sạn - Nhà hàng - Du lịch / Thực phẩm - Đồ uống / Bán hàng - Kinh doanh,1,1.8308647174060309e-06
Chăm sóc khách hàng / Bán sỉ - Bán lẻ - Quản lý cửa hàng,1,1.8308647174060309e-06
Xuất Nhập Khẩu / Y tế - Chăm sóc sức khỏe / Dược phẩm,1,1.8308647174060309e-06
Vận Tải - Lái xe - Giao nhận / Sản xuất - Lắp ráp - Chế biến / Lao động phổ thông,1,1.8308647174060309e-06
Xuất bản - In ấn / Bán hàng - Kinh doanh,1,1.8308647174060309e-06
Thiết kế - Sáng tạo nghệ thuật / Marketing / Biên phiên dịch,1,1.8308647174060309e-06
Khách sạn - Nhà hàng - Du lịch / Y tế - Chăm sóc sức khỏe / Dược phẩm,1,1.8308647174060309e-06
Điện - Điện tử - Điện lạnh / Khai thác năng lượng - Khoáng sản - Địa chất,1,1.8308647174060309e-06
Hành chính - Thư ký / Xuất Nhập Khẩu / Vận Tải - Lái xe - Giao nhận,1,1.8308647174060309e-06
Vận hành - Bảo trì - Bảo dưỡng / Sản xuất - Lắp ráp - Chế biến / Quản lý tiêu chuẩn và chất lượng,1,1.8308647174060309e-06
Cơ khí - Ô tô - Tự động hóa / Thực tập sinh / Vận hành - Bảo trì - Bảo dưỡng,1,1.8308647174060309e-06
Bán sỉ - Bán lẻ - Quản lý cửa hàng / Thu mua - Kho Vận - Chuỗi cung ứng / Thực phẩm - Đồ uống,1,1.8308647174060309e-06
Sản xuất - Lắp ráp - Chế biến / Xuất Nhập Khẩu / Kiến trúc - Thiết kế nội ngoại thất,1,1.8308647174060309e-06
Ô tô - Xe máy,1,1.8308647174060309e-06
Sản xuất - Lắp ráp - Chế biến / Vận hành - Bảo trì - Bảo dưỡng / Dược phẩm,1,1.8308647174060309e-06
Thu mua - Kho Vận - Chuỗi cung ứng / Bất động sản / Xây dựng,1,1.8308647174060309e-06
Lao động phổ thông / An toàn lao động / Cơ khí - Ô tô - Tự động hóa,1,1.8308647174060309e-06
Bán hàng - Kinh doanh / Nhân sự / Chăm sóc khách hàng,1,1.8308647174060309e-06
IT Phần cứng - Mạng / IT Phần mềm / Bán hàng - Kinh doanh,1,1.8308647174060309e-06
Bán hàng - Kinh doanh / Lao động phổ thông / Xây dựng,1,1.8308647174060309e-06
Kiến trúc - Thiết kế nội ngoại thất / Sản xuất - Lắp ráp - Chế biến / Lao động phổ thông,1,1.8308647174060309e-06
Lao động phổ thông / Vận hành - Bảo trì - Bảo dưỡng,1,1.8308647174060309e-06
Lao động phổ thông / Vận hành - Bảo trì - Bảo dưỡng / Cơ khí - Ô tô - Tự động hóa,1,1.8308647174060309e-06
Thu mua - Kho Vận - Chuỗi cung ứng / Vận Tải - Lái xe - Giao nhận / Hành chính - Thư ký,1,1.8308647174060309e-06
Quản lý dự án / Công nghệ thực phẩm - Dinh dưỡng / An toàn lao động,1,1.8308647174060309e-06
Khách sạn - Nhà hàng - Du lịch / Môi trường - Xử lý chất thải / Nghề nghiệp khác,1,1.8308647174060309e-06
Quản lý tiêu chuẩn và chất lượng / Sản xuất - Lắp ráp - Chế biến / Xuất bản - In ấn,1,1.8308647174060309e-06
Kế toán / Bán sỉ - Bán lẻ - Quản lý cửa hàng / Thực phẩm - Đồ uống,1,1.8308647174060309e-06
Lao động phổ thông / Nông - Lâm - Ngư nghiệp,1,1.8308647174060309e-06
Kiến trúc - Thiết kế nội ngoại thất / Sản xuất - Lắp ráp - Chế biến / Nông - Lâm - Ngư nghiệp,1,1.8308647174060309e-06
Sản xuất - Lắp ráp - Chế biến / Xuất bản - In ấn / Dệt may - Da giày - Thời trang,1,1.8308647174060309e-06
Bán sỉ - Bán lẻ - Quản lý cửa hàng / Chăm sóc khách hàng / Nghề nghiệp khác,1,1.8308647174060309e-06
Chăm sóc khách hàng / Vận hành - Bảo trì - Bảo dưỡng / Vận Tải - Lái xe - Giao nhận,1,1.8308647174060309e-06
Thông tin - Truyền thông - Quảng cáo / Lao động phổ thông / Sản xuất - Lắp ráp - Chế biến,1,1.8308647174060309e-06
Kế toán / Thực phẩm - Đồ uống / Hành chính - Thư ký,1,1.8308647174060309e-06
Thu mua - Kho Vận - Chuỗi cung ứng / Vận Tải - Lái xe - Giao nhận / Bán sỉ - Bán lẻ - Quản lý cửa hàng,1,1.8308647174060309e-06
Nghề nghiệp khác / Lao động phổ thông / Sản xuất - Lắp ráp - Chế biến,1,1.8308647174060309e-06
Dệt may - Da giày - Thời trang / Xuất bản - In ấn / Thiết kế - Sáng tạo nghệ thuật,1,1.8308647174060309e-06
Xây dựng / Vận Tải - Lái xe - Giao nhận / Khoa học - Kỹ thuật,1,1.8308647174060309e-06
Thiết kế - Sáng tạo nghệ thuật / Xây dựng / Điện - Điện tử - Điện lạnh,1,1.8308647174060309e-06
Thiết kế - Sáng tạo nghệ thuật / Kiến trúc - Thiết kế nội ngoại thất / Cơ khí - Ô tô - Tự động hóa,1,1.8308647174060309e-06
Xây dựng / Nghề nghiệp khác / Bất động sản,1,1.8308647174060309e-06
Dược phẩm / Hóa học - Hóa sinh / Thu mua - Kho Vận - Chuỗi cung ứng,1,1.8308647174060309e-06
Kế toán / Nhân sự / Thực tập sinh,1,1.8308647174060309e-06
Bán hàng - Kinh doanh / Bất động sản / Bảo hiểm,1,1.8308647174060309e-06
Kế toán / Phân tích - Thống kê dữ liệu / Thu mua - Kho Vận - Chuỗi cung ứng,1,1.8308647174060309e-06
Thu mua - Kho Vận - Chuỗi cung ứng / Hành chính - Thư ký / Nhân sự,1,1.8308647174060309e-06
Bán hàng - Kinh doanh / Thực phẩm - Đồ uống / Giáo dục - Đào tạo,1,1.8308647174060309e-06
Quản lý tiêu chuẩn và chất lượng / Dệt may - Da giày - Thời trang / Biên phiên dịch,1,1.8308647174060309e-06
Thu mua - Kho Vận - Chuỗi cung ứng / Công nghệ thực phẩm - Dinh dưỡng,1,1.8308647174060309e-06
Thu mua - Kho Vận - Chuỗi cung ứng / Bán sỉ - Bán lẻ - Quản lý cửa hàng / Xây dựng,1,1.8308647174060309e-06
Lao động phổ thông / Sản xuất - Lắp ráp - Chế biến / Khoa học - Kỹ thuật,1,1.8308647174060309e-06
Bán sỉ - Bán lẻ - Quản lý cửa hàng / Chăm sóc khách hàng / Nông - Lâm - Ngư nghiệp,1,1.8308647174060309e-06
Khách sạn - Nhà hàng - Du lịch / Chăm sóc khách hàng / Bưu chính viễn thông,1,1.8308647174060309e-06
Chăm sóc khách hàng / Quản lý tiêu chuẩn và chất lượng / Khách sạn - Nhà hàng - Du lịch,1,1.8308647174060309e-06
Hành chính - Thư ký / Marketing / Chăm sóc khách hàng,1,1.8308647174060309e-06
Y tế - Chăm sóc sức khỏe / Chăm sóc khách hàng / Hành chính - Thư ký,1,1.8308647174060309e-06
Điện - Điện tử - Điện lạnh / Xây dựng / Môi trường - Xử lý chất thải,1,1.8308647174060309e-06
Bán sỉ - Bán lẻ - Quản lý cửa hàng / Kế toán / Nông - Lâm - Ngư nghiệp,1,1.8308647174060309e-06
Xây dựng / Hành chính - Thư ký / Quản lý tiêu chuẩn và chất lượng,1,1.8308647174060309e-06
Kế toán / Luật - Pháp Lý - Tuân thủ / Kiểm toán,1,1.8308647174060309e-06
Bán hàng - Kinh doanh / Bưu chính viễn thông / IT Phần cứng - Mạng,1,1.8308647174060309e-06
Thu mua - Kho Vận - Chuỗi cung ứng / Xuất Nhập Khẩu / Tài chính - Đầu tư - Chứng Khoán,1,1.8308647174060309e-06
Tài chính - Đầu tư - Chứng Khoán / Chăm sóc khách hàng,1,1.8308647174060309e-06
Biên phiên dịch / Giáo dục - Đào tạo / Chăm sóc khách hàng,1,1.8308647174060309e-06
Nhân sự / Xây dựng,1,1.8308647174060309e-06
Xây dựng / Khoa học - Kỹ thuật / Chăm sóc khách hàng,1,1.8308647174060309e-06
Xây dựng / Sản xuất - Lắp ráp - Chế biến / Vận hành - Bảo trì - Bảo dưỡng,1,1.8308647174060309e-06
An toàn lao động / Môi trường - Xử lý chất thải / Sản xuất - Lắp ráp - Chế biến,1,1.8308647174060309e-06
Bán hàng - Kinh doanh / Chăm sóc khách hàng / Môi trường - Xử lý chất thải,1,1.8308647174060309e-06
Hành chính - Thư ký / Nhân sự / Marketing,1,1.8308647174060309e-06
Hành chính - Thư ký / Nhân sự / Chăn nuôi - Thú y,1,1.8308647174060309e-06
Vận Tải - Lái xe - Giao nhận / Xây dựng,1,1.8308647174060309e-06
Lao động phổ thông / Thiết kế - Sáng tạo nghệ thuật / Sản xuất - Lắp ráp - Chế biến,1,1.8308647174060309e-06
Bán hàng - Kinh doanh / Quản lý dự án / Giáo dục - Đào tạo,1,1.8308647174060309e-06
Bán hàng - Kinh doanh / Kế toán / Ngân hàng,1,1.8308647174060309e-06
Sản xuất - Lắp ráp - Chế biến / Biên phiên dịch / Hành chính - Thư ký,1,1.8308647174060309e-06
Vận hành - Bảo trì - Bảo dưỡng / Lao động phổ thông / Khách sạn - Nhà hàng - Du lịch,1,1.8308647174060309e-06
Thu mua - Kho Vận - Chuỗi cung ứng / Xuất Nhập Khẩu / Dầu khí,1,1.8308647174060309e-06
Thu mua - Kho Vận - Chuỗi cung ứng / Xuất Nhập Khẩu / Hành chính - Thư ký,1,1.8308647174060309e-06
Cơ khí - Ô tô - Tự động hóa / Lao động phổ thông / Quản lý tiêu chuẩn và chất lượng,1,1.8308647174060309e-06
Bán sỉ - Bán lẻ - Quản lý cửa hàng / Kế toán / Chăm sóc khách hàng,1,1.8308647174060309e-06
Hành chính - Thư ký / Quản lý dự án / Bán sỉ - Bán lẻ - Quản lý cửa hàng,1,1.8308647174060309e-06
Bán hàng - Kinh doanh / Thông tin - Truyền thông - Quảng cáo,1,1.8308647174060309e-06
Bán hàng - Kinh doanh / Dầu khí / Chăm sóc khách hàng,1,1.8308647174060309e-06
Khách sạn - Nhà hàng - Du lịch / Bán sỉ - Bán lẻ - Quản lý cửa hàng / Tài chính - Đầu tư - Chứng Khoán,1,1.8308647174060309e-06
Thu mua - Kho Vận - Chuỗi cung ứng / Bán hàng - Kinh doanh,1,1.8308647174060309e-06
Khoa học - Kỹ thuật / Xây dựng,1,1.8308647174060309e-06
Khoa học - Kỹ thuật / Khai thác năng lượng - Khoáng sản - Địa chất / Bán sỉ - Bán lẻ - Quản lý cửa hàng,1,1.8308647174060309e-06
Khách sạn - Nhà hàng - Du lịch / An ninh - Bảo vệ,1,1.8308647174060309e-06
Quản lý dự án / Biên phiên dịch / Hành chính - Thư ký,1,1.8308647174060309e-06
Kế toán / Kiểm toán / Lao động phổ thông,1,1.8308647174060309e-06
Y tế - Chăm sóc sức khỏe / Chăm sóc khách hàng / Lao động phổ thông,1,1.8308647174060309e-06
Lao động phổ thông / Thu mua - Kho Vận - Chuỗi cung ứng / Khách sạn - Nhà hàng - Du lịch,1,1.8308647174060309e-06
Vận hành - Bảo trì - Bảo dưỡng / Thu mua - Kho Vận - Chuỗi cung ứng / Cơ khí - Ô tô - Tự động hóa,1,1.8308647174060309e-06
Marketing / Truyền hình - Báo chí - Biên tập / Thiết kế - Sáng tạo nghệ thuật,1,1.8308647174060309e-06
Thiết kế - Sáng tạo nghệ thuật / Cơ khí - Ô tô - Tự động hóa,1,1.8308647174060309e-06
AI Software & Services,1,1.8308647174060309e-06
Quản lý dự án / Thực tập sinh / Bán hàng - Kinh doanh,1,1.8308647174060309e-06
Công nghệ thực phẩm - Dinh dưỡng / Sản xuất - Lắp ráp - Chế biến / Thu mua - Kho Vận - Chuỗi cung ứng,1,1.8308647174060309e-06
Vận hành - Bảo trì - Bảo dưỡng / Sản xuất - Lắp ráp - Chế biến / Lao động phổ thông,1,1.8308647174060309e-06
Địa điểm: Hà Nội,1,1.8308647174060309e-06
Xuất Nhập Khẩu / Dầu khí / Thu mua - Kho Vận - Chuỗi cung ứng,1,1.8308647174060309e-06
Lao động phổ thông / Kiến trúc - Thiết kế nội ngoại thất / Sản xuất - Lắp ráp - Chế biến,1,1.8308647174060309e-06
Thu mua - Kho Vận - Chuỗi cung ứng / Chăm sóc khách hàng / Marketing,1,1.8308647174060309e-06
Sản xuất - Lắp ráp - Chế biến / Quản lý tiêu chuẩn và chất lượng / Điện - Điện tử - Điện lạnh,1,1.8308647174060309e-06
Thực phẩm - Đồ uống / Hành chính - Thư ký / Kế toán,1,1.8308647174060309e-06
Vận hành - Bảo trì - Bảo dưỡng / Xây dựng / Cơ khí - Ô tô - Tự động hóa,1,1.8308647174060309e-06
Sản xuất - Lắp ráp - Chế biến / Nông - Lâm - Ngư nghiệp / Lao động phổ thông,1,1.8308647174060309e-06
Chăm sóc khách hàng / Lao động phổ thông / An ninh - Bảo vệ,1,1.8308647174060309e-06
Bán hàng - Kinh doanh / Kế toán / Nhân sự,1,1.8308647174060309e-06
Nông - Lâm - Ngư nghiệp / Phân tích - Thống kê dữ liệu,1,1.8308647174060309e-06
Vận hành - Bảo trì - Bảo dưỡng / Luật - Pháp Lý - Tuân thủ / Môi trường - Xử lý chất thải,1,1.8308647174060309e-06
Quản lý tiêu chuẩn và chất lượng / Vận hành - Bảo trì - Bảo dưỡng / Kiến trúc - Thiết kế nội ngoại thất,1,1.8308647174060309e-06
Marketing / Vận hành - Bảo trì - Bảo dưỡng,1,1.8308647174060309e-06
Sản xuất - Lắp ráp - Chế biến / Xây dựng / Cơ khí - Ô tô - Tự động hóa,1,1.8308647174060309e-06
Kế toán / Chăm sóc khách hàng / Tài chính - Đầu tư - Chứng Khoán,1,1.8308647174060309e-06
Nông - Lâm - Ngư nghiệp / Quản lý dự án / Môi trường - Xử lý chất thải,1,1.8308647174060309e-06
Xây dựng / Quản lý tiêu chuẩn và chất lượng / Vận hành - Bảo trì - Bảo dưỡng,1,1.8308647174060309e-06
Thiết kế - Sáng tạo nghệ thuật / Giáo dục - Đào tạo / IT Phần mềm,1,1.8308647174060309e-06
Nông - Lâm - Ngư nghiệp / Bán sỉ - Bán lẻ - Quản lý cửa hàng,1,1.8308647174060309e-06
Xuất Nhập Khẩu / Thu mua - Kho Vận - Chuỗi cung ứng / Luật - Pháp Lý - Tuân thủ,1,1.8308647174060309e-06
Ngân hàng / Bảo hiểm / Chăm sóc khách hàng,1,1.8308647174060309e-06
Dệt may - Da giày - Thời trang / Hành chính - Thư ký,1,1.8308647174060309e-06
Sản xuất - Lắp ráp - Chế biến / Quản lý dự án / Công nghệ thực phẩm - Dinh dưỡng,1,1.8308647174060309e-06
Nông - Lâm - Ngư nghiệp / Xuất Nhập Khẩu / Thu mua - Kho Vận - Chuỗi cung ứng,1,1.8308647174060309e-06
Nghề nghiệp khác / Vận Tải - Lái xe - Giao nhận / Lao động phổ thông,1,1.8308647174060309e-06
Nông - Lâm - Ngư nghiệp / Xuất Nhập Khẩu / Quản lý tiêu chuẩn và chất lượng,1,1.8308647174060309e-06
Kiểm toán / Xây dựng / Kế toán,1,1.8308647174060309e-06
Thu mua - Kho Vận - Chuỗi cung ứng / Quản lý dự án / Bất động sản,1,1.8308647174060309e-06
Cơ khí - Ô tô - Tự động hóa / Xây dựng / Vận hành - Bảo trì - Bảo dưỡng,1,1.8308647174060309e-06
An toàn lao động / Điện - Điện tử - Điện lạnh,1,1.8308647174060309e-06
Marketing / IT Phần mềm / Thông tin - Truyền thông - Quảng cáo,1,1.8308647174060309e-06
Y tế - Chăm sóc sức khỏe / Bán hàng - Kinh doanh,1,1.8308647174060309e-06
Nông - Lâm - Ngư nghiệp / Bán hàng - Kinh doanh / Hành chính - Thư ký,1,1.8308647174060309e-06
IT Phần mềm / Nhân sự / Thông tin - Truyền thông - Quảng cáo,1,1.8308647174060309e-06
Điện - Điện tử - Điện lạnh / Xây dựng / Lao động phổ thông,1,1.8308647174060309e-06
Chăm sóc khách hàng / Khoa học - Kỹ thuật,1,1.8308647174060309e-06
Phân tích - Thống kê dữ liệu,1,1.8308647174060309e-06
Lao động phổ thông / Thu mua - Kho Vận - Chuỗi cung ứng / Chăm sóc khách hàng,1,1.8308647174060309e-06
Xuất Nhập Khẩu / Thu mua - Kho Vận - Chuỗi cung ứng / Bán hàng - Kinh doanh,1,1.8308647174060309e-06
Bán hàng - Kinh doanh / Cơ khí - Ô tô - Tự động hóa / IT Phần mềm,1,1.8308647174060309e-06
Công nghệ thực phẩm - Dinh dưỡng / Lao động phổ thông / Giáo dục - Đào tạo,1,1.8308647174060309e-06
IT Phần cứng - Mạng / Bưu chính viễn thông / IT Phần mềm,1,1.8308647174060309e-06
Lao động phổ thông / Sản xuất - Lắp ráp - Chế biến / Vận Tải - Lái xe - Giao nhận,1,1.8308647174060309e-06
Hành chính - Thư ký / Xuất Nhập Khẩu / Sản xuất - Lắp ráp - Chế biến,1,1.8308647174060309e-06
Điện - Điện tử - Điện lạnh / Phân tích - Thống kê dữ liệu,1,1.8308647174060309e-06
Bán hàng - Kinh doanh / Marketing / IT Phần cứng - Mạng,1,1.8308647174060309e-06
Thu mua - Kho Vận - Chuỗi cung ứng / Hành chính - Thư ký / Quản lý tiêu chuẩn và chất lượng,1,1.8308647174060309e-06
Vận Tải - Lái xe - Giao nhận / Vận hành - Bảo trì - Bảo dưỡng / Thu mua - Kho Vận - Chuỗi cung ứng,1,1.8308647174060309e-06
Chăm sóc khách hàng / Thực tập sinh / Bán hàng - Kinh doanh,1,1.8308647174060309e-06
Môi trường - Xử lý chất thải / Xây dựng / Hành chính - Thư ký,1,1.8308647174060309e-06
Hành chính - Thư ký / Y tế - Chăm sóc sức khỏe / Chăn nuôi - Thú y,1,1.8308647174060309e-06
Sản xuất - Lắp ráp - Chế biến / Nhân sự,1,1.8308647174060309e-06
Khách sạn - Nhà hàng - Du lịch / Nghề nghiệp khác / Bất động sản,1,1.8308647174060309e-06
Giáo dục - Đào tạo / Vận Tải - Lái xe - Giao nhận,1,1.8308647174060309e-06
Điện - Điện tử - Điện lạnh / Vận hành - Bảo trì - Bảo dưỡng / IT Phần mềm,1,1.8308647174060309e-06
Bán sỉ - Bán lẻ - Quản lý cửa hàng / Kế toán / Hành chính - Thư ký,1,1.8308647174060309e-06
Sản xuất - Lắp ráp - Chế biến / Lao động phổ thông / Xây dựng,1,1.8308647174060309e-06
Điện - Điện tử - Điện lạnh / Vận hành - Bảo trì - Bảo dưỡng / Sản xuất - Lắp ráp - Chế biến,1,1.8308647174060309e-06
Bán hàng - Kinh doanh / Luật - Pháp Lý - Tuân thủ,1,1.8308647174060309e-06
Khoa học - Kỹ thuật / Hóa học - Hóa sinh / Điện - Điện tử - Điện lạnh,1,1.8308647174060309e-06
Nông - Lâm - Ngư nghiệp / Bán hàng - Kinh doanh / Khoa học - Kỹ thuật,1,1.8308647174060309e-06
Thu mua - Kho Vận - Chuỗi cung ứng / Bán hàng - Kinh doanh / Thực phẩm - Đồ uống,1,1.8308647174060309e-06
Điện - Điện tử - Điện lạnh / Công nghệ thực phẩm - Dinh dưỡng / Vận hành - Bảo trì - Bảo dưỡng,1,1.8308647174060309e-06
Bán hàng - Kinh doanh / Thông tin - Truyền thông - Quảng cáo / Điện - Điện tử - Điện lạnh,1,1.8308647174060309e-06
Xuất Nhập Khẩu / Bán hàng - Kinh doanh / Vận Tải - Lái xe - Giao nhận,1,1.8308647174060309e-06
Mobile Developer,1,1.8308647174060309e-06
IT Phần cứng - Mạng / Điện - Điện tử - Điện lạnh / Cơ khí - Ô tô - Tự động hóa,1,1.8308647174060309e-06
Khoa học - Kỹ thuật / Dệt may - Da giày - Thời trang / Sản xuất - Lắp ráp - Chế biến,1,1.8308647174060309e-06
Vận hành - Bảo trì - Bảo dưỡng / Cơ khí - Ô tô - Tự động hóa / Công nghệ thực phẩm - Dinh dưỡng,1,1.8308647174060309e-06
Nông - Lâm - Ngư nghiệp / Bán hàng - Kinh doanh / Công nghệ thực phẩm - Dinh dưỡng,1,1.8308647174060309e-06
Quản lý tiêu chuẩn và chất lượng / Khoa học - Kỹ thuật,1,1.8308647174060309e-06
Chăm sóc khách hàng / Nghề nghiệp khác,1,1.8308647174060309e-06
Kế toán / Xây dựng / Nghề nghiệp khác,1,1.8308647174060309e-06
Hành chính - Thư ký / IT Phần mềm,1,1.8308647174060309e-06
Dệt may - Da giày - Thời trang / Lao động phổ thông / Bán sỉ - Bán lẻ - Quản lý cửa hàng,1,1.8308647174060309e-06
Cơ khí - Ô tô - Tự động hóa / Vận hành - Bảo trì - Bảo dưỡng / Thực tập sinh,1,1.8308647174060309e-06
Hành chính - Thư ký / Bán hàng - Kinh doanh / Xuất Nhập Khẩu,1,1.8308647174060309e-06
Chăm sóc khách hàng / Hành chính - Thư ký / Lao động phổ thông,1,1.8308647174060309e-06
Sản xuất - Lắp ráp - Chế biến / Dệt may - Da giày - Thời trang / Khoa học - Kỹ thuật,1,1.8308647174060309e-06
Chăm sóc khách hàng / Bán hàng - Kinh doanh / IT Phần mềm,1,1.8308647174060309e-06
Quản lý tiêu chuẩn và chất lượng / Sản xuất - Lắp ráp - Chế biến / Cơ khí - Ô tô - Tự động hóa,1,1.8308647174060309e-06
Bán hàng - Kinh doanh / Dược phẩm / Y tế - Chăm sóc sức khỏe,1,1.8308647174060309e-06
Y tế - Chăm sóc sức khỏe / Dược phẩm / Hành chính - Thư ký,1,1.8308647174060309e-06
Giáo dục - Đào tạo / Y tế - Chăm sóc sức khỏe,1,1.8308647174060309e-06
Bán sỉ - Bán lẻ - Quản lý cửa hàng / Chăm sóc khách hàng / Giáo dục - Đào tạo,1,1.8308647174060309e-06
Tài chính - Đầu tư - Chứng Khoán / Ngân hàng / Bất động sản,1,1.8308647174060309e-06
Bán sỉ - Bán lẻ - Quản lý cửa hàng / Thu mua - Kho Vận - Chuỗi cung ứng / Bán hàng - Kinh doanh,1,1.8308647174060309e-06
Hành chính - Thư ký / Nhân sự / Sản xuất - Lắp ráp - Chế biến,1,1.8308647174060309e-06
Thu mua - Kho Vận - Chuỗi cung ứng / Y tế - Chăm sóc sức khỏe / Lao động phổ thông,1,1.8308647174060309e-06
Thu mua - Kho Vận - Chuỗi cung ứng / Sản xuất - Lắp ráp - Chế biến / Hành chính - Thư ký,1,1.8308647174060309e-06
Hóa học - Hóa sinh / Quản lý tiêu chuẩn và chất lượng / Khoa học - Kỹ thuật,1,1.8308647174060309e-06
Giáo dục - Đào tạo / Y tế - Chăm sóc sức khỏe / Lao động phổ thông,1,1.8308647174060309e-06
Dược phẩm / Vận Tải - Lái xe - Giao nhận,1,1.8308647174060309e-06
Điện - Điện tử - Điện lạnh / Khoa học - Kỹ thuật / IT Phần cứng - Mạng,1,1.8308647174060309e-06
Dầu khí,1,1.8308647174060309e-06
Bán hàng - Kinh doanh / Marketing / Hành chính - Thư ký,1,1.8308647174060309e-06
Vận hành - Bảo trì - Bảo dưỡng / Điện - Điện tử - Điện lạnh / Khách sạn - Nhà hàng - Du lịch,1,1.8308647174060309e-06
Bán hàng - Kinh doanh / Nông - Lâm - Ngư nghiệp / Xuất Nhập Khẩu,1,1.8308647174060309e-06
Hành chính - Thư ký / Chăm sóc khách hàng / Luật - Pháp Lý - Tuân thủ,1,1.8308647174060309e-06
Lao động phổ thông / Dệt may - Da giày - Thời trang / Sản xuất - Lắp ráp - Chế biến,1,1.8308647174060309e-06
Hành chính - Thư ký / Thu mua - Kho Vận - Chuỗi cung ứng / Biên phiên dịch,1,1.8308647174060309e-06
Bán hàng - Kinh doanh / Hành chính - Thư ký / Sản xuất - Lắp ráp - Chế biến,1,1.8308647174060309e-06
Bưu chính viễn thông / Vận hành - Bảo trì - Bảo dưỡng,1,1.8308647174060309e-06
Khách sạn - Nhà hàng - Du lịch / Thu mua - Kho Vận - Chuỗi cung ứng / Thực phẩm - Đồ uống,1,1.8308647174060309e-06
