job_title,job_description,requirements,benefits
giám sát thi công công trình nội thất,"khảo sát mặt bằng thi công, lập biện pháp thi công, tiến độ thi công công trình và thống nhất tiên độ với các nhà thầu; - biết đọc bản vẽ thiết kế, các thông số kỹ thuật, phối hợp với xưởng sản xuất để làm đúng theo yêu cầu của khách hàng; - bóc tách khối lượng các hạng mục phục vụ công thi công - kiểm tra và giám sát quá trình thi công, tiến độ thi công. , nghiệm thu khối lượng công việc hoàn thành với công nhân, nhà thầu phụ, nhà thầu chính, chủ đầu tư. - chịu trách nhiệm về tiến độ, chất lượng và số lượng các hạng mục thi công trên công trình. - hướng dẫn đội thi công, thầu phụ tiến hành công việc theo các yêu cầu kỹ thuật và bản vẽ - nộp bản vẽ xin phép cho tòa nhà, chuẩn bị hồ sơ khởi công: danh sách công nhân, nội qui công trường, an toàn lao động ( atlđ ), biểu mẫu của tòa nhà. - hướng dẫn và giám sát công nhân, thầu phụ thực hiện đúng nội quy công trường, atlđ. - ghi chép nhật ký công trường: phân công công việc các nhà thầu, tổ, nhóm thi công, khối lượng thực hiện, tiến độ thực tế, tóm tắt tình hình thi công. - sắp xếp, lưu trữ hồ sơ, bản vẽ, các biên bản họp, thông báo, v.v… - làm các thủ tục nghiệm thu các bên. cùng với các nhà cung cấp thực hiện việc đo đếm số liệu thực tế tại công trường. kiểm ký xác nhận số lượng hàng từ xưởng giao tới công trình. - và các công việc khác theo yêu cầu của ban lãnh đạo.","giới tính : nam, tuổi từ 25-35, tốt nghiệp:trung cấp trở lên. - kinh nghiệm: 01 - 03 năm ở vị trí tương đương - thành thạo: autocad, office. - thường xuyên có mặt làm việc tại công trình, không ngại đi công tác tỉnh ngoài tphcm","lương:thỏa thuận khi phỏng vấn ( dao động khoảng 10 triệu -20 triệu tùy theo năng lực) - được làm việc trong môi trường chuyên nghiệp, tận tâm và sáng tạo. - cơ hội phát triển lâu dài cùng một đội ngũ đam mê và gắn bó. - tham gia vào những công trình đẹp – chất – mang giá trị sống tích cực. - tham gia đầy đủ các chính sách phúc lợi bhxh, bhyt … theo quy định nhà nước - lương thưởng theo quy định chính sách công ty"
trợ lý giám đốc điều hành,"hỗ trợ lãnh đạo trung quốc quản lý công việc hàng ngày; - hỗ trợ giám sát, sắp xếp công việc, đảm bảo công việc hoạt động bình thường; - phụ trách phiên dịch liên quan tới công việc; - thực hiện các công việc do quản lý sắp xếp. - ưu tiên ứng viên gần khu vực vũ ninh, bắc ninh","kỹ năng tiếng trung tốt (nghe-nói-đọc-viết); - kỹ năng tư duy, quản lý thời gian tốt; - có trách nhiệm với công việc - ưu tiên các ứng viên sử dụng thành thạo tin học văn phòng và biết thêm tiếng anh - ưu tiên các ứng viên có kiến thức về xây dựng","lương tối thiểu 18 – 25tr tùy theo năng lực - lương thử việc = 100% lương chính thức - được hưởng đầy đủ chế độ đãi ngộ+được đóng bhxh sau 2 tháng thử việc - nhiều cơ hội phát triển phù hợp với định hướng (chuyên môn hoặc quản lý) thời gian làm việc: - thứ 2 - thứ 6 - thứ 7, chủ nhật và các ngày lễ tết nghỉ theo quy định của nhà nước"
dược sĩ cao đẳng (kho) - vinmec riverside,"hàng ngày theo dõi và ghi nhiệt độ, độ ẩm nơi bảo quản hàng hoá kiểm nhập hàng, ghi chép và lưu trữ sổ sách, chứng từ đúng, đủ theo quy trình quy định định kỳ báo cáo hàng cận hạn và chậm luân chuyển theo quy định sắp xếp, bảo quản, dán nhãn, vệ sinh hàng hoá theo sự phân công của dspt kho. khi có phiếu lĩnh, chuẩn bị hàng hoá và cấp phát cho các khoa phòng, đảm bảo đúng, đủ theo phiếu, theo đúng quy trình, quy định. các phiếu theo bệnh nhân cần được chia thuốc cho từng bệnh nhân khi phát hiện bất thường, sai sót trong sắp xếp và bảo quản hàng hoá so với quy định, báo cáo kịp thời cho dspt và thực hiện giải pháp xử lý theo phân công. hoàn thành chính xác và đúng hạn các báo cáo định kỳ theo quy định hoặc đột xuất khi được yêu cầu hoặc khi có vấn đề bất thường lập phiếu lĩnh bù tủ trực, phiếu lĩnh thường quy, đột xuất, phiếu hoàn trả thuốc/ hóa chất tại các khu vực điều trị người bệnh nội trú quản lý tủ trực khoa phòng theo phân công: sắp xếp, bảo quản, quản lý tồn kho, ghi chép nhiệt độ độ ẩm… tham gia trực dược thực hiện kiểm kê định kỳ/đột xuất theo phân công của dspt kho. kiểm soát tồn kho hệ thống đảm bảo thuốc/ hóa chất cung ứng kịp thời cho khoa lâm sàng nhận hoàn trả, kiểm soát thuốc biệt trữ và theo dõi trả vỏ từ khoa phòng quyết toán hàng hóa đầy đủ, báo cáo vấn đề bất thường trong kiểm nhập cho dspt thực hiện các công việc khác theo chỉ đạo của lãnh đạo","tốt nghiệp cao đẳng dược thành thạo tin học văn phòng: word, excel, powerpoint, outlook. có kinh nghiệm ít nhất 1 năm làm việc trong lĩnh vực dược (ưu tiên các ứng viên có kinh nghiệm làm việc ở vị trí tương đương) có khả năng giao tiếp bằng tiếng anh","laptop, chế độ bảo hiểm, du lịch, chế độ thưởng, chăm sóc sức khỏe, đào tạo, tăng lương, công tác phí, phụ cấp thâm niên, nghỉ phép năm"
hành chính nhân sự,kinh doanh chuyên bán hàng ol và quản trị làm việc 1 ngày 8 tiếng quản lý và giám sát các nhân viên,nhanh nhẹn hoạt bát biết sử dụng máy tính,hưởng tháng lương thứ 13 du lịch 1 năm 1 lần 1 tháng nghỉ 4 ngày chủ nhật không yêu cầu bằng cấp chế độ ưu đãi cty nhiệt tình chu đáo với các nhân viên
nhân viên kỹ thuật cơ khí tại củ chi - không yêu cầu kinh nghiệm,"tiếp nhận, nghiên cứu và làm rõ các thông tin bản vẽ kỹ thuật, bản vẽ gia công cơ khí - dự toán, thống kê vật tư - kiểm tra chất lượng sản phẩm tại phân xưởng sản xuất với bản vẽ kỹ thuật - kiểm tra chất lượng các vật tư đầu vào,… đề xuất gđ các công việc liên quan tới kỹ thuật - phối hợp với các bộ phận xử lý các phát sinh liên quan (nếu có) - sửa chữa máy móc khi gặp sự cố - các công việc khác theo sự phân công của giám đốc.","nam tốt nghiệp cao đẳng, đại học ngành kỹ thuật cơ khí, xây dựng - ưu tiên sinh viên mới ra trường, có tinh thần cầu tiến, ham học hỏi, không cần kinh nghiệm, sẽ được đào tạo khi nhận việc - được training các kỹ năng bản vẽ, autocad, inventor, solid","mức lương: 10-16 triệu - thưởng lễ, thưởng tết theo quy định công ty - các chế độ nghỉ lễ, thưởng, bhxh,... theo quy định của nhà nước"
nhân viên hành chính - tiếng trung (quận 7),1. tạo hạn mức trên hệ thống. 2. phân tích báo cáo tài chính của khách hàng. 3. lập tài liệu đánh giá tín dụng. 4. biên soạn tài liệu họp tín dụng.,"1. tốt nghiệp cao đẳng/ đại học trở lên chuyên ngành kế toán, tài chính, ngân hàng... 2. tiếng trung thành thạo 4 kỹ năng, tiếng anh giao tiếp. 3. ưu tiên có kinh nghiệm làm việc tại công ty tài chính đài loan, hoặc du học sinh từng học chuyên ngành kế toán tài chính, biết làm báo cáo kế toán, tín dụng...",cơm trưa: 50k/ngày laptop chế độ bảo hiểm phụ cấp xe đưa đón đồng phục chế độ thưởng chăm sóc sức khỏe đào tạo tăng lương công tác phí nghỉ phép năm
nhân viên tư vấn bán hàng - không yêu cầu kinh nghiệm (phỏng vấn nhận việc ngay),"gọi điện tư vấn sản phẩm theo data khách hàng chất lượng được cung cấp từ đội marketing - tư vấn các sản phẩm đất nền, nhà phố do chính công ty làm chủ đầu tư tới khách hàng tiềm năng - hỗ trợ khách hàng các công tác liên quan đến hợp đồng mua bán - chăm sóc khách hàng sắp mua và đã mua sản phẩm - làm việc tại văn phòng, môi trường công sở địa điểm làm việc - hồ chí minh: 147 quốc lộ 13, bình thạnh - hồ chí minh: 27 lê trung nghĩa, tân bình - bình phước: a7-19-t đường n1, khu đô thị phức hợp cảnh quan cát tường phú hưng, x.tiến hưng, tp đồng xoài","có kinh nghiệm là một lợi thế (không có kinh nghiệm sẽ được công ty đào tạo) - chấp nhận sinh viên đang chờ bằng - khả năng thích nghi và làm việc nhóm tốt - chăm chỉ, nhiệt tình, ham học hỏi, có tinh thần cầu tiến - đam mê kinh doanh và kiếm tiền - giao tiếp tốt, nhiệt tình, có khả năng xử lí vấn đề - chịu được áp lực trong công việc","lương cứng lên đến 8tr + hoa hồng + thưởng nóng + phụ cấp đầy đủ. thu nhập lên đến 100tr (cao nhất thị trường) - được hỗ trợ chi phí marketing hàng tháng và data khách hàng từ công ty. - được đào tạo chuyên nghiệp và liên tục từ các giám đốc giàu kinh nghiệm uy tín nhất - hưởng đầy đủ quyền lợi bhxh, bhyt, bhtn và ký hđlđ sau 2 tháng làm việc - tham gia khám sức khỏe hàng năm do công ty tổ chức - các chương trình du lịch nghỉ dưỡng, team building hàng năm - thưởng tháng, quý, tết + thưởng nóng từng đợt bán hàng (vàng, xe, tiền mặt,...) => thu nhập không giới hạn - môi trường làm việc năng động, chuyên nghiệp, gắn kết, hỗ trợ nhau như một gia đình - cơ hội phát triển chuyên nghiệp và cơ hội thăng tiến cao - và nhiều chính sách hỗ trợ khác cho nhân viên (hỗ trợ mua sản phẩm công ty với chính sách ưu đãi,...)."
nhân viên phục vụ nhà hàng,"✅ part time: (7h-12h, 12h-18h, 18h-23h) - vị trí chảo: 22k/h - vị trí phục vụ: 18-20k/h ✅ full time (7h-21h) - 7h-21h lương khởi điểm 6,5m + được off 2 buổi mỗi tháng.","nhanh nhẹn, có kinh nghiệm phục vụ là một ưu tiên",✅ quyền lợi: - sắp xếp ca linh hoạt hàng tuần cho các bạn sinh viên cân đối lịch làm phù hợp với lịch học. - mức lương sẽ được tăng theo năng lực làm việc và theo thâm niên 6 tháng/lần. - được hỗ trợ các bữa ăn. liên hệ 0933 80 3333 hoặc inbox fanpage để nhận lịch phỏng vấn trực tiếp. ( photo cccd + cv)
nhân viên quay dựng / video editor,"phụ trách quay phim và phối hợp với các bộ phận liên quan để biên tập nội dung video, phục vụ cho hoạt động truyền thông, giới thiệu sản phẩm trên các kênh: youtube, facebook, tiktok… - phối hợp cùng bộ phận media để biên tập và dựng các các video giới thiệu sản phẩm, sự kiện… của công ty. - thực hiện quay phim, dựng tvc, phóng sự, video viral, livestream…. - dựng các intro, trailer về sản phẩm - xây dựng được nội dung, số lượng cũng như đảm bảo chất lượng của video/ hình ảnh. - lên ý tưởng video/ hình ảnh độc đáo phục vụ quảng bá cho sản phẩm của công ty - báo cáo công việc. - xử lý các công việc khác theo yêu cầu của cấp trên.","kinh nghiệm: từ 1-3 năm trong lĩnh vực truyền thông, sản xuất video - ưu tiên khả năng tự quay và dựng clip; - có khả năng sáng tạo, ưu tiên có thể lên kịch bản video marketing; - sử dụng tốt các loại máy ảnh, máy quay phim bán chuyên; - có khả năng biên tập, có kỹ thuật quay phim; - mắt thẩm mĩ cao, phong cách sáng tạo đa dạng; - thành thạo tin học văn phòng - nhanh nhẹn, trung thực, chăm chỉ, nhiệt tình, chịu áp lực công việc tốt. - ưu tiên ứng viên đã từng làm việc tại các công ty xây dựng.","thu nhập: 12.000.000 – 15.000.000 vnđ + phụ cấp ăn trưa - môi trường làm việc trẻ, năng động, nhiệt huyết, hoà đồng và thúc đẩy tính sáng tạo; - cơ hội thăng tiến và phát triển bản thân; - tham gia bảo hiểm xã hội, phép năm, hưởng các khoản phụ cấp theo quy định; - tham gia các hoạt động giao lưu của công ty như du lịch, workshop, liên hoan, …; - thời gian làm từ thứ 2 - thứ 6 (và 2 thứ 7 một tháng); từ 8h00-17h30 - được trang bị đầy đủ các trang thiết bị phục vụ cho công việc."
nhân viên kế toán,"kiểm soát chi phí, áp dụng quy trình thanh toán doanh nghiệp để xử lý các vấn đề thu chi tại doanh nghiệp. - theo dõi kiểm tra công nợ, thanh toán của khách hàng và nhà cung cấp. - theo dõi kiểm tra đối chiếu nhập xuất tồn kho. - theo dõi, cập nhật chứng từ, hóa đơn, in và lưu trữ sổ sách, dữ liệu kế toán theo quy định - công việc cụ thể sẽ được trao đổi khi phỏng vấn.","trung cấp , cao đăng hoặc đại học các trường liên quan đến chuyên ngành kế toán - nắm vững các nghiệp vụ kế toán - thành thạo các phần mềm kế toán word, excel - siêng năng, cẩn thận, trung thực - có tinh thần hợp tác và trách nhiệm cao trong công việc","thưởng lễ, tết, lương tháng 13 và các chế độ phúc lợi khác - hưởng các chế độ theo quy định lao động - thưởng theo năng lực - được làm việc trong môi trường năng động chuyên nghiệp, cởi mở"
[quảng nam - tp. hội an] nhân viên hỗ trợ thanh toán tại địa bàn,liên hệ trực tiếp với khách hàng trong khu vực được phân công để hướng dẫn thanh toán các khoản phí; hỗ trợ giải đáp thắc mắc có liên quan đến quá trình thanh toán của khách hàng; kiểm tra và gửi yêu cầu hỗ trợ những trường hợp đặt biệt khi nhận được thông tin của khách hàng; các công việc khác theo sự phân công của quản lý trực tiếp.,trình độ học vấn: tốt nghiệp ptth trở lên kinh nghiệm: có kinh nghiệm thu nợ là một lợi thế kỹ năng - kỹ năng giao tiếp - kỹ năng đàm phán - kỹ năng thuyết phục - kỹ năng vi tính văn phòng trình độ học vấn: tốt nghiệp trung học phổ thông trở lên. kỹ năng: kỹ năng giao tiếp; kỹ năng đàm phán; kỹ năng thuyết phục; kỹ năng vi tính văn phòng.,"lương tháng 13, thưởng theo thâm niên; ký hợp đồng lao động chính thức sau 2 tháng thử việc; chế độ bảo hiểm xã hội, bảo hiểm thất nghiệp, bảo hiểm y tế theo quy định nhà nước.; bảo hiểm tai nạn 24/24; khám sức khỏe định kỳ; nghỉ 15 ngày phép/năm; các hoạt động teambuilding hàng năm, các khóa đào tạo phát triển."
kế toán nội bộ - quận 4,"thu thập, xử lý thông tin, số liệu kế toán và các chứng từ kế toán thông qua các nghiệp vụ kinh tế phát sinh. - theo dõi và quản lý công nợ qua báo cáo của kế toán công nợ. đôn đốc thu hồi công nợ khách hàng - theo dõi và tính toán giá thành sản xuất thực tế theo từng sản phẩm. - kiểm tra và giám sát việc luân chuyển hàng tồn kho - tính lương cho cán bộ, công nhân viên và các khoản trích theo lương. - tính và trích chi phí khấu hao tscđ. hạch toán khoản trích khấu hao đó. - theo dõi và lập báo cáo nội bộ. - làm các công việc hướng dẫn bới kế toán trưởng","độ tuổi: dưới 29 tuổi - có kinh nghiệm làm việc công ty bán buôn bán lẻ - có kỹ năng giao tiếp với khách hàng, đồng nghiệp, đối tác. - có kinh nghiệm về bán hàng, kiểm tra hồ sơ chứng từ mua bán - tính cách: cẩn thận, chịu khó, có tinh thần học hỏi - tiếng anh cơ bản","mức thu nhập net: 8 triệu + hoa hồng - đầy đủ chế độ bảo hiểm theo quy định bhxh, bhyt, bhtn... - chế độ khen thưởng và phúc lợi: lễ, tết, lương tháng 13 - môi trường làm việc năng động - được hưởng chế độ nghỉ phép năm (12 ngày phép/năm) - chế độ xem xét tăng lương mỗi năm một lần - hoa hồng hưởng theo doanh số công ty (kế toán không đi sale)"
nhân viên phòng kỹ thuật,"theo dõi sản xuất: kiểm tra men mặt, men lót, thử mẫu, theo dõi đổi mẫu. thử nghiệm nguyên liệu, công thức mới.","tốt nghiệp trung cấp trở lên các ngành hóa. ưu tiên ứng viên có kinh nghiệm làm gạch men, gốm sứ.","được nâng lương hàng năm. được thưởng lương tháng 13. được khám sức khỏe, khám bênh nghề nghiệp theo vị trí công việc được giao. được hưởng cách chế độ về ma chay, hiếu hỉ theo thảo ước lao động tập thể. được bồi dưỡng ca đêm. các chế độ khác heo quy định chung của công ty. chi tiết trao đổi ở buổi phỏng vấn."
nhân viên kế hoạch phát triển sản phẩm,"nhiệm vụ 1: tham gia cùng quản lý đề xuất sản phẩm mới (30%) trong đó: 20% cập nhật xu hướng sản phẩm gia dụng thị trường trung quốc, đánh giá tính phù hợp của sản phẩm ở thị trường việt nam và phù hợp định hướng của công ty, đề xuất phát triển sản phẩm mới 80% tiếp nhận sản phẩm mới đề xuất từ quản lý, tham gia đánh giá và đề xuất bao gồm: - thu thập ý kiến phản hồi về chất lượng sản phẩm - phối hợp thu mua nhập khẩu tìm mẫu thực tế, quản lý hàng mẫu mua về - phối hợp bộ phận liên quan ước tính giá vốn sản phẩm, đánh giá tính phù hợp, tiềm năng thị trường và tính khả thi của sản phẩm, đưa ra ý kiến đề xuất nhiệm vụ 2: lập kế hoạch hoàn chỉnh theo dõi tiến độ phát triển sản phẩm (50%) sau khi chốt triển khai sản xuất sản phẩm mới, tiến hành lập kế hoạch các bước, timeline, bộ phận phụ trách, deadline…. từ khâu lên bản vẽ thiết kế, sản xuất khuôn, nguyên vật liệu, thử mẫu đầu, bao bì, …. · làm việc các bộ phận liên quan để lập kế hoạch timeline hoàn chỉnh · theo dõi, đốc thúc các bộ phận liên quan thực hiện đúng tiến độ, báo cáo cho quản lý · phối hợp điều chỉnh, xử lý các vấn đề phát sinh để đảm bảo tiến độ: góp ý thiết kế mẫu mã, chất lượng sản phẩm, thông tin trên bao bì, ấn phẩm của sản phẩm mới … nhiệm vụ 3: hoàn tất hồ sơ để đưa vào sản xuất hàng loạt (10%) · lập hồ sơ tiêu chuẩn, quy trình và văn bản liên quan · thực hiện các thủ tục kiểm định và test chứng nhận liên quan đến sản phẩm. · tạo mã code và quản lý danh mục mã code. nhiệm vụ 4: các công việc phát sinh theo sự sắp xếp của quản lý (10%)","tốt nghiệp cao đẳng trở lên các ngành khối kinh tế - kỹ năng tìm kiếm sản phẩm, phân tích, lập kế hoạch, báo cáo - ưu tiên từ 1 năm kinh nghiệm ở vị trí tương đương, nếu chưa có kinh nghiệm thì cần có tư duy, kiến thức nền tảng - tuổi từ 22-35 - tư duy sáng tạo, tinh thần trách nhiệm cao, cập nhật xu hướng thị trường","time làm việc 8:00 - 17:00 - đóng bhxh ngay khi ký hợp đồng chính thức, mỗi tháng 1 ngày phép năm, nghỉ lễ tết theo quy định hiện hành - khám sức khỏe định kỳ hàng năm, teambuilding hàng năm - mỗi năm xét tăng lương 1 lần - cơ hội thăng cấp sau 6 tháng nếu đạt kết quả làm việc tốt"
senior ads operations executive,"we are looking for a senior ads operations or expert to join our team in hanoi, vietnam. this person will handle setting up new digital campaigns, monitor & report campaigns’ performance. respond to optimize & maximize campaign’s performance. in this position, you collaborate with internal teams from several areas, such as marketing, social and creative, to enhance the complete customer experience. job responsibilities & duties: assist in troubleshooting technical issues analyze data and prepare insightful reports evaluate the effectiveness of campaigns in order to inform future campaigns support with other ad operations tasks when required actively monitor campaign kpis via platform’s dashboard and reporting responsible for campaign set- up, optimization and ensure that the campaigns deliver and meet the kpis across digital advertising platforms (google ads, facebook, dv360, apm, native, linkedin…). check if campaign pixels are implemented correctly on client websites","proactive and willing to learn at least 2- 4 years of working experience as ad operations in well recognized company/ corporation detailed- oriented, well organized with a good sense of responsibility possess logical reasoning skills with numerical ability excellent teamwork and ability to adapt good command of english good knowledge in display, video, social and search advertising (sem, display network, video network, facebook, tag management, etc) a bachelor’s degree from a recognized university knowledge in analytics tools (google analytics) & measurement tools (campaign manager, sizmek, appsflyer) would be a plus experience in google ads, facebook ads","chế độ bảo hiểm, du lịch, đồng phục, chế độ thưởng, chăm sóc sức khỏe, đào tạo, tăng lương, nghỉ phép năm"
trợ lý tư vấn du học - telesales,"hỗ trợ tư vấn và chăm sóc các khách hàng quan tâm (được đào tạo) biên – phiên dịch hoàn thiện hồ sơ nhập học và thị thực (được đào tạo) tổ chức, tham gia và thực hiện các hoạt động quảng bá; sự kiện tuyển sinh và chăm sóc khách hàng trước, trong và sau khi sử dụng dịch vụ những nhiệm vụ khác theo sự phân công của quản lý","tốt nghiệp cao đẳng, ưu tiên khối ngành tiếng anh hoặc có bằng cấp và kinh nghiệm tương đương nhiệt tình, cẩn thận, yêu thích công việc tư vấn du học, chăm sóc khách hàng, hướng nghiệp ngoại hình chuyên nghiệp, có kỹ năng giao tiếp, làm việc nhóm, đàm phán và thuyết trình nhanh nhẹn, tư duy sắc sảo, có khả năng phân tích và đánh giá tốt kỹ năng sắp xếp hồ sơ khoa học, rõ ràng và thời gian biểu hợp lý sức khoẻ tốt, thích du lịch và trải nghiệm, có thể đi công tác trong và ngoài nước khi được yêu cầu sử dụng thành thạo máy vi tính, mạng xã hội, khả năng tìm kiếm thông tin, thích đọc và nghiên cứu","làm việc trong môi trường năng động, thân thiện và chuyên nghiệp được đào tạo thường xuyên để nâng cao chuyên môn và kỹ năng thời gian làm việc: 7,5 giờ/ngày, 5ngày/tuần. tăng lương định kỳ theo quy chế công ty được hưởng đầy đủ quyền lợi theo đúng quy định luật lao động (bhxh, nghỉ lễ tết…) và các chế độ phúc lợi khác như nghỉ mát trong hoặc ngoài nước, thưởng lễ tết, khám sức khỏe và tiêm chủng hàng năm được chủ động lên kế hoạch, nêu lên ý tưởng và sáng tạo thực hiện miễn mang lại hiệu quả cho công việc"
iot staff (lập trình iot),"good skill circuit drawing (orcad, altium, proteus, ...). - understanding architecture of mcu : pic, atmel, stm, arduino kit... - proficient in c and c++ programming for mcu ( pic, atmel, stm, arduino kit...). - code good programming by arduino ide. - have good programming algorithm thinking. - know the skills of iot programming. - job location: 2a street no 8, song than 1 ip, di an, binh duong",graduate degree in any of the follow majors: + electrical engineering + electronics + automation. + electronics and telecommunications. + information technology. - ability to communicate in english - both written and verbal - 1-2 years of experience of working with similar positions,"salary: 10 ~15mil - annual leave 12 days, annual trip - bonus: 1.5 monthly basic salary / year on liberation day ( april 30th ) , independence day (september 02nd ) and lunar new year - paid insurance fully under labor law - year end party - annual company trip - regular internal activities - others subsidy: according to company regulations and labor law - participate in internal training courses - opportunities to promote to higher positions. - top management are open-minded, respectful and ready to facilitate personal growth - young and dynamic working environment - scope of work is large"
nhân viên giao hàng tại hà nội,"sáng đến kho nhận hàng rồi đi giao cho khách. hàng chủ yếu là hàng từ các shop online (quần áo, mỹ phẩm, giày dép...) - lấy hàng tại tuyến được phân công sẵn. chạy theo tuyến cố định các phường : tây mỗ, xuân phương, phương canh, mỹ đình, phú đô. - chịu trách nhiệm về hàng hóa từ khi nhận đến khi bàn giao cho khách hàng/bưu cục chuyển; - thời gian làm việc từ 7h00 - 17h thời gian làm việc linh hoạt","có xe gắn máy và điện thoại hệ điều hành android - nam/nữ 18 - 40 tuổi - bằng cấp không yêu cầu, không tiền án tiền sự - chưa có kinh nghiệm sẽ đc đào tạo - hồ sơ yêu cầu bắt buộc phải có căn cước công dân bản cứng và vneid định danh mức 2 ứng tuyển qua email hoặc liên hệ số điện thoại anh hiệu 0971863443","thu nhập từ 15-30 triệu/tháng có thể cao hơn tuỳ theo năng lực - bảo hiểm tai nạn trong giờ làm việc lên đến 50 triệu. - hưởng bhxh theo luật định khi đủ thâm niên làm việc. 142 hồng đô, phường phú đô, quận nam từ liêm, hà nội"
chuyên viên quan hệ khách hàng cá nhân / doanh nghiệp tại hà nội,"kế hoạch kinh doanh: – thực hiện kế hoạch kinh doanh của bộ phận. – tìm kiếm, khai thác khách hàng. cung cấp dịch vụ; – thực hiện cung cấp các sản phẩm tín dụng, huy động; dịch vụ thẻ, thanh toán quốc tế... của ngân hàng tới đối tượng khách hàng nhanh chóng, chính xác, an toàn với chất lượng phục vụ tận tình, chu đáo. thẩm định tín dụng: – xác minh, thẩm định các hồ sơ vay, bảo lãnh; đề xuất ý kiến về cấp phát tín dụng, gia hạn và bảo lãnh.","kiến thức: – trình độ: tốt nghiệp cao đẳng trở lên. – chuyên ngành: kinh tế, quản trị kinh doanh, tài chính, ngân hàng... – ngoại ngữ: chứng chỉ tiếng anh trình độ b trở lên. – vi tính: sử dụng thành thạo tin học văn phòng. – có khả năng tạo dựng và phát triển các mối quan hệ phục vụ hoạt động kinh doanh. độ tuổi, giới tính, sức khỏe, lý lịch: – giới tính: nam/nữ. – độ tuổi: không quá 35 tuổi. – sức khỏe tốt, ngoại hình cân đối. – có lý lịch rõ ràng, đạo đức tốt kinh nghiệm: – ít nhất 01 năm kinh nghiệm làm việc trong lĩnh vực tín dụng, kinh doanh, bán hàng trực tiếp trong lĩnh vực tài chính ngân hàng. ưu tiên ứng viên ở vị trí tương đương các ngân hàng khác, kết quả làm việc tốt, không vi phạm kỷ luật. – am hiểu tình hình kinh tế, xã hội của địa bàn được phân công.","được tham dự các lớp đào tạo nhà quản lý chuyên nghiệp để phát triển nghề nghiệp; chế độ phép năm, lễ, tết, bảo hiểm theo quy định pháp luật, bảo hiểm chăm sóc sức khỏe theo quy định của kienlongbank; được hỗ trợ chi phí xăng xe, tiền điện thoại, chế độ công tác,... được thưởng theo kết quả thu hồi nợ, hiệu quả kinh doanh, các khoản chi bổ sung theo kết quả hoạt động của đơn vị và kết quả công việc của cá nhân; thưởng tháng 13, các khoản thưởng năm, lễ, tết theo tình hình thực tế của ngân hàng."
nhân viên kỹ thuật bê tông,"thực hiện nghiên cứu ứng dụng nguyên vật liệu mới. cải tiến thiết kế định mức cấp phối bê tông mới, các quy định hướng dẫn sản xuất, hướng dẫn vận hành. thực hiện theo dõi tổng hợp báo cáo công tác thí nghiệm. thực hiện theo dõi và hướng dẫn công nhân thí nghiệm hàng ngày. yêu cầu công việc: nam, tốt nghiệp cao đẳng trở lên ngành kỹ thuật xây dựng, kinh tế xây dựng, xây dựng giao thông- cầu đường, các ngành liên quan. khả năng đàm phán, thuyết phục khách hàng. làm việc tại xí nghiệp cống bê tông (kp cây chàm, p. thạnh phước, tp. tân uyên)","nam, tốt nghiệp cao đẳng trở lên ngành kỹ thuật xây dựng, kinh tế xây dựng, xây dựng giao thông- cầu đường, các ngành liên quan.","tham gia bhxh, bhyt, bhtn- bh con người thưởng các dịp lễ tết, thưởng quý nghỉ mát hàng năm nghỉ hường lương ngày sinh nhật, thăm hỏi hiếu hỉ"
nhân viên pmc (theo dõi kế hoạch sản xuất),* kế hoạch sản suất 1. lập kế hoạch sản xuất 2. quản lý và theo dõi kế hoạch sản xuất được diễn ra đúng tiến trình 3. làm báo cáo và xử lý các vấn đề liên quan (nếu có),"+ tốt nghiệp cao đẳng. + ưu tiên ứng viên có trên 1 năm kinh nghiệm liên quan + giao tiếp tiếng trung trên trung bình. + sẵn sàng làm thêm giờ. + sử dụng tốt tin học văn phòng (đặc biệt là word, excel, pp). + nhiệt tình và có khả năng làm việc ở cường độ cao.","ø tham gia bhxh, các ngày nghỉ theo luật. ø khám sức khỏe định kỳ hằng năm. ø lương thưởng tháng 13. thưởng theo doanh thu công ty. ø tổ chức team building hằng quý."
video editor (thu nhập lên tới 15 triệu),"quay chụp, dựng video, chụp ảnh, cắt ghép các clip để tạo thành 1 clip hoàn chỉnh. - xây dựng các clip quảng cáo, clip viral, video giới thiệu sản phẩm, mô tả sản phẩm. - sáng tạo các nội dung video mới theo trend và định hướng của tổ chức. - chỉnh sửa, tạo hiệu ứng để hoàn chỉnh các video, clip theo yêu cầu của công ty. - phối hợp bộ phận marketing và các bộ phận liên quan xây dựng và phát triển hình ảnh công ty.","tốt nghiệp trung cấp, cao đẳng, đại học trở lên. - ưu tiên người có kinh nghiệm làm việc ở vị trí video editor hoặc tương tự từ 2 năm trở lên. - thành thạo các phần mềm dựng video: adobe premiere, after effect, auditions,... - biết sử dụng phần mềm photoshop, illustrator,.. - có khả năng tư duy, logic về hình ảnh, có kỹ năng lấy góc máy, ánh sáng, bố cục tốt là một lợi thế. - có kiến thức về kỹ thuật hình ảnh, ánh sáng, am hiểu về các thiết bị quay phim.","lương cơ bản : 10.000.000vnđ - 12.000.000vnđ + thưởng kpi - tổng thu nhập : lên tới 15.000.000vnđ - môi trường làm việc chuyên nghiệp, năng động, thân thiện. - được đào tạo nâng cao trình độ chuyên môn, được hưởng chế độ nghỉ phép, du lịch theo qđ công ty - đánh giá performance 2 lần một năm, xét tăng lương định kì. - các chế độ thưởng theo năng lực làm việc. - nghỉ các ngày lễ theo quy định nhà nước. - tham gia chế độ bhxh, bhyt, bhtn, và các chế độ đãi ngộ khác theo quy định của nhà nước và của công ty."
[đà nẵng] asm quản lý trình dược viên miền trung,"01 quản lý trình dược viên địa bàn (đà nẵng,quảng nam, quảng ngãi, huế) - xây dựng, phát triển hệ thống nhà phân pp quản lý nhân sự, phát triển đội ngũ trình dược viên theo kế hoạch ban tgđ đã duyệt. - xây dựng, phát triển hệ thống kênh phân phối, đưa ra mục tiêu và dự báo doanh số. - lập kế hoạch, kiểm soát, đánh giá tiến độ thực hiện doanh số/ doanh thu của khu vực - kế hoạch đẩy mạnh sản phẩm theo các kênh tiếp thị hiện hữu và các kênh mới. - phân tích thị trường, đối thủ cạnh tranh, thường xuyên cập nhật thông tin để kịp thời xử lý. - giám sát quy trình chăm sóc khách hàng, dịch vụ hậu mãi, xây dựng quy trình hướng dẫn nhân viên giải quyết các khiếu nại của khách hàng. - lãnh đạo và quản lý đội ngũ bán hàng để đạt được các mục tiêu của công ty: doanh thu, độ phủ, trưng bày, ngân sách…","nam, tuổi từ 35 - tốt nghiệp cđ/đh - có ít nhất 2 năm kinh nghiệm ở vị trí tương đương, ưu tiên ứng viên nhiều kinh nghiệm trong lình vực dược phẩm kênh otc, etc - chấp nhận thường xuyên đi công tác xa, dài ngày.","hưởng đầy đủ các chế độ theo luật lao động; - lương cứng: 15.000.000 đồng - lương cứng + thưởng doanh số đạt; - hỗ trợ 100% chi phí công tác, đi lại; - được sử dụng ô tô công ty phục vụ các công việc giao dịch, ký hợp đồng, công tác. thị trường đã có địa bàn sẵn, và bộ phận tuyển dụng hỗ trợ nhân sự liên tục"
nhân viên cơ điện tại việt - úc quảng ninh,"1.1. thực hiện theo kế hoạch bảo trì định kỳ. - xây dựng kế hoạch chi tiết bảo trì định kỳ các máy móc, thiết bị điện/nước toàn công ty - dự trù vật tư, thiết bị phục vụ công tcs bảo trì thiết bị theo kế hoạch - triển khai bảo trì thiết bị đúng kế hoạch đã xây dựng - lập sổ theo dõi quá trình sử dụng và bảo trì các thiết bị. 1.2.trách nhiệm chính trong việc sửa chữa toàn bộ thiết bị điện/nước tại công ty - trong quá trình sử dụng, các thiết bị máy móc hư hỏng đột xuất báo cáo trực tiếp giám đốc điều hành và xin phướng án sửa chữa kịp thời - hạng mục công việc thuộc phạm vi bảo trì, sửa chữa: + điện chiếu sáng + điện sinh hoạt + điện sản xuất + sửa chữa cơ khí, hàn + hệ thống đường nước 1.3.triển khai kiểm kê tài sản là máy móc, thiết bị căn cứ sổ theo dõi quá trình sử dụng và bảo dưỡng máy móc, thiết bị. định kỳ hàng tháng phối hợp cùng tổ trưởng và các thành viên trong tổ, triển khai kiểm kê, ghi nhận số lượng,. tình trạng hoạt động của các máy móc, thiết bị, cụ thể: - số lượng đầu kỳ - số lượng cuối kỳ - số lượng hao hụt, lý do hao hụt (mất, hư hỏng...) - số lượng phát sinh (mua mới, điều chuyển...) - tình trạng các máy móc, thiết bị tại thời điểm kiểm tra (cuối kỳ) - lập biên bản đối với các máy móc thiết bị hết kháu hao sử dụng.... yêu cầu công việc: - trình độ chuyên môn: tốt nghiệp trung cấp/ cao đẳng/ đại học chuyên ngành điện, điện công nghiệp, điện - điện tử, .... - có kỹ năng làm việc nhóm và làm việc độc lập. - có kinh nghiệm từ 01 năm trở lên","trình độ chuyên môn: tốt nghiệp trung cấp/ cao đẳng/ đại học chuyên ngành điện, điện công nghiệp, điện - điện tử, ....","thu nhập hấp dẫn: lương theo năng lực, lương tháng 13, thưởng lễ, tết, thưởng năm - hỗ trợ ăn và chỗ ở - bảo hiểm 24/24 - các chính sách bảo hiểm bắt buộc và phúc lợi theo quy định của nhà nước"
thực tập sinh rpa developer,"tham gia thiết kế, phát triển và kiểm thử các giải pháp tự động hóa quy trình bằng robot (rpa) trên các nền tảng như uipath, akabot, blue prism. phối hợp với nhóm business analyst (ba) để tiếp nhận yêu cầu và hỗ trợ xây dựng giải pháp phù hợp. hỗ trợ thiết kế và phát triển robot theo hướng dẫn của đội ngũ kỹ thuật. tham gia vào các dự án thực tế về tự động hóa.","sinh viên năm cuối hoặc đã tốt nghiệp chuyên ngành công nghệ thông tin, khoa học máy tính, hệ thống thông tin quản lý hoặc các ngành liên quan. có kiến thức cơ bản về lập trình (c/c++, python, java, .net, vb script, ruby,...). hiểu biết về ui, api, cơ sở dữ liệu là một lợi thế. kỹ năng giao tiếp tốt bằng tiếng anh. có tinh thần học hỏi, chủ động và sẵn sàng thử thách với công nghệ mới. kỹ năng yêu cầu: lập trình, c/c++, python, java, .net, vb script, ruby, ui, api, cơ sở dữ liệu, tiếng anh","được đào tạo bài bản về rpa và các công nghệ liên quan trong 3 tháng. cơ hội trở thành nhân viên chính thức hoặc ctv sau thời gian thực tập. thực hành thực tế trong các dự án tự động hóa tại fpt is. phát triển kỹ năng chuyên sâu, tham gia các khóa đào tạo nội bộ và các chương trình phát triển tại fpt."
kiến trúc sư thiết kế công trình xây dựng,"lên phương án tổng mặt bằng, mặt bằng các dự án triển khai phối cảnh 3d theo yêu cầu. triển khai bản vẽ chi tiết thi công. hoàn thiện hồ sơ kĩ thuật hoàn chỉnh theo yêu cầu kiểm soát hồ sơ thiết kế và phối hợp cùng các bộ phận khác. thực hiện các công việc khác được giao","tốt nghiệp chuyên ngành kiến trúc đại học kiến trúc, xây dựng,… thành thạo các phần mềm chuyên ngành như autocab, sketchup, … có kinh nghiệm trên 5 năm trở lên, ưu tiên ứng viên có kinh nghiệm làm dự án vốn ngân sách nhà nước như: trụ sở, trường học, công trình văn hóa…. ưu tiên ứng viên có chứng chỉ hành nghề xây dựng, kỹ năng thuyết trình,… trung thực, nhiệt huyết, gắn bó lâu dài.","mức lương 15-20 triệu tùy năng lực được làm việc trong môi trường chuyên nghiệp, năng động, hiện đại. có cơ hội học hỏi, trau dồi kiến thức từ những chuyên gia có kinh nghiệm và phát triển bản thân. được hưởng đầy đủ các chế độ của người lao động theo quy định của nhà nước. được tham gia đầy đủ bhxh, bhyt, bhtn ngay sau khi được tuyển dụng chính thức đi du lịch hàng năm cùng công ty"
nhân viên tư vấn trả góp tại cửa hàng điện thoại / xe máy,"tư vấn, cung cấp bán các sản phẩm và dịch vụ trực tiếp của công ty. - tương tác khách hàng, hợp tác với các đơn vị có liên quan nhằm tìm hiểu nhu cầu tín dụng của khách hàng và sử dụng các thông tin này để duy trì, cập nhật danh sách các khách hàng tiềm năng. - giới thiệu và tư vấn các sản phẩm cho kh tìm kiếm và gặp gỡ tại các điểm giao dịch. - quản lý, chăm sóc và duy trì mối quan hệ lâu dài với khách hàng. - kiểm soát điểm giao dịch, xây dựng hình ảnh hiệu quả trong điểm tư vấn, cửa hàng. hỗ trợ thủ tục, hồ sơ tín dụng cho khách hàng. - xây dựng mối quan hệ tốt và duy trì mức độ hài lòng với các đại lý/đối tác. - cập nhật thông tin khách hàng lên hệ thống quản lý của công ty",không có nợ xấu - được đào tạo thêm,"thu nhập > 15 triệu/tháng (lương cơ bản 5,100,000 vnđ + phụ cấp cơm + thưởng) - tham gia đầy đủ các chế độ bảo hiểm + gói bảo hiểm sức khoẻ. - hưởng 100% lương trong 2 tháng thử việc - 15 ngày phép/năm - bhyt, bhxh, bhtn ngay từ tháng thử việc. - nghỉ lễ tết theo quy định của nhà nước. - thưởng tết, thưởng các ngày lễ, các ngày đặc biệt của công ty. - được đào tạo hỗ trợ nghiệp vụ chuyên sâu từ cấp trên - luôn có cơ hội thăng tiến trong công việc nghề nghiệp - được cung cấp trang thiết bị đầy đủ để phục vụ công việc. - làm việc trong môi trường chuyên nghiệp, năng động, thân thiện"
telesales tư vấn khóa học spa,"khai thác dữ liệu data có sẵn và tư vấn khóa học phù hợp cho từng khách hàng. - hỗ trợ tổ chức thi xếp lớp, thu học phí và chuẩn bị các công việc cần thiết cho lớp khai giảng theo quy định và chỉ tiêu doanh số. - theo dõi, chăm sóc học viên và theo sát quá trình của lớp học. - các công việc khác theo yêu cầu của trưởng bộ phận","có kinh nghiệm sale, tư vấn từ 6 tháng, có kinh nghiệm mảng giáo dục, dược mỹ phẩm là lợi thế - giọng nói dễ nghe, kỹ năng giao tiếp và khả năng xử lý tình huống tốt; - có laptop cá nhân. - thành thạo tin học văn phòng.","thu nhập: từ 9.000.000 - 15.000.000đ, gồm lương cứng: 8.000.000 + thưởng kpi 3.000.000 vnd + thưởng % doanh thu - được cung cấp, hỗ trợ data.chính sách bán hàng linh hoạt, dễ chốt sale - được đào tạo bài bản bởi ban giám đốc giàu kinh nghiệm trong ngành - hỗ trợ chỗ ở tại ktx, ăn trưa tại bếp ăn công ty - trợ cấp chi phí điện thoại, công tác phí - được hưởng đầy đủ chế độ bhxh, thưởng lễ tết, nghỉ phép theo quy định nhà nước và công ty. review nâng lương định kỳ - môi trường làm việc năng động, tốc độ tăng trưởng nhanh, nhiều thử thách và cơ hội"
nhân viên đại lý tàu biển - môi giới hàng hải,"thực hiện công việc đại lý theo hợp đồng đại lý của công ty với chủ tàu, hoặc ủy quyền của chủ tàu. - thường xuyên giao dịch với chủ tàu, chủ hàng và các cơ quan chức năng liên quan. - lập dự toán cảng phí và các chi phí liên quan đến tàu báo công ty và chủ tàu. - lập báo cáo tình hình tàu làm hàng, cầu bến gửi chủ tàu. - làm thủ tục xuất, nhập cảnh cho tàu vào làm hàng và sửa chữa tại cảng. - lập và lưu hồ sơ cho từng chuyến hàng, tàu theo quy định của công ty. - phối hợp với kế toán theo dõi công nợ của các chuyến tàu / chủ tàu mà mình thực hiện. - gửi đơn chào hàng, chào tàu cho khách hàng theo hướng dẫn của công ty. - có khả năng marketing để mở rộng dịch vụ của công ty tại hải phòng và các địa bàn trong nước. - đón, tiếp khách theo yêu cầu chỉ định của công ty. - tham mưu cho lãnh đạo công ty về khách hàng tiềm năng chho dịch vụ giao nhận, đại lý – môi giới thuê tàu.","nam giới, tuổi từ 25~35 có tác phong và ý thức kỷ tốt. - tốt nghiệp đại học các ngành ngoại thương, hàng hải, ngoại ngữ , kinh tế… - có khả năng sử dụng tiếng anh trong giao dịch và đàm phán lưu loát, ưu tiên ứng viên biết tiếng trung quốc. - sử dụng thành thạo thiết bị văn phòng, các phần mềm ms word, excel, ms outlook, các phần mềm gửi, nhận email, chat (messenger, zalo, viber, whatsapp, line, wechat…..) - sẵn sàng tham gia các khóa đào tạo chuyên môn để nhận chứng chỉ đại lý, giao nhận, khai thuê hải quan (đối với ứng viên là sinh viên mới ra trường). - có khả năng chịu được thử thách và áp lực công việc cao, sẵn sàng làm việc ngoài giờ và công tác xa. - tác phong chuyên nghiệp, cẩn thận, ngăn nắp và ý thức trách nhiệm với công việc được giao. - ưu tiên ứng viên đang sinh sống hoặc làm việc hải phòng hoặc các vùng lân cận. - hồ sơ dự tuyển photo (bản sao y công chứng mới trong vòng 6 tháng nộp khi trúng tuyển) • 01 đơn xin việc có dán ảnh 3x4 ghi rõ vị trí dự tuyển; • 01 bản mô tả quá trình học tập và công tác; • 01 sơ yếu lý lịch có xác nhận của chính quyền địa phương nơi thường trú; • 01 chứng minh nhân dân/ căn cước công dân (rõ số)); • 01 ảnh 3x4 mới nhất (trong vòng 3 tháng) • 01 bản sao các văn bằng chứng chỉ liên quan (công chứng) • 01 giấy khám sức khỏe cấp quận/huyện mới nhất (trong vòng 3 tháng) - lưu ý: toàn bộ hồ sơ cá nhân không hoàn trả. ưu tiên ứng viên nộp hồ sơ sớm. khi nộp hồ sơ mang theo bản chính để đối chiếu.","lương cơ bản và thưởng theo doanh thu. thu nhập từ 10 triệu đồng/tháng trở lên - được thưởng theo định kỳ và cho các thành tích đóng góp cho công ty. - được tạo điều kiện để phát triển và thăng tiến. - được hưởng các chế độ bhxh, bhyt, nghỉ việc riêng, nghỉ phép năm, thưởng, trợ cấp... theo đúng bộ luật lao động. - môi trường làm việc năng động, có nhiều cơ hội học hỏi. - các chế độ đãi ngộ khác theo quy định của nhà nước và công ty."
chuyên viên tư vấn tuyển sinh,"tư vấn, chia sẻ và giải thích cho khách hàng về nội dung chương trình học, các khóa học và chính sách bán hàng của trung tâm - duy trì, phát triển khách hàng tiềm năng trong lĩnh vực kinh doanh của công ty","chuyên viên tuyển sinh + telesale marketing -không yêu cầu kinh nghiệm -nhanh nhẹn, chăm chỉ -phù hợp cho các bạn yêu thích bán hàng","quyền lợi: *xét lương 3 tháng một lần *mức lương cứng 6-9m + (%hoa hồng) *ưu tiên làm việc gần trung tâm khu vưc sống *đóng bhxh, bhyt đầy đủ. chê độ nghỉ lễ, đi du lịch hằng năm *cơ hội thăng tiến, phát triển cao."
nhân viên ie,"lập các bước công việc và xác định thời gian cho các công đoạn trên một sản phẩm của từng mã hàng. - phối hợp chung với bộ phận may mẫu và nhân viên kỹ thuật nhóm để nghiên cứu các cụm công đoạn mới. viết qui trình, thiết bị dùng cho từng công đoạn. - tính năng suất cho từng công đoạn sản xuất trong 1 giờ, năng suất bình quân cho một lao động, chuyền. - xác định thời gian sản xuất chuẩn. tính các loại gá lắp dùng cho đơn hàng (cho 1 chuyền). - lập bảng cân đối sắp xếp chuyền, theo dõi thời gian sản xuất thực tế và cân bằng chuyền.",tốt nghiệp cao đẳng trở lên - có kinh nghiệm khoảng 01 năm - có khả năng giao tiếp tiếng anh - có khả năng làm việc nhóm và làm việc độc lập,"được làm việc trong môi trường chuyên nghiệp ,năng động - có cơ hội thăng tiến trong công việc - được đánh giá tăng lương hàng năm - thưởng lương tháng 13 & phép năm - được tham gia bảo hiểm theo quy định của nhà nước - công ty có phát quà vào những ngảy lễ lớn trong năm"
[tp.hcm] chuyên viên quản lý khách hàng trọng điểm (pharmacy chain),"tìm kiếm và mở rộng khách hàng mới, tiến hành đàm phán các điều khoản thương mại để ký kết hợp đồng. - xây dựng chiến lược kinh doanh, marketing, listing hàng, chiến lược khuyến mãi, trưng bày đối với nhóm khách hàng phụ trách theo định hướng chung nhằm đạt được những mục tiêu của công ty đề ra. - thực hiện chỉ tiêu khoán doanh số cũng như các chỉ tiêu kpi về hoạt động bán hàng và marketing theo tháng/quý/năm. theo dõi, quản lý, thực hiện và thường xuyên tương tác với khách hàng về chỉ tiêu doanh số bán hàng để đảm bảo đạt được chỉ tiêu khoán của từng khách hàng. - xây dựng mối quan hệ với khách hàng, thu thập thông tin và yêu cầu từ khách hàng và truyền thông, phối hợp với nội bộ để cùng nhau xây dựng chiến lược hỗ trợ khách hàng. - hướng dẫn, phối hợp với các phòng ban, đơn vị liên quan để hoàn thành các thủ tục, chứng từ liên quan đến quá trình kinh doanh hoặc để hỗ trợ yêu cầu từ khách hàng. - thực hiện nghiên cứu thị trường, phân tích các chương trình, hoạt động của đối thủ để xây dựng chương trình khuyến mãi và thúc đẩy kinh doanh. - quản lý tiến độ thanh toán của khách hàng và các khoản chi trả khuyến mãi, thưởng, hỗ trợ cho khách hàng. - huấn luyện sản phẩm dhg đến nhân viên bán hàng của đối tác, khuyến khích nhân viên bán hàng tại điểm bán của khách hàng ưu tiên giới thiệu sản phẩm và chương trình khuyến mãi của dhg đến người tiêu dùng. - tối ưu hóa hình ảnh thương hiệu tại điểm bán của khách hàng để thu hút sự chú ý của người tiêu dùng, khuyến khích họ lựa chọn sản phẩm dhg. - địa điểm làm việc: 5b tôn đức thắng, phường bến nghé, quận 1, tp.hcm","tốt nghiệp đại học các ngành: chuyên ngành marketing, kinh tế, quản trị kinh doanh... - nam, nữ độ tuổi từ 23-35 tuổi. - có kinh nghiệm làm việc với khách hàng kênh hiện đại: chuỗi nhà thuốc, siêu thị, cửa hàng tiện lợi, cửa hàng chăm sóc sắc đẹp…. - chứng chỉ toeic 450, b1 hoặc tương đương, giao tiếp tốt - tin học văn phòng thành thạo - có kỹ năng đàm phán tốt - khả năng quản lý công việc, theo sát tiến độ công việc","thu nhập bao gồm: lương vị trí công việc, thưởng kpi, thưởng và các phúc lợi khác theo chính sách công ty; - chế độ công tác theo quy định (chi phí đi lại, điện thoại,….); - chế độ bhxh - bhyt – bhtn theo quy định của nhà nước; - cơ hội thăng tiến, nâng cao thu nhập cho người có năng lực, tâm huyết và gắn bó lâu dài"
chuyên viên tư vấn 100% data công ty cung cấp - không yêu cầu kinh nghiệm - quận 12,"gọi điện thoại tư vấn các sản phẩm theo data khách hàng tiềm năng của công ty (có sẵn kịch bản gọi) - tư vấn thông tin dinh dưỡng các sản phẩm chất lượng có tiếng của abbott như ensure, similac, grow,... ) - chăm sóc khách hàng, tư vấn, hướng dẫn khách hàng mua sản phẩm - cập nhật thông tin khách hàng lên hệ thống. - báo cáo công việc lên cấp trên trực tiếp. - giọng nói rõ ràng, lưu loát, có kỹ năng giao tiếp tốt, linh hoạt, nhanh nhẹn. - thái độ làm việc chăm chỉ, chịu khó, tinh thần ham học hỏi, nhiệt huyết trong công việc. - yêu thích công việc tư vấn, bán hàng, mong muốn kiếm thu nhập cao qua việc chốt sale. - không yêu cầu kinh nghiệm (được đào tạo bài bản các kỹ năng tư vấn, sale,...). - các ứng viên quan tâm vui lòng gửi hồ sơ trực tuyến qua hoặc liên hệ ms. thắm 0934697725 concentrix là một công ty hàng đầu thế giới của mỹ trong lĩnh vực dịch vụ chăm sóc khách hàng có mặt ở trên 44 quốc gia với tổng số nhân sự lên tới trên 250.000 nhân viên. concentrix việt nam luôn đầu tư và nỗ lực nhằm cung cấp môi trường tốt nhất như: cơ hội học hỏi & phát triển kết nối thường xuyên với nhân viên, tạo môi trường tốt để lắng nghe và tôn trọng tiếng nói nhân viên cũng như giá trị tập thể đầy đủ cơ hội phát triển nhân viên công nhận sự nỗ lực và sự cống hiến từ các cá nhân và tập thể sự khác biệt lớn khi có sự đồng hành tuyệt vời từ đội ngũ nhân viên concentrix. với sứ mệnh luôn chú trọng con người là nhân tố chủ lực, chính điều này đã trở thành một trong các yếu tố quan trọng giúp chúng tôi chiến thắng với giải thưởng cao quý và uy tín ""công ty có môi trường làm việc tốt nhất châu á năm 2020"" – được bình chọn bởi tạp chí hr asia - là một trong những ấn phẩm hàng đầu châu á dành cho hiệp hội nhân sự.","giọng nói rõ ràng, lưu loát, có kỹ năng giao tiếp tốt, linh hoạt, nhanh nhẹn. - thái độ làm việc chăm chỉ, chịu khó, tinh thần ham học hỏi, nhiệt huyết trong công việc. - yêu thích công việc tư vấn, bán hàng, mong muốn kiếm thu nhập cao qua việc chốt sale. - không yêu cầu kinh nghiệm (được đào tạo bài bản các kỹ năng tư vấn, sale,...).","lương cứng 7.220.000 + thưởng doanh số. thu nhập từ 10 - 15 triệu/đồng được hưởng chế độ bhyt, bhxh, bhtn theo quy định chương trình chăm sóc sức khỏe định kỳ hằng năm có cơ hội thăng tiến lên các vị trí cao hơn thử việc nhận 100% lương, được đào tạo bài bản các kỹ năng về sale, tư vấn khách hàng (lương được tính từ ngày đầu training thử việc)"
nhân viên bào chế - r&d (thuốc thú y - thủy sản),"thực hiện bào chế sản phẩm mới hoặc cải tiến sản phẩm thuốc thú y. soạn thảo các tài liệu liên quan đến việc phát triển sản phẩm mới ( tiêu chuẩn, nguyên liệu, bán thành phẩm, thành phẩm, quy trình công nghệ, hướng dẫn công việc… ). chịu trách nhiệm thực hiện các công việc được phân công. tuân thủ các quy trình khi thực hiện công việc được phân công.","thực hiện các công việc theo chức năng, nhiệm vụ được phân công. làm việc trực tiếp các bộ phận khác liên quan về các yêu cầu công việc hay cung cấp thông tin cần thiết liên quan đến công việc được giao. trình độ chuyên môn: tốt nghiệp chuyên ngành dược, dược thú y, hóa học, hóa dược kỹ năng làm việc độc lập và làm việc theo nhóm. có kinh nghiệm ít nhất 1 năm trong lĩnh vực bào chế, sản xuất thuốc thú y","thực hiện đầy đủ các chế độ về bhxh, bhyt, công đoàn thưởng tháng 13, thưởng lễ tết du lịch nghỉ mát hàng năm, quà sinh nhật, tham hỏi hiếu hỷ"
nhân viên kinh doanh,"• tư vấn, giải thích, chăm sóc cho khách hàng về dịch vụ do vtvcab đang cung cấp; • mặt hàng: viễn thông (internet và truyền hình) • tư vấn , đàm phán, thương lượng với khách hàng đang sử dụng dịch đăng kí thêm các dịch vụ gia tăng. • tìm kiếm khách hàng tiềm năng, chăm sóc khách hàng sau bán hàng và phát triển khách hàng mới chưa sử dụng dịch vụ vtvcab; • thiết lập mối quan hệ với khách hàng để hỗ trợ khách hàng trong quá trình sử dụng dịch vụ. • làm việc tại văn phòng hoặc theo yêu cầu, hướng dẫn của quản lý trực tiếp; • hướng dẫn khách hàng tổng đài báo hỏng để sửa chữa vtvcab miễn phí.","• nam tuổi từ 22-30 • có phương tiện di chuyển và smartphone; • đam mê kinh doanh và kiếm tiền, yêu thích công việc; • giao tiếp tốt, có kỹ năng thuyết phục khách hàng; • ngoại hình dễ nhìn, không nói ngọng, nói lắp; • cần cù chịu khó, không ngại công việc phải ra ngoài tư vấn kh tại nhà. • nhanh nhẹn, linh hoạt, giải quyết tình huống tốt. chịu được áp lực cao trong công việc.","• chưa có kinh nghiệm sẽ được đào tạo, tham gia khóa đào tạo nhân viên kinh doanh chuyên nghiệp, đầy thử thách ngay sau khi đậu phỏng vấn; • có nhân viên kèm việc 1 – 1 trong những tháng đầu tiên. đội ngũ nhân viên văn phòng, trưởng nhóm, trưởng phòng hỗ trợ nghiệp vụ. • gói thu nhập tương đương từ 8 - 20 tháng lương quy đổi (thưởng lương tháng 13, lương kinh doanh, ...). • lương cơ bản + hoa hồng + doanh thu. thu nhập hấp dẫn theo năng lực (thưởng theo doanh số, thưởng quý, thưởng tết không giới hạn); • chế độ nghỉ mát, du lịch hàng năm, nghỉ các ngày lễ tết, dịp đặc biệt của công ty. • sôi nổi các hoạt động văn hóa văn nghệ thể dục thể thao hấp dẫn: tân binh, 72 giờ trải nghiệm, teambuilding, thi trạng, hội làng, đá bóng, cầu lông, bơi lội, bóng bàn, bi-a... • cơ hội làm việc và thăng tiến ở các vị trí cấp cao, manager tại tổng công ty truyền hình cáp việt nam với hơn 5.000 nhân viên. • bảo hiểm đầy đủ theo luật của nhà nước việt nam • được làm việc trong môi trường trẻ trung, năng động và linh hoạt; • được đào tạo, học hỏi và phát triển bản thân, môi trường làm việc có nhiều cơ hội thăng tiến; mua sản phẩm công ty với giá ưu đãi"
chuyên viên tư vấn (giờ hành chính),"liên hệ khách hàng từ danh sách có sẵn để tư vấn sản phẩm về chế độ dinh dưỡng cho mẹ bầu, tư vấn về các sản phẩm sữa bột dành cho bé. - hướng dẫn khách hàng mua sản phẩm. - giới thiệu thêm các chương trình khuyến mãi, mã giảm giá đến cho khách hàng. - cập nhật các thông tin, báo cáo liên quan lên hệ thống.","tốt nghiệp thpt trở lên - giọng nói rõ ràng, lưu loát - giao tiếp tốt, có khả năng thuyết phục khách hàng - ứng viên có kinh nghiệm ít nhất 3 tháng ở các vị trí telesales, sales, cskh, tư vấn bán hàng, pg sữa…","thu nhập: từ 6tr - 15tr/tháng - tham gia đầy đủ chế độ bảo hiểm: bhxh, bhyt, bhtn - lương tháng 13 - xét tăng lương 1 lần/năm, lộ trình thăng tiến rõ ràng - quà cho nhân viên vào các dịp lễ, tết. - chương trình du lịch và các hoạt động team building hàng năm - trang bị đầy đủ trang thiết bị làm việc (máy tính/ điện thoại) - đào tạo nghiệp vụ và kỹ năng trước khi bắt đầu công việc"
kế toán trưởng - nhận việc ngay,"thực hiện theo dõi các công việc trong phòng kế toán: kế toán tiền mặt, ngân hàng; theo dõi công nợ, thanh toán của nhà cung cấp - theo dõi và giám sát các hoạt động kế toán hàng ngày tại công ty: kiểm tra doanh thu, tập hợp các khoản chi phí, định mức tính giá thành, cập nhật dữ liệu vào phần mềm kế toán. - theo dõi các khoản vay ngân hàng, làm hồ sơ vay vốn ngân hàng, báo cáo số liệu khi ngân hàng yêu cầu - kiểm tra các chứng từ, hạch toán kế toán trước lúc trình lên cấp trên phê duyệt - lập các báo cáo tài chính định kỳ (hàng tháng, quý, năm) theo yêu cầu quản lý của công ty - tổng hợp, phân tích số liệu và lập báo cáo - trực tiếp giám sát công tác hạch toán kế toán của công ty theo quy định của pháp luật - đảm bảo việc tuân thủ chặt chẽ các quy định, quy trình theo yêu cầu của giám đốc - chịu trách nhiệm trước hội đồng thành viên và ban giám đốc về quản lý tài sản, báo cáo tài chính của công ty - thực hiện các nhiệm vụ khác do ban giám đốc phân công. - trao đổi chi tiết trong buổi phỏng vấn......","*** yêu cầu trình độ: tốt nghiệp đại học chuyên ngành tài chính kế toán hoặc các ngành có liên quan. *** yêu cầu kinh nghiệm : 3 - 5 năm kinh nghiệm ở vị trí kế toán trưởng trong ngành sản xuất *** yêu cầu kỹ năng : - ưu tiên ứng viên có kinh nghiệm kế toán trưởng trong các ngành sản xuất (tối thiểu 3-5 năm) - nắm vững nghiệp vụ hạch toán kế toán. - thành thạo tin học văn phòng word, excel, ưu tiên ứng viên biết sử dụng phần mềm kế toán. - sử dụng thành thạo các thiết bị văn phòng như máy photo, fax, internet.. - độ tuổi tối đa 45 tuổi","lương thỏa thuận tùy theo năng lực. - mức thu nhập từ 13 triệu trở lên - lương tháng 13, được đáp ứng đầy đủ các chế độ theo quy định như bảo hiểm y tế, bh xã hội, công đoàn (được ký hợp đồng dài hạn và đóng bảo hiểm sau 2 tháng thử việc) - nghỉ và thưởng lễ tết , du lịch hàng năm. - được làm việc trong môi trường chuyên nghiệp, có cơ hội thăng tiến."
kế toán nội bộ - đi làm ngay,"* mô tả công việc: -tiếp nhận hồ sơ đề xuất, kiểm tra tính hợp lý của các dự án đang triển khai -lập chứng từ thu-chi hằng ngày. -đối chiếu, nhập chứng từ vào phần mềm kế toán. -báo cáo ngân quỹ, đối chiếu với thủ quỹ sổ quỹ hằng ngày. -báo cáo tình hình kinh doanh. -phối hợp các công việc liên quan đến ngân hàng, cơ quan thuế. -báo cáo thuế gtgt, thuế tncn hằng quý -thực hiện các nhiệm vụ khác do kế toán trưởng phân công * thời gian làm việc: từ thứ 2 đến thứ 7. sáng từ : 8h00 đến 12h00; buổi chiều từ 13h30 đến 17h00. (7,5 giờ/ngày) * địa chỉ làm việc: chi nhánh thủ đức : 1338 phạm văn đồng phường linh tây quận thủ đức, tp. hồ chí minh yêu cầu công việc:","giới tính : nữ, tuổi từ 22 trở lên -thành thạo vi tính văn phòng. -tốt nghiệp chuyên ngành : kế toán, kiểm toán, tài chính. -chăm chỉ, cẩn thận.","lương cơ bản chính thức từ 7,5 đến 10 triệu. -thưởng theo quý, 6 tháng,hằng năm; lương tháng 13, thưởng đột xuất. -được hưởng đầy đủ chế độ, quyền lợi của người lao động. -được đi du lịch hằng năm. -tạo điều kiện nâng cao kiến thức -tham gia các sự kiện với chủ đầu tư, đối tác để trao dồi kiến thức."
nhân viên kỹ thuật thi công tại hà nội,"khảo sát & thiết kế: đánh giá hiện trạng công trình, đo đạc, đề xuất giải pháp và bản vẽ thiết kế 2d,3d lên ý tưởng sản phẩm phù hợp với công trình - thi công & lắp đặt: triển khai bản vẽ thi công. phụ trách giám sát và kết hợp triển khai thi công sản phẩm tại công trường. - giám sát & kiểm tra: theo dõi tiến trình thi công, đảm bảo chất lượng, triển khai bàn giao vận hành cho khách hàng - bảo trì & sửa chữa: kiểm tra, khắc phục lỗi kỹ thuật, đưa ra các phương án sửa chữa và bảo hành sản phẩm - hỗ trợ khách hàng: hướng dẫn vận hành và giải đáp các vấn đề kỹ thuật liên quan. - địa điểm làm việc tại vpgd: số 32-lk 4, tổng cục 5,tân triều, thanh trì, hn","tốt nghiệp trung cấp, cao đẳng, đại học chuyên ngành xây dựng, kỹ thuật nhiệt, cơ khí, điện lạnh, hoặc các ngành liên quan. - ưu tiên ứng viên có kinh nghiệm 1-2 năm trong lĩnh vực thi công về xây dựng, các ứng viên mới được đào tạo về kỹ thuật và bán hàng - kỹ năng đọc bản vẽ, phân tích khối lượng, sử dụng thành thạo autocad là lợi thế - nhiệt tình, cẩn thận, năng động và sẵn sàng triển khai công việc tại công trình","lương: từ 8 – 15tr + ăn trưa + xăng xe + công tác tỉnh. thu nhập trên 15 triệu - được hưởng chế độ bảo hiểm theo chế độ luật lao động hiện hành. - thưởng các ngày lễ, tết trong năm - tham gia du lịch, party cùng các thành viên công ty - tăng lương định kỳ hàng năm - môi trường làm việc năng động, đồng nghiệp thân thiện - thời gian thử việc 01 tháng"
kỹ thuật viên máy photo - thủ dầu một,"lắp đặt, bảo trì máy cho khách hàng - thay thế vật tư, linh kiện - thực hiện công việc theo sự phân công của quản lý.","nam, tuổi từ 20 - 27 - trung cấp trở lên ngành: điện, điện tử, điện tử viễn thông, cntt, tin học - trung thực, cẩn thận - có khả năng làm việc độc lập, làm việc nhóm.","được đào tạo nghề - thời gian làm việc: từ thứ 2 - thứ 6 hàng tuần & sáng thứ bảy cuối tháng. - chính sách thưởng đa dạng, đãi ngộ cùng cơ hội thăng tiến cho ứng viên có năng lực - phụ cấp xăng xe - thưởng tháng 13, 14, 15,16 theo kết quả kinh doanh và năng lực. - thưởng du lịch nước ngoài cho nhân viên có hiệu quả làm việc cao. - khám sức khỏe định kỳ, phép năm, sinh nhật, teambuilding. - môi trường làm việc năng động, chuyên nghiệp, thăng tiến - được hưởng đầy đủ chế độ phúc lợi của công ty và theo qui định của luật lao động."
nhân viên hành chính nhân sự,"mảng nhân sự: chấm công, tính lương, bhxh, hợp đồng, tuyển dụng & đào tạo. mãng hành chính: quản lý & theo dõi nội quy, form mẫu, vpp, nghỉ phép & nghỉ việc, soạn thảo thông báo, quyết định, bổ nhiệm, thư ký cuộc họp. giải quyết các khiếu nại, kỷ luật. làm việc với các cơ quan nhà nước: plđ, pccc - quản lý hồ sơ, tài liệu công ty",tốt nghiệp trung cấp/ cao đẳng trở lên các ngành quản trị nhân lực hoặc tương đương. có kinh nghiệm ít nhất 1 năm trở lên.,"làm việc trong môi trường năng động, chuyên nghiệp và cơ hội thăng tiến cao. được tham gia bhxh, bhyt, bhtn theo quy định nhà nước. được tham gia các khóa đào tạo về kỹ năng chuyên môn do công ty tổ chức. các chế độ thưởng khác theo quy định của công ty. đi du lịch hàng năm trao đổi cụ thể khi phỏng vấn"
"trưởng phòng kinh doanh (phần mềm / phân phối, bán lẻ / f&b / tài chính ngân hàng)","tổ chức kinh doanh dịch vụ bản đồ phân tích thị trường cho lĩnh vực phân phối, bán lẻ và những lĩnh vực khác. - xác định, đề xuất các mục tiêu và xây dựng kế hoạch kinh doanh của phòng - tổ chức triển khai kế hoạch kinh doanh đảm bảo hoàn thành các mục tiêu đề ra - quản lý và phát triển đội ngũ nhân sự của phòng","1.bắt buộc phải có - đã làm việc 2-3 năm ở vị trí nhân viên kinh doanh/ quản lý kinh doanh tại các doanh nghiệp phân phối, bán lẻ / f&b/tài chính ngân hàng.. - mong muốn làm việc với tinh thần start-up - kỹ năng lập kế hoạch, phân tích, thuyết trình và đám phán tốt - có kỹ năng xây dựng, kết nối và đào tạo đội nhóm. - thân thiện, nhiệt tình, có trách nhiệm 2. có thì tốt - tốt nghiệp các chuyên ngành liên quan như: marketing, quản trị kinh doanh, kinh tế..tại neu, ftu",mức lương: thỏa thuận -tiếp cận với các công nghệ tiên tiến nhất để thực hiện nghiên cứu và phát triển các giải pháp phân tích số liệu thị trường mới nhất cho khách hàng. - công ty đóng 100% bhxh (không trừ vào lương) - du lịch 2 lần/ năm - thưởng các ngày lễ; tết; lương tháng 13…
nhân viên trực page,"trực tổng đài (hotline, fanpage, website...) để tư vấn sản phẩm, xử lý, lên đơn đặt hàng cho khách hàng xử lý các vấn đề, thắc mắc của khách hàng, theo dõi đơn hàng và đảm bảo tương tác của khách hàng được xử lý nhanh nhất; giới thiệu dịch vụ đến khách hàng (cá nhân/doanh nghiệp) quan tâm tới sản phẩm","có giọng nói tốt, rõ ràng; khả năng xử lý tình huống nhanh, linh hoạt; cẩn thận, trách nhiệm, nhiệt tình và có thể chịu được áp lực tốt trong công việc.","thu nhập: lương cứng 6.5tr+ % hoa hồng ( tổng thu nhập 10-15tr/tháng) hỗ trợ tiền gửi xe, phụ cấp nhân viên không bị áp kpi có 1 tháng thử việc nhận 85% lương lương tháng 13 + thưởng cuối năm + thưởng các dịp lễ tết, sinh nhật hưởng đầy đủ các chế độ về bhxh, bhyt, bhtn… và các chính sách phúc lợi vượt trội khác môi trường làm việc trẻ, năng động, công bằng, đề cao năng lực và sự cống hiến"
nhân viên phiên dịch tiếng nhật kiêm hành chính – nhân sự (hr & admin),"phiên dịch tiếng nhật trong các cuộc họp, làm việc tại cửa hàng và các tình huống giao tiếp hàng ngày với cấp trên người nhật. - biên dịch tài liệu nội bộ và tài liệu từ meeting - hỗ trợ công tác hành chính – nhân sự: quản lý hồ sơ nhân viên, tuyển dụng, chấm công, bảo hiểm, làm việc với cơ quan chức năng khi cần. - hỗ trợ các công việc hành chính văn phòng như kiểm tra, đặt văn phòng phẩm, hỗ trợ các hoạt động nội bộ. - thực hiện các công việc phát sinh khác theo yêu cầu của quản lý.","trình độ tiếng nhật tương đương n2 trở lên (không bắt buộc phải có bằng). - có khả năng phiên dịch nói – viết tiếng nhật tốt. - ưu tiên ứng viên có kinh nghiệm hành chính – nhân sự , phiên dịch - kỹ năng giao tiếp tốt, chủ động, trách nhiệm và cẩn thận. - sẵn sàng di chuyển giữa các cửa hàng để dịch các buổi họp với nhân viên khi có yêu cầu. ưu tiên ứng viên linh hoạt, chịu khó đi lại giữa các cửa hàng và có khả năng giao tiếp tốt.","mức lương: thỏa thuận theo năng lực và kinh nghiệm. - tham gia bhxh, bhyt đầy đủ theo quy định. - thưởng lễ tết, lương tháng 13, giảm giá nhân viên - môi trường làm việc năng động, thân thiện, có cơ hội phát triển. thời gian làm việc: - thứ 2 đến thứ 6: 08:00 – 17:00 (nghỉ trưa 1 tiếng) - thứ 7: làm việc buổi sáng từ 08:00 – 12:00"
nhân viên kinh doanh,"tìm kiếm thông tin khách hàng qua nhiều kênh khác nhau để xây dựng hệ thống khách hàng tiềm năng. - phối hợp với bộ phận marketing lên kế hoạch và triển khai các chương trình bán hàng, giới thiệu sản phẩm dịch vụ mới để tiếp cận, thu hút các đối tượng khách hàng - chủ động liên hệ với kh tiềm năng trong danh sách tự tìm kiếm hoặc từ hệ thống dữ liệu của công ty để giới thiệu các sản phẩm dịch vụ, chương trình ưu đãi. - theo dõi và chăm sóc khách hàng, gửi các thông tin ưu đãi, khuyến mãi cho kh để thuyết phục họ mua mới sản phẩm dịch vụ của công ty. - gửi thông tin dịch vụ qua mail để kh tham khảo, giải đáp các thắc mắc của kh khi có mail phản hồi từ khách. - sử dụng các kỹ năng bán hàng để đàm phán, thuyết phục kh sử dụng các sản phẩm dịch vụ của công ty. - theo dõi và quản lý công nợ bán hàng. - tiến hành thủ tục ký kết hợp đồng với những khách hàng đồng ý mua sản phẩm dịch vụ. - làm các báo cáo công việc theo định kỳ, phát sinh. - tham gia các khóa đào tạo, bồi dưỡng nâng cao trình độ khi được công ty tạo điều kiện. - tham gia đầy đủ các cuộc họp của bộ phận, báo cáo các thông tin phản hồi từ khách để có giải pháp xử lý, khắc phục hiệu quả. - địa điểm làm việc: 96 nguyễn thanh tuyền, phường 2, quận tân bình, tp.hcm","kỹ năng tư vấn, kỹ năng giao tiếp - kỹ năng đàm phán và ra quyết định - kỹ năng chăm sóc khách hàng - có khả năng làm việc độc lập và làm việc nhóm, chịu được áp lực công việc. - ưu tiên tiếng anh giao tiếp tốt. - am hiểu về kinh doanh, có hiểu biết về hợp đồng kinh tế. - có ít nhất 1 năm kinh nghiệm kinh doanh,bán hàng điện tử,barcode - chăm chỉ, cẩn thận, nhiệt tình, có trách nhiệm trong công việc. - khả năng tổ chức, sắp xếp công việc, quản lý thời gian. - thành thạo vi tính văn phòng, lưu trữ hồ sơ, hợp đồng.","quyền lợi được hưởng - lương: 7 - 10 triệu (thỏa thuận theo kinh nghiệm thực tế) + hoa hồng doanh số bán hàng - thưởng lễ tết theo quy định - lương tháng 13 theo quy định và thưởng vào cuối năm phụ thuộc vào kết quả hoạt động kinh doanh hàng năm của công ty; - xét tăng lương hằng năm phúc lợi - phụ cấp cơm trưa - phúc lợi cơ bản: liên hoan sinh nhật nhân viên ,du lịch hàng năm - tham gia bhxh; bhyt, bhtn theo quy định; hưởng chế độ bhxh và các chế độ khác theo quy định của nhà nước. đào tạo và phát triển - có cơ hội thăng tiến với các chức vụ phù hợp với năng lực; - được làm việc trong một môi trường năng động, chuyên nghiệp, sáng tạo, phát huy hết khả năng của mình trong công việc. nghỉ lễ, phép: - phép năm: 12 ngày/năm - nghỉ lễ, tết nghỉ phép năm theo quy định nhà nước."
nhân viên kinh doanh dịch vụ viễn thông (bình phước),"tìm kiếm thông tin, tiếp cận các khách hàng tiềm năng. tư vấn, giải thích cho khách hàng về dịch vụ internet, truyền hình, camera do fpt telecom đang cung cấp. tạo ra những tương tác, trải nghiệm cá nhân hóa tới khách hàng trên các điểm tiếp xúc, các kênh tiếp xúc online/ offline. đàm phán thương lượng, thực hiện các thủ tục ký kết hợp đồng với khách hàng.","tốt nghiệp trung cấp trở lên. đam mê kinh doanh, có kiến thức cơ bản về công nghệ thông tin, mạng internet. có kỹ năng giao tiếp, đàm phán và thuyết phục, có tư duy luôn lấy khách hàng làm trọng tâm. nhanh nhẹn, linh hoạt, giải quyết tình huống tốt. ngoại hình dễ nhìn, không nói ngọng, nói lắp. các ứng viên đã có kinh nghiệm bán hàng hoặc từng làm qua các công việc như: tiếp thị, nghiên cứu thị trường, phỏng vấn viên… là một lợi thế.","thu nhập: 8-20m/ tháng. thu nhập năm từ 14-18 tháng lương (13 tháng lương, thưởng nghỉ mát, thưởng hiệu quả kinh doanh…) . được hưởng đầy đủ các chế độ theo luật lao động hiện hành: bhyt, bhxh… phúc lợi: khám sức khỏe định kỳ hàng năm, gói bảo hiểm sức khỏe chuyên biệt fpt care dành cho việc khám và chữa bệnh nội, ngoại trú. môi trường làm việc thân thiện, chuyên nghiệp, năng động và trẻ trung. văn hóa doanh nghiệp đặc sắc, sinh động bậc nhất với nhiều hoạt động hấp dẫn: tân binh hội nhập, nghỉ mát, t eam building , thi trạng, hội làng, clb thể thao/ văn nghệ/ thiện nguyện… được tham gia các chương trình đào tạo nghiệp vụ, phát triển kỹ năng của công ty. cơ hội thăng tiến lên các vị trí cán bộ quản lý của công ty. ghi chú: fpt telecom không thu bất kỳ chi phí nào của ứng viên, sinh viên trong quá trình tuyển dụng, thực tập."
giáo viên tiếng anh,"are you interested in gaining experience and income at a premium english language school during the summer holidays? poly english is actively recruiting vietnamese teachers to help deliver magical summer content in june and july. part time positions available in hcmc and hn with day-time mon-fri schedules for 6 weeks. responsibilities: teaching english club classes on a variety of magical based themes to children aged 4-10 at poly step up centers familiarizing with lesson plans and materials for club lessons to deliver them effectively and writing reports at the end of summer supporting centers deliver other activities during summer such as supporting homework, practicing performances and reading books",ba in english or education related major from university/ college tesol/tefl or equivalent certificate ielts 6.5 and above or equivalent certificate have a pedagogical certificate is preferred fluent in vietnamese and english with a clear accent. at least 1 year experience teaching children english have personal transportation.,"working in a dynamic english environment with a mixture of foreign teachers and local staff potential for long-term employment for high-performing teachers full training and support provided working location: district 7, district 9, thủ đức, bình tân, tân phú"
quản lý kho - củ chi,"lập kế hoạch và tổ chức bố trí kho hàng hợp lý, tối ưu không gian và thuận tiện cho việc xuất - nhập hàng theo nguyên tắc fifo. - quản lý quy trình nhập - xuất kho, kiểm kê hàng hóa. kiểm soát chặt chẽ số lượng, chất lượng hàng hóa, đảm bảo khớp đúng với hóa đơn, chứng từ. - tổ chức bảo quản hàng hóa trong kho đảm bảo tình trạng chất lượng, tránh hư hỏng và mất mát. - xây dựng và cập nhật quy trình bảo quản phù hợp với từng loại hàng. thực hiện công tác kiểm kê định kỳ hoặc đột xuất để đối chiếu số liệu, nhằm phát hiện những sai lệch, thất thoát. - xây dựng và giám sát thực hiện các quy định, quy trình nghiệp vụ để đảm bảo mọi hoạt động diễn ra đúng trình tự, quy chuẩn. - quản lý và phân công nhiệm vụ một cách hợp lý cho nhân viên dưới quyền. đào tạo, hướng dẫn nhân viên thực hiện đúng quy trình, nâng cao hiệu suất làm việc - phối hợp với các phòng ban liên quan. - báo cáo định kỳ về tình trạng hàng tồn kho, tình hình hoạt động kho và các vấn đề phát sinh.","từ 26 tuổi trở lên - cao đẳng trở lên ngành kế toán - hiểu biết về các nghiệp vụ kế toán - kho - tối thiểu 5 năm kinh nghiệm quản lý kho, trưởng phòng kho trong công ty sản xuất có 5000 mã hàng trở lên","lương: 10-15 - thỏa thuận theo năng lực của ứng viên - tham quan, du lịch 01 lần/năm - khám sức khỏe tổng quát - các phúc lợi khác theo luật lđ hiện hành: bhxh, bhyt, bhtn.. - được mua bảo hiểm sức khỏe toàn diện và bảo hiểm tai nạn 24/24. - thăm hỏi, san sẽ khi nhân viên/ người thân ốm đau, quà tặng đám cưới, trung thu, tết thiếu nhi, tiệc chúc mừng 8/3 & 20/10, thưởng các ngày lễ tết.... - đào tạo kỹ năng làm việc, huấn luyện thái độ và nhận thức phát triển bản thân. - chia sẽ tư duy và năng lượng sống tích cực mỗi ngày, chia sẽ trách nhiệm xã hội"
trưởng phòng kinh doanh thu nhập lên đến 50tr,"· tìm kiếm và phát triển hệ thống khách hàng tiềm năng cho doanh nghiệp; · quản lý đội ngũ nhân sự team sale. chịu trách nhiệm về hiệu quả hoạt động của team; · phối hợp với các bộ phận khác và đối tác để lên kế hoạch phát triển thị trường; · nắm bắt xu thế thị trường, theo dõi trên các mạng xã hội, website, forum để hiểu rõ về khách; hàng. qua đó thu thập phản hồi của khách hàng; · đảm bảo công việc được diễn ra theo đúng kế hoạch; · hoàn thiện và phát triển những chiến lược bán hàng cho doanh nghiệp; · phát triển mối quan hệ với khách hàng; · giải quyết các vấn đề, thắc mắc, khiếu nại từ phía khách hàng liên quan tới sản phẩm hoặc dịch vụ bán hàng; · tổ chức các hoạt động quảng bá, hội thảo, sự kiện để đưa sản phẩm tới gần hơn với khách hàng; · kiểm tra và báo cáo chi tiết về tình hình hoạt động kinh doanh hàng ngày cho cấp trên; · phân tích kết quả kinh doanh từ đó xây dựng kế hoạch để nâng cao hiệu suất; · tạo động lực và tinh thần làm việc cho toàn team","nam/ nữ độ tuổi từ 28 – 40; ngoại hình khá - có đam mê kinh doanh; - ham học hỏi,trung thực, nhiệt tình, năng động, sáng tạo, chủ động; - có kinh nghiệm về leadersale bđs, bảo hiểm, nội thất …. là một lợi thế.","thu nhập: lương cơ bản (>15tr ) + hoa hồng + thưởng (tùy theo năng lực và trao đổi cụ thể trong quá trình phỏng vấn ) - chính sách quyền lợi theo quy định. - làm việc trong môi trường trẻ trung, năng động - cơ hội được đào tạo, thăng tiến trong công việc -thưởng tháng, thưởng năm theo hiệu quả công việc và kết quả kinh doanh của công ty -được tham gia các hoạt động teambuilding, nghỉ mát, sinh nhật,...của công ty giờ làm việc hành chính 8:30 - 17:30 từ thứ 2 đến thứ 7."
kỹ sư qa/qc cơ điện,"lập kế hoạch kiểm soát chất lượng, kiểm tra ghi nhận chất lượng thực tế và tổng hợp báo cáo xử lý các ncr theo quy định phần cơ điện.- tham gia soạn thảo ban hành các quy trình qa, thủ tục, quy trình giám sát chất lượng các dự án liên quan phần cơ điện.- thực hiện kiểm tra công tác chất lượng thi công, bản vẽ làm cơ sở nghiệm thu.- kiểm tra, đánh giá định kỳ công tác quản lý chất lượng về sự tuân thủ hồ sơ thiết kế, bản vẽ thi công, biện pháp thi công, hồ sơ nghiệm thu tại các dự án.- kiểm tra định kỳ sự tuân thủ công tác quản lý chất lượng đối với đơn vị tư vấn giám sát thuê ngoài.- chủ động phối hợp với các phòng ban/đơn vị liên quan nhằm tìm ra các giải pháp, phương án khắc phục những sai sót, chưa phù hợp trong quá trình thiết kế và thi công.- phối hợp các bộ phận/phòng ban liên quan trong công tác nghiệm thu với cơ quan nhà nước và nghiệm thu bàn giao nhà/bàn giao đưa vào sử dụng phần hệ thống cơ điện.","tốt nghiệp đại học chuyên ngành điện/ điện tử/ nhiệt- lạnh.- - có ít nhất 02 năm kinh nghiệm ở các vị trí tương đương- am hiểu quy định pháp luật về tiêu chuẩn, quy chuẩn trong xây dựng …- kiến thức về quản lý dự án, quản lý thi công, quản lý chất lượng và tvgs phần cơ điện.- thông thạo và am hiểu các hệ thống quản lý chất lượng, thủ tục và quy trình chất lượng.","khám sức khoẻ định kỳ lương thoả thuận + phụ cấp + tăng ca chế độ phúc lợi khác theo chế độ nhà nước và theo phúc lợi công ty, cụ thể sẽ trao đổi khi phỏng vấn. được tham gia đào tạo năng lực trong nước nâng cao kiến thức và kỹ năng làm việc thưởng tháng lương thứ 13 tham gia bảo hiểm xã hội, bảo hiểm thất nghiệp theo quy định của luật lao động du lịch cùng công ty ít nhất 1 lần/năm nghỉ phép 12 ngày/năm và các ngày nghỉ lễ khác theo quy định của nhà nước bao ăn bao ở tại dự án"
sale admin,"theo dõi và cập nhật thông tin về sản phẩm, giỏ hàng, chính sách bán hàng của chủ đầu tư đến nvkd và các bộ phận liên quan. theo dõi và cập nhật tình hình bán hàng cho bộ phận kinh doanh. phối hợp cùng các phòng ban khác trong công tác chuẩn bị bán hàng, công tác bán hàng và công tác sau bán hàng. quản lý hồ sơ khách hàng. hỗ trợ nvkd trong việc xử lý các vấn đề phát sinh từ khách hàng. chăm sóc khách hàng, giải đáp thắc mắc của khách hàng. tiếp nhận các thông tin, cập nhật dữ liệu, tình hình hoạt động của bộ phận một cách chính xác và đầy đủ. báo cáo doanh số hàng tuần / hàng tháng / hàng quý / hàng năm cho người quản lý, người quản lý bán hàng, cập nhật dữ liệu bán hàng, lập báo cáo bán hàng chi tiết, doanh thu, nợ nhân viên bán hàng. tham gia vào việc hỗ trợ và soạn thảo các văn bản, giấy tờ nội bộ liên quan đến công việc, cuộc họp, hoạt động của phòng kinh doanh. phụ trách liên hệ với các nhà cung ứng, đối tác, khách hàng; trực tiếp hỗ trợ khách hàng trong các hoạt động kinh doanh. hỗ trợ xử lý các công việc khác theo sự chỉ đạo của cấp trên trực tiếp.","tốt nghiệp cao đẳng trở lên. ưu tiên các chuyên nghành kế toán, quản trị kinh doanh,.... sử dụng thành thạo tin học văn phòng kỹ năng giao tiếp tốt xử lý linh hoạt trong mọi tình huống. khả năng làm việc độc lập, làm việc nhóm,…khả năng thích ứng cao trong môi trường làm việc áp lực. có khả năng đàm phán, giao tiếp và xây dựng tốt với đối tác, đồng nghiệp. tỉ mỉ và tính chủ động trong mọi tình huống để thực hiện công việc được hiệu quả. có kinh nghiệm ở vị trí sale admin ít nhất 6 tháng. ưu tiên ứng viên đã làm việc tại các công ty bất động sản.","lương thỏa thuận theo năng lực từ 7 triệu – 10 triệu/ tháng + thưởng theo doanh số và kpi + thưởng khác (cạnh tranh theo năng lực). thưởng các ngày lễ tết trong năm, sinh nhật, kết hôn,….. thưởng theo hiệu quả làm việc. được trang bị công cụ làm việc theo chính sách của công ty. tham gia đầy đủ các chế độ bảo hiểm như bhxh, bhyt, bhtn cơ hội làm việc gắn bó lâu dài, phát triển bản thân và thăng tiến cao. tham gia các chương trình du lịch do công ty tổ chức, các hoạt động ngoại khóa… thời gian làm việc trong tuần: 06 ngày, từ thứ 2 đến thứ 7 hàng tuần. sáng từ 08 giờ 00 đến 12 giờ. chiều từ 13 giờ 30 đến 17 giờ 30."
chỉ huy trưởng,"1. liên quan đến việc tổ chức và vận hành công tác chỉ huy trưởng công trường - lên kế hoạch thực hiện dự án. - tổ chức sắp xếp thi công tại công trường - họp với chủ đầu tư, tư vấn giám sát và các bên liên quan công trình. - kiểm soát các nhà thầu phụ, đội khoán theo tiến độ - chịu trách nhiệm về tiến độ và chất lượng. - kiểm tra và xác nhận khối lượng, chất lượng công việc làm cơ sở thanh toán cho các đội thi công, tổ chức nghiệm thu từng công việc, giai đoạn, nghiệm thu các hạng mục và nghiệm thu hoàn thành công trình bàn giao. - lưu giữ tài liệu hồ sơ của công trình thi công. 2. liên quan đến công việc sự vụ: - thực hiện các công việc chuẩn bị thi công và thi công công trình: lập hồ sơ thi công, hồ sơ hoàn công, hồ sơ nghiệm thu. - kiểm tra hồ sơ thiết kế, dự toán công trình. - phối hợp với đơn vị giám sát để lên kế hoạch các bước nghiệm thu, tham gia nghiệm thu công trình. - phối hợp với bộ phận kế toán thực hiện thanh quyết toán với các đơn vị nhà thầu phụ thi công xây dựng theo tiến độ của hợp đồng hoặc biên bản nghiệm thu. - các công việc khác theo sự phân công của ban giám đốc.","ưu tiên: nam - tuổi: dưới 50 tuổi - kinh nghiệm: trên 2 năm làm công tác quản lí thi công. - tốt nghiệp đại học hoặc cao đẳng các ngành kỹ sư xây dựng, kiến trúc sư. - sử dụng các phần mềm chuyên dụng cho chuyên ngành (như microsoft office: word, excell, project/ autocad/ photoshop). - có chứng chỉ hành nghề tư vấn giám sát thi công xây dựng hạng 2 trở lên. - có nghiệp vụ giám sát, nghiệp vụ chỉ huy trưởng. - có khả năng làm việc nhóm, và tổ chức tốt. - giao tiếp tốt là một lợi thế. - kỹ năng lãnh đạo, tổ chức, tư duy logic, chính trực. **sẵn sàng đi công tác tỉnh theo công trình","lương thỏa thuận từ: 18.000.000đ - tham gia bhxh, bhyt, bhtn và các chế độ theo luật lao động sau thử việc - thưởng lễ, tết, sinh nhật… * trao đổi cụ thể hơn khi phỏng vấn."
trợ lý kỹ sư điện tử,"dưới sự hướng dẫn của kỹ sư điện tử - chịu trách nhiệm làm các tài liệu liên quan đến mạch điện như lưu đồ, quy trình test máy, mô tả thiết kế - chịu trách nhiệm lắp ráp bo và test bo - chịu trách nhiệm lắp ráp máy mẫu và test chức năng máy mẫu. - chịu trách nhiệm viết thông số kĩ thuât cho máy hàn, theo dõi những phát triển công nghệ mới nhất cho 1 ít nhất là 1 loại máy hàn. - thời gian thử việc: từ thứ 2 - thứ 7 (7h30-16h30)","nam tuổi từ 25-40 tuổi - tốt nghiệp ngành điện tử, điện - có kinh nghiệm về chuyển đổi chế độ nguồn điện, thiết kế điện từ, và lý thuyết vòng lặp điều khiển. - có khả năng thiết lập thông số kỹ thuật từ khách hàng, kế hoạch dự án, thiết kế, đo đạc máy và chuyển giao từ thiết kế sang sản xuất.","lương từ 8.000.000-10.000.000 triệu thỏa thuận theo năng lực - lương tháng lương 13, thưởng kpi, thưởng nhân viên xuất sắc cuối năm, hàng tháng đánh giá kpi lương tăng từ 5%-20%. - tham gia đầy đủ bhxh, bhyt, bhtn. - một năm có 12 ngày phép, nếu nghỉ không hết sẽ được công ty chi trả vào đầu năm sau. - quà cuối năm, quà 1/6 cho con cbnv. - khám sức khỏe đình kỳ hàng năm. - chính sách hỗ trợ tài chính (vay không lãi suất) cho cbnv khó khăn. - được tham gia du lịch hàng năm theo kế hoạch của công ty."
nhân viên kinh doanh,"tuyển dụng nhân viên văn phòng ( khu vực quận 10 ) (làm việc giờ hành chính) tìm kiếm nguồn khách hàng tiềm năng. lên kế hoặc kinh doanh sản phẩm. tư vấn và thuyết phục khách hàng mua sản phẩm . chịu trách nhiệm hoàn thiện hợp đồng. chăm sóc khách hàng trước và sau sale nắm rõ quy trình kinh doanh các công việc khác. yêu cầu năng lực trong công việc: .mức độ chuyên cần trong công việc.mức độ hoàn thành công việc. .mức độ phát triển công việc. yêu cầu cần có: -kỹ năng giao tiếp tốt. -kỹ năng nhận diện khách hàng tiềm năng. -kỹ năng đàm phán và thuyết phục tốt. -kỹ năng giải quyết vấn đề tốt. -kỹ năng quản trị mối quan hệ tốt. tiêu chí : . luôn có thái độ làm việc tốt, có năng lực trong công việc, tính trung thực cao, nhiệt tình trong việc, kỹ luật trong công việc, tôn trọng cấp trên,đồng nghiệp và khách hàng, có chí cầu tiến. thời gian làm việc: .làm giờ hành chính theo quy định của nhà nước: 8h-12h và 13h đến 17h30. mức lương cơ bản: .thu nhập từ: 6-9 triệu đồng/tháng . .thu nhập 9 đến hơn 10 triệu tuỳ vào năng lực và kinh nghiệm). hoa hồng và phụ cấp khác: .theo chính sách cố định trên doanh thu đạt được. .theo năng lực của bản thân. môi trường làm việc: .vui vẻ, hoà đồng, thoải mái . .có nhiều đãi ngộ, hoa hồng, và các hoạt động team buiding hấp dẫn. liên hệ: qua hotline: 0368660779( bạn lưu ý không gọi trực tiếp, nhắn tin qua tin nhắn, hoặc kết bạn zalo và messeger trên face) địa chỉ : khu vực trung tâm quận 10","nam/nữ từ 22 – 35 tuổi, có đam mê và nhiệt huyết kinh doanh - có tinh thần cầu tiến, năng động, nhiệt huyết với công việc - ứng viên có 2-3 năm kinh nghiệm là ưu thế - siêng năng, kiên trì, trung thực","lương cơ bản + hoa hồng + thưởng kpi - được hưởng đầy đủ chế độ bảo hiểm theo quy định - du lịch, nghỉ mát, teambuilding - chế độ tăng lương hàng năm - môi trường làm việc năng động, trẻ trung, nhiệt huyết"
"nhân viên phục vụ - texas chicken (khu vực hà nội, bình dương, đồng nai, đà nẵng)","giới thiệu thực đơn, tư vấn bán hàng, giới thiệu các chương trình khuyến mãi. đảm bảo khay sạch sẽ, lót giấy (đầy đủ dụng cụ ăn uống theo quy định) kiểm tra đảm bảo giao đủ món ăn cho khách theo đơn đã đặt thực hiện đầy đủ theo quy trình nhà hàng và nội quy công ty",tốt nghiệp trung cấp trở lên. kỹ năng giao tiếp tốt trung thực và đạo đức ý thức trách nhiệm cao biết tiếng anh là một lợi thế,"thử việc hưởng lương 100% lương chính thức cơ hội trải nghiệm làm việc trong môi trường dịch vụ - ẩm thực - nhà hàng môi trường thân thiện, chuyên nghiệp và cơ hội phát triển lâu dài thu nhập hấp dẫn, ổn định và đầy đủ theo luật lao động phụ cấp cơm & phí gửi xe lễ tết x 4, thưởng tết tháng 13, chế độ thâm niên lộ trình đào tạo & thăng tiến rõ ràng, công bằng"
nhân viên marketing,"quản lý và phát triển nội dung cho trang web của công ty - tiếp nhận và chăm sóc khách hàng mới và đang có (thông qua điện thoại, zalo, etc..) - tìm hiểu nhu cầu khách hàng, báo giá, soạn thảo và quản lý hợp đồng - lập báo cáo công việc, hỗ trợ bộ phận điều phối trong việc tiếp nhận đơn hàng của khách hàng - nghiên cứu, tìm kiếm insight của khách hàng và báo cáo các xu hướng hiện tại của thị trường - làm việc trực tiếp cùng với ban giám đốc trong việc: o phát triển chiến lược marketing qua các kênh online và offline o xây dựng chiến lược bán hàng và phát triển thị trường","có kỹ năng trình bày, viết lách ngắn gọn và truyền tải thông điệp dễ hiểu cho người đọc - có khả năng lắng nghe tốt để nắm được nhu cầu, vấn đề (pain points) mà khách hàng đang muốn được phục vụ - có tiếng anh đọc hiểu tốt là lợi thế (hoặc thêm tiếng hoa) - tốt nghiệp cao đẳng hoặc đại học (kinh doanh, marketing, truyền thông, cơ khí, hóa sinh, etc..) là lợi thế - có kinh nghiệm về cskh, digital marketing và các công cụ liên quan (seo, google ad, ..) là lợi thế - có mắt thẩm mỹ tốt, có kĩ năng photoshop/ corel/ autocad cơ bản là lợi thế","về cơ hội phát triển và môi trường làm việc, bạn được: - đồng hành cùng chúng tôi trên hành trình chuyển hóa để dẫn đầu của doanh nghiệp - làm việc trong một đội nhóm nhỏ cùng với ban giám đốc, nơi đóng góp của bạn được tôn trọng và ghi nhận - được training về các sản phẩm của công ty và nghiệp vụ kinh doanh - được tham gia các khóa học nâng cao kĩ năng theo chính sách công ty - được sử dụng thư viện sách của công ty về chế độ đãi ngộ, bạn được: - lương từ 8-12 triệu tùy theo kinh nghiệm + thưởng kết quả - được phụ cấp điện thoại, tiền ăn trưa - thử việc tối đa 2 tháng - được tham gia bhxh, bhyt, bhtn đầy đủ sau khi ký hđlđ chính thức - chế độ phúc lợi thưởng lễ, tết theo chế độ công ty"
vận hành khoá học & hỗ trợ khách hàng,"chuẩn bị và tổ chức các khóa đào tạo dành cho doanh nghiệp và cá nhân (online + offline) thực hiện các công việc sau đào tạo như báo cáo khóa học, tổng kết &amp; hỗ trợ khách hàng sau khóa học... đóng góp các ý kiến để cải tiến trải nghiệm khóa học hỗ trợ các team khác theo yêu cầu và hướng dẫn từ team lead có cơ hội được đào tạo trở thành nhân viên tư vấn khách hàng hoặc hỗ trợ dự án nếu đủ năng lực và có mong muốn thiết kế các khoá đào tạo e-learning yêu cầu công việc: không bắt buộc có kinh nghiệm, ưu tiên những ứng viên đã từng làm các vị trí liên quan đến vận hành, thiết kế e-learning. sẵn sàng học hỏi và có khả năng bao quát công việc, chịu được áp lực. chủ động, cầu thị, ham học hỏi, chịu được áp lực, tiêu chuẩn chất lượng cao trong mọi việc. có tư duy hướng đến con người tinh thần ""phải làm được"" (“can do”) với tư duy luôn tìm giải pháp để giải quyết vấn đề có tinh thần trách nhiệm cao, chịu trách nhiệm tới cùng đối với công việc ứng viên có tiếng anh là 1 lợi thế có khả năng thích ứng nhanh với công nghệ","không bắt buộc có kinh nghiệm, ưu tiên những ứng viên đã từng làm các vị trí liên quan đến vận hành, thiết kế e-learning.","mức lương thỏa thuận và cạnh tranh dựa trên năng lực được tham gia các hoạt động teambuilding hàng quý, nghỉ mát hàng năm, sinh nhật, tiệc cuối năm… được review lương hàng năm dựa trên performence và năng lực lương tháng 13, nghỉ phép 12ngay/năm và tăng theo thâm niên. được đóng bhxh, bhyt theo quy định của nhà nước. được làm việc thường xuyên với các đối tác, khách hàng và chuyên gia thuộc cấp c-level và manager của các doanh nghiệp được tham gia các chương trình đào tạo miễn phí của công ty có nhiều cơ hội phát triển bản thân, thỏa sức sáng tạo và thể hiện năng lực, được làm việc với các chuyên gia đầu ngành trong môi trường làm việc thân thiện, trẻ, năng động, nhiệt huyết. được đào tạo nội bộ, kết nối, học hỏi và làm việc về trải nghiệm khách hàng tại công ty dẫn đầu trong lĩnh vực tư vấn - đào tạo quản trị trải nghiệm"
nhân viên thiết kế,"triển khai thiết kế theo sự phân công của trưởng bộ phận quản lý; - hỗ trợ lãnh đạo cấp trên trong việc điều hành, quản lý công việc triển khai thiết kế theo từng dự án. - triển khai bản vẽ kỹ thuật thi công. - vẽ phối cảnh – thiết kế ý tưởng. - các công việc của kiến trúc sư về thiết kế nội, ngoại thất, phối cảnh 3d. - tiếp nhận hồ sơ từ các bộ phận kinh doanh, thi công để khai triển bản vẽ kiến trúc, bản vẽ kỹ thuật thi công - tư vấn thiết kế cho khách hàng; chăm sóc khách hàng - công việc khác trao đổi trực tiếp khi đến phỏng vấn.","tốt nghiệp đại học chuyên ngành kiến trúc - sử dụng thành thạo phần mềm cơ bản ( autocad, 3dsmax, photoshop, sketchup, … ) - có trách nhiệm đam mê với công việc - biết sử dụng phần mềm revit, sketchup, autocad, thành thạo photoshop,... - có trách nhiệm trong công việc, năng động, nhiệt tình","mức lương lên đến 30.000.000vnđ (thỏa thuận, không giới hạn theo năng lực/ kinh nghiệm) - thu nhập (gồm lương cơ bản + các khoản phụ cấp + % hoa hồng hợp đồng) - mức hoa hồng hấp dẫn tùy theo hợp đồng ký kết. - được hưởng các chế độ bhxh, bhyt và ngày nghỉ theo luật lao động. - lương tháng 13, các chế phúc lợi theo chế độ công ty - chế độ phúc lợi khác (tham gia du lịch cùng công ty, hiếu hỉ đối với người lao động..) - đồng nghiệp: được làm việc trong môi trường chuyên nghiệp, đồng nghiệp thân thiện, - cơ hội thăng tiến cao trong công việc"
kế toán tổng hợp,"1. báo cáo lãi lỗ hàng tháng tổng hợp hóa đơn mua vào – bán ra; theo dõi chi phí lương (chấm công, lập bảng lương, quản lý hồ sơ bhxh); theo dõi và lập hồ sơ thanh toán cho các chi phí của công ty; lập các báo cáo (lãi lỗ hàng tháng; báo cáo vat theo tháng; lập bctc, các tờ khai quyết toán hàng năm). 2. hoàn thiện hồ sơ thanh toán - quyết toán căn cứ yêu cầu hợp đồng, lập các hồ sơ thanh toán – quyết toán theo quy định công ty 3. thu hồi công nợ - thanh toán công nợ thu hồi các khoản phải thu; thanh toán công nợ cho các ncc. 4. các công việc liên quan đến ngân hàng quản lý các hồ sơ vay; phát hành các loại bảo lãnh; quản lý sao kê tài khoản, sổ phụ","có kinh nghiệm từ 2 năm là lợi thế; tốt nghiệp cao đẳng trở lên chuyên ngành kế toán hoặc tương đương; hiểu biết các quy định pháp luật về kế toán, thuế; nắm vững nghiệp vụ kế toán thương mại, thuế; sử dụng thành thạo vi tính văn phòng, misa và phần mềm kế toán; tinh thần trách nhiệm cao, cẩn trọng và chính xác trong các công việc kế toán.","thử việc 2 tháng, được hưởng 85% lương chính thức, được đào tạo qua công việc; cơ hội phát triển kỹ năng và nâng cao kiến thức chuyên môn; team building hàng năm và các chương trình nội bộ; tham gia bhxh theo quy định của pháp luật và công ty; các ngày nghỉ: nghỉ chủ nhật, các ngày lễ, tết theo quy định; chế độ tăng lương theo năng lực làm việc của nhân sự."
nhân viên khu vui chơi (làm việc tại aeon tân phú),"đón khách, phục vụ khách hàng tại khu vui chơi - bán xu, bán vé cho khách - hướng dẫn cách chơi cho bé. - trưng bày hàng hóa vào máy game và đồ chơi vào khu vui chơi - chơi với bé, giao tiếp với phụ huynh - dọn dẹp vệ sinh khu vui chơi - hỗ trợ cửa hàng trưởng; hướng dẫn công việc cho nhân viên - quản lý kiểm kê hàng hóa, thiết bị trong khu vui chơi *************** - làm việc theo ca luân chuyển: từ 8h sáng đến 5h30 chiều; hoặc từ 12h30 trưa đến 10h tối (có bao gồm 1 tiếng nghỉ giữa ca) - tuần làm 5 ngày, nghỉ 2 ngày (+ mỗi tháng được nghỉ 1 ngày phép)","nam/ nữ từ 18 tuổi trở lên - ưu tiên sinh viên mới ra trường - yêu trẻ con, có kinh nghiệm chăm sóc trẻ là lợi thế - có thái độ phục vụ tốt đối với khách hàng, luôn niềm nở và thân thiện với mọi người - trung thực, chăm chỉ. chịu khó. - nam/ nữ (ưu tiên nữ) từ 18 tuổi trở lên; sức khỏe tốt - yêu trẻ con, có kinh nghiệm chăm sóc trẻ là lợi thế - có thái độ phục vụ tốt đối với khách hàng, luôn niềm nở và thân thiện với mọi người - trung thực, chăm chỉ. chịu khó.","lương full time: 6.900.000 vnđ/tháng, bao gồm: + lương cơ bản; + trợ cấp đi lại (160 – 266); ăn giữa ca (700) ; chuyên cần (250) - hoặc làm part time: 38.000 ~vnd/giờ (tùy theo giờ làm thực tế) - lương thử việc: · fulltime: 85% lương (thử việc 1 tháng) · parttime: 100% lương (thử việc 1 tuần) - được tham gia bảo hiểm xã hội đầy đủ khi ký hđlđ chính thức - nghỉ ngơi 02 ngày/tuần, và 1 ngày nghỉ phép mỗi tháng. - môi trường làm việc thân thiện và có cơ hội thăng tiến - tham gia khám sức khỏe; du lịch hằng năm; tiệc công ty… - được tính lương của chế độ đi làm ngày lễ tết theo luật định"
nhân viên tư vấn tuyển sinh,"tiếp đón, tư vấn cho phụ huynh về chương trình học, cơ sở vật chất, đội ngũ giáo viên của trường mầm non. hỗ trợ phụ huynh trong việc đăng ký, nhập học cho con em. thực hiện các cuộc gọi, email, tin nhắn để giới thiệu chương trình học, các hoạt động của trường mầm non đến phụ huynh. phối hợp cùng trưởng bộ phận và marketing thực hiện các sự kiện, hội thảo, ngày hội tuyển sinh... chi tiết công việc trao đổi cụ thể khi phỏng vấn.","kỹ năng giao tiếp tốt, giọng nói dễ nghe, truyền tải thông tin rõ ràng, dễ hiểu. năng động, nhiệt tình, có khả năng thuyết phục. yêu thích trẻ em, có tâm huyết với nghề giáo dục. ưu tiên ứng viên có kinh nghiệm làm việc trong lĩnh vực giáo dục, đặc biệt là giáo dục mầm non.","có thưởng theo doanh số, thưởng kpi… xét tăng lương một lần/năm . được tham gia đầy đủ bhxh, bhyt và các chế độ phúc lợi khác theo đúng quy định của luật lao động và quy chế công ty. gửi con được miễn giảm học phí. du lịch hàng năm. phụ cấp ăn sáng và bao ăn trưa tại trường. thưởng lễ, tết, sinh nhật,... theo qui chế của công ty. thưởng cho con nhân viên có thành tích học sinh giỏi, quốc tế thiếu nhi, trung thu... các khoản khác theo quy định công ty."
nhân viên kinh doanh vật tư y tế,"• lập kế hoạch bán hàng và chăm sóc khách hàng cũ của công ty: bệnh viện, phòng khám, nhà thuốc,... • tìm kiếm, mở rộng và tăng độ phủ sản phẩm ở những địa bàn mới. • thực hiện các hoạt động bán hàng theo kế hoạch của công ty, chăm sóc khách hàng. • xây dựng, nâng cao hình ảnh của công ty và sản phẩm đến khách hàng. • kết hợp với các bộ phận khác có liên quan để thực hiện công việc. • các công việc khác theo sự phân công của quản lý trực tiếp, quản lý gián tiếp, ban giám đốc nhưng không trái với quy định của công ty và của pháp luật hiện hành. • công việc cụ thể trao đổi khi phỏng vấn.","trình độ/ bằng cấp: đại học, cao đẳng trở lên chuyên ngành: điện tử y sinh, thiết bị y tế, y, dược; kỹ sư y sinh - có kinh nghiệm tại vị trí tương đương trong ngành - ưu tiên ứng viên học chuyên ngành công nghệ sinh học, sinh học, y sinh và biết tiếng anh - có kiến thức về lĩnh vực y tế, dược, công nghệ sinh học - có đam mê với lĩnh vực kinh doanh, chịu được áp lực công việc. * kỹ năng chuyên môn: - kỹ năng giao tiếp, đàm phán ngoại giao tốt; - khả năng lập kế hoạch công việc và tư duy logic tốt; - khả năng làm việc dưới áp lực cao; - làm việc theo phân công được giao từ trưởng nhóm","được tham gia đầy đủ bhxh, bhyt,bhtn,cđ theo quy định - thường lương tháng thứ 13 - được đào tạo trong giai đoạn đầu (nếu chưa có kinh nghiệm) - được đi du lịch hàng năm do công ty tố chức - được xét duyệt nâng lương và thăng chức theo năng lực - được thưởng thêm nếu đạt doanh số đưa ra ngoài huê hồng bán hàng - được đi đào tạo sản phẩm ớ nước ngoài"
kế toán trưởng,"1. quản lý nhân sự kế toán: quản lý nhân viên kế toán khối văn phòng và các vị trí kế toán tại nhà máy 2. quản lý và điều hành toàn bộ công tác kế toán, hạch toán kế toán của công ty - tổ chức công tác tckt, quản lý điều hành phòng kế toán công ty - thu nhận, xử lý thông tin, số liệu kế toán theo đối tượng và nội dung công việc kế toán, theo chuẩn mực và chế độ kế toán. - kiểm tra, giám sát các khoản thu chi tài chính, các nghĩa vụ thu, nộp, thanh toán nợ; kiểm tra việc quản lý, sử dụng tài sản và nguồn hình thành tài sản; phát hiện và ngăn ngừa các hành vi vi phạm pháp luật nhà nước cũng như quy định khác của công ty về tckt. - phân tích thông tin, số liệu tckt; tham mưu đề xuất các giải pháp phục vụ yêu cầu quản trị và quyết định tài chính của công ty. - cung cấp thông tin số liệu kế toán theo quy định công ty. 3. tham gia lập kế hoạch kiểm kê (nhà máy) - xây dựng kế hoạch kiểm kê hàng tồn kho (hàng quý hoặc hàng tháng). - đánh giá rủi ro trong phương pháp lưu kho tại nhà máy, farm. - xử lý hàng hóa chênh lệch (thừa, thiếu). - phối hợp và tham mưu cho ban giám đốc nhà máy, ban giám đốc công ty phương án kiểm soát sản xuất hiệu quả và tối ưu chi phí. 4. rà soát chuẩn hóa hồ sơ kế toán - chuẩn hóa, đề xuất lưu trữ bộ hồ sơ thu mua hàng hóa của hộ nông dân.- chịu trách nhiệm về hồ sơ thu mua gạo, lúa khi tham gia gia quyết toán thuế, kiểm toán. 5. tham gia quyết toán thuế, hoàn thuế, kiểm toán - chịu trách nhiệm về hồ sơ quyết toán thuế, hoàn thuế, kiểm toán. - đánh giá rủi ro về thuế với các chứng từ hiện hành - tham vấn các hóa đơn liên quan tới sai phạm về gian lận thuế 6. lập báo cáo tài chính - đảm bảo báo cáo tài chính đúng hạn, chính xác về số liệu (tháng, quý, năm). - đảm bảo thời hạn nộp báo cáo với các cơ quan thuế. - đảm bảo các chỉ tiêu công nợ, hàng tồn kho, thuế, tài sản, tiền phải được xác nhận hàng tháng/quý/năm. 7. kiểm soát hồ sơ dựa trên ngân sách phòng ban - soát xét hồ sơ theo ngân sách phòng ban - đề xuất ngân sách phù hợp - các công việc khác được giao 8. quản lý hành chính - thực hiện các báo cáo định kỳ theo qui định của phòng, công ty để cung cấp thông tin chính xác kịp thời cho giám đốc tài chính và bgđ - dọn dẹp và quản lý khu vực làm việc sạch sẽ và ngăn nắp - hỗ trợ nhân viên trong phòng cập nhật các báo cáo nhằm hoàn tất mục tiêu chung của phòng ban. - chấp hành nội quy công ty, quy tắc ứng xử trong kinh doanh - làm các công việc khác theo yêu cầu của trưởng bộ phận","1. kinh nghiệm làm việc - ít nhất 5 năm kinh nghiệm ở vị trí tương đương tại các doanh nghiệp sản xuất nông sản. - đại học trở lên chuyên ngành tài chính kế toán - sẵn sàng đi công tác khi có yêu cầu - biết sử dụng hệ thống erp (sap). có tư duy tốt về quản trị hệ thống và có tư duy xây dựng phát triển hệ thống. - sử dụng thành thạo microsoft office (word, excel, powerpoint) - từng làm công ty sản xuất (nếu là nông sản, thực phẩm thì càng tốt) - từng quản lý nhân sự trên 10 người, doanh thu công ty trên 500 tỷ. 2. nghiệp vụ chuyên môn - có bằng nghiệp vụ kế toán trưởng- am hiểu về luật kế toán, thuế. - có tư duy về vận hành và am hiểu lĩnh vực tài chính - có kinh nghiệm quyết toán thuế, kiểm toán, thanh tra và hoàn thuế - có đạo đức kế toán, trách nhiệm trong công việc - tư duy hệ thống tốt - biết xây dựng kpi cho nhân viên - xây dựng các quy chế, quy trình, biểu mẫu của phòng tc-kt 3. kỹ năng tổng quát - có tư duy kế toán theo hệ thống mới - kỹ năng tổ chức công việc tốt - kỹ năng quản lý, kỹ năng lãnh đạo - phân tích dữ liệu và sử dụng tốt các phần mềm kế toán. - xử lý công việc nhanh, hiệu quả. - đọc hiểu các chứng từ, hợp đồng tiếng anh (lợi thế). 4. thái độ làm việc - tính kỷ luật tốt, chịu khó, ham học hỏi, tinh thần hỗ trợ và làm việc nhóm. trung thực và giao tiếp tốt với đồng nghiệp - cẩn thận, chi tiết trong công việc co được , giãn được, không dễ tự ái. đi nhà máy công tác liên tục ở 2 tháng thử việc. sau khi lên chính thức thì vài tháng mới đi một lần. ôn hòa giữa 2 thế hệ trong công ty ( già nhất 8x - trẻ nhất 2k)","full tất cả các quyền lợ i mà tất cả công ty đều có vì bạn xứng đáng. một số quyền lợi cơ bản chắc chắn có: - lương tháng 13, thưởng hiệu quả công việc theo tình hình kinh doanh - bảo hiểm sức khỏe sau khi hoàn thành thử việc - các phúc lợi khác: thêm 2 ngày phép/năm, tặng gạo hàng quý, clb thể thao (yoga, cầu lông), thưởng tết dương lịch, 20/10, 8/3, quốc tế thiếu nhi theo chính sách công đoàn."
nhân viên kinh doanh - thị trường,"công ty tnhh mtv phan gia thịnh tuyển dụng 2 nhân viên kinh doanh +mô tả công việc: - tìm kiếm và phát triển nguồn khách hàng tiềm năng, đi thị trường làm việc với các đại lý, npp - lên kế hoạch kinh doanh sản phẩm - tư vấn và thuyết phục khách hàng mua sản phẩm - chốt và hoàn thiện hợp đồng mua bán với khách hàng, làm việc với khách hàng các vấn đề liên quan đến hàng hoá, chính sách, đơn hàng,... - chăm sóc khách hàng trước và sau sale - theo dõi quá trình thanh lý hợp đồng. - kết hợp với bộ phận marketing lên kế hoạch, các chương trình ưu đãi nhằm thu hút các đối tượng khách hàng. - cùng các bộ phận khác nâng cao giá trị và chất lượng sản phẩm. - làm các báo cáo công việc theo định kỳ theo yêu cầu cấp trên. -tham gia họp cùng các bộ phận, báo cáo phản hồi từ khách để có giải pháp xử lý, khắc phục hiệu quả. - thực hiện các công việc khác theo yêu cầu của cấp trên","+ yêu cầu công việc: - có kỹ năng giao tiếp, đàm phán và thuyết phục khách hàng - nhanh nhẹn trong công việc -chịu khó và siêng năng, chịu được áp lực trong công việc - đã từng được đào tạo qua các khóa quản trị kinh doanh… là một lợi thế - có mong muốn gắng bó lâu dài với công ty","+ quyền lợi: - lương từ 12-15 triệu đồng - thưởng thêm % hoa hồng từ việc mở rộng được nhiều đối tác khách hàng - được nghĩ ngày chủ nhật( nếu có công việc phát sinh vẫn phải xử lý) - được đóng bhxh,bhyt,bhtn theo đầy đủ quy định"
"nhân viên kinh doanh (kênh shop mỹ phẩm , spa, thẩm mỹ viện) - toàn quốc","chăm sóc đại lý cũ, duy trì và nâng cao doanh số - tìm kiếm, khai thác và chăm sóc khách hàng mới - được hỗ trợ các nguồn thông tin khách hàng từ dữ liệu công ty. - lên kế hoạch kinh doanh tuần, tháng, quý - lên kế hoạch doanh số hàng tháng trong khu vực được giao. - quản lý phân phối dược mỹ phẩm, thực phẩm chức năng các khu vực tỉnh toàn quốc - chịu trách nhiệm doanh số giao - báo cáo cho trưởng phòng kinh doanh địa điểm làm việc : + làm việc tại hcm: 58 đường 9, khu đô thị vạn phúc, tp. thủ đức, tp.hồ chí minh + làm việc tại hn: tầng 7 – tim building, 40 tăng thiết giáp, bắc từ liêm, hà nội.","ưu tiên có kinh nghiệm bán hàng - ưu tiên cho ứng viên có kinh nghiệm bán hàng dược mỹ phẩm, thực phẩm chức năng - khả năng làm việc theo nhóm - khả năng thuyết phục, giao tiếp tốt - nhanh nhẹn, trách nhiệm, trung thực, chấp nhận đi công tác"" - nam tuổi từ 22-30 - có kinh nghiệm bán hàng mỹ phẩm, dược phẩm, tpcn, ngành hàng tiêu dùng là 1 lợi thế - có kinh nghiệm kênh phân phối cho shop, spa, tmv là 1 điểm cộng - khả năng làm việc theo nhóm - khả năng giao tiếp tốt - nhanh nhẹn, trách nhiệm, trung thực, chịu đi công tác","thu nhập từ 15.000.000đ -30.000.000vnđ (bao gồm lương cơ bản: 7.500.000vnđ + hoa hồng doanh số) - hoa hồng 4% + thưởng mở đại lý mới 2% - thưởng doanh số quý, năm - làm việc trong môi trường năng động, chuyên nghiệp có nhiều cơ hội thăng tiến - cung cấp trang thiết bị đầy đủ để phục vụ công việc - tháng lương 13 - thưởng tết - bhxh, bhyt, bhtn - được hưởng các chính sách phúc lợi theo quy định của công ty - được đào tạo, nâng cao nghiệp vụ thường xuyên"
tuyển dụng nhân viên c&b,"lương tham gia xây dựng quy chế, chính sách về tiền lương, lương sản phẩm, tiền thưởng, đãi ngộ - phúc lợi. thực hiện công tác tính tiền lương, tiền công, chi trả thưởng cho cán bộ nhân viên. tham gia thiết kế chính sách lương theo vị trí công việc và theo năng lực. tham gia xây dựng hệ thống chức danh, ngạch, bậc công việc. tổng hợp truy thu từ các bộ phận. xây dựng & đăng ký thang bảng lương phù hợp qui định nhà nước. góp ý, soạn thảo các quy trình, quy định liên quan đến nghiệp vụ c&b. soạn thông báo, qui định về chính sách lương, thưởng ra hệ thống. giải quyết qui trình nghỉ việc, đảm bảo nlđ nhận các khoản thanh toán lương, quỹ trách nhiệm đúng thời hạn. 2. chế độ bhxh, bảo hiểm sức khỏe cấp quản lý, bảo hiểm tai nạn 24/24 cập nhật thông tin nhân viên được ký hợp đồng lao động chính thực thực hiện thủ tục tham gia bảo hiểm cho nlđ. cập nhật theo dõi danh sách tham gia bảo hiểm, làm đề nghị thanh toán hàng tháng. định kỳ 03 tháng thông báo cho người lao động biết về nhu cầu thay đổi nơi khám chữa bệnh. định kỳ 06 tháng thực hiện thủ tục gia hạn thẻ bhyt, cấp phát thẻ mới cho nlđ. thực hiện các thủ tục bảo hiểm sức khỏe cho cấp quản lý",trình độ học vấn : cao đẳng/đại học trở lên . trình độ chuyên môn: nhân sự/hành chính văn phòng . trình độ vi tính: sử dụng thành thạo tin học văn phòng. trình độ ngoại ngữ: tiếng anh giao tiếp cơ bản. kinh nghiệm: ưu tiên có kinh nghiệm trên 01 năm. độ tuổi: từ 24 tuổi trở lên,"lương + bhxh đầy đủ khám sức khỏe hàng năm du lịch teambuilding hàng năm thưởng lương tháng 13, thưởng lễ, tết"
dược sĩ bán hàng khu vực miền bắc,"tư vấn, cắt liều cho khách hàng - chăm sóc và giải đáp thắc mắc của khách hàng liên quan đến dược phẩm, thực phẩm chức năng - giữ nhà thuốc sạch sẽ, ngăn nắp, sắp xếp thuốc đúng vị trí - quản lý thuốc theo lô/ date và tài sản trong nhà thuốc - tuân thủ luật quy định của công ty và ngành dược - thời gian làm việc 8h xoay ca do nhà thuốc sắp xếp: 6:00-14:00, 14:00-22:00, 15:00-23:00. 16:00-23:30 - ca làm việc 8h/ ngày (có 30 phút nghỉ giải lao)","nam nữ tốt nghiệp trung cấp dược trở lên (20 - 40 tuổi) - xoay ca linh hoạt - ngoại hình sáng, ưa nhìn - cao từ 1m50 trở lên - khả năng tư vấn, bán hàng, cắt liều theo bệnh - giao tiếp tốt, nhanh nhẹn - hiểu biết về gpp, dược lý - nếu ứng viên muốn vào vị trí thực tập thì không yêu cầu kinh nghiệm","dược sĩ bán hàng (thu nhập 8 - 13 triệu/ tháng) - có phụ cấp ca đêm sau 22h - ngày nghỉ: 2 ngày nghỉ/ tháng và có 12 ngày phép năm - lương cạnh tranh cùng nhiều chế độ thưởng - được đào tạo chuyên nghiệp trước khi làm việc - môi trường làm việc trẻ, năng động và thân thiện - tham gia đầy đủ các chế độ bhyt, bhxh, bhtn - lương thưởng tháng 13 - thưởng cuối năm và tăng lương hằng năm - cơ hội phát triển bản thân và thăng tiến lên các vị trí cửa hàng trưởng"
nhân viên telesales cfd,"gọi điện, quảng bá tư vấn các sản phẩm và dịch vụ tài chính của công ty phát triển mối quan hệ kinh doanh với các khách hàng và đối tác tiềm năng cung cấp cho khách hàng các chương trình khuyến mãi của công ty và thông tin cập nhật về thị trường tài chính cập nhật báo cáo kết quả kinh doanh hàng ngày. hoàn thành kpi cá nhân do công ty đặt ra.","ứng viên từng làm về ngành ngoại hối (forex), bo, tiền điện tử (crypto), cfd và các dịch vụ tài chính phái sinh khác. có laptop cá nhân dùng cho công việc. quen thuộc với điện thoại thông minh / thiết bị di động / ứng dụng di động kỹ năng giao tiếp, xã hội tốt. chú ý đến chi tiết và ham học hỏi tinh thần trách nhiệm cao và nhiệt tình.","thu nhập từ 500- 2,500$, chưa kể các khoản thưởng nóng khác làm giờ hành chính nghỉ t7, cn môi trường start up trẻ trung, hòa đồng cơ hội phát triển lên các vị trí cao hơn chỉ sau 1 năm review lương 6 tháng/lần có tuyển part time dành cho các bạn sinh viên sắp ra trường hoặc người đang cần tìm việc làm thêm."
kỹ thuật viên điện lạnh,"kiểm tra, bảo trì, sửa chữa và lắp đặt các thiết bị điện lạnh (máy lạnh, tủ lạnh...), điện gia dụng (nồi cơm, máy hút bụi...) - các nhiệm vụ khác: trao đổi trực tiếp khi phỏng vấn","trình độ học vấn/chuyên môn: + tốt nghiệp trung cấp trở lên chuyên ngành kỹ thuật điện lạnh... + kinh nghiệm: ưu tiên ứng viên có kinh nghiệm từ 1 năm - kỹ năng: + ngoại ngữ: không yêu cầu, nhưng biết tiếng anh chuyên ngành kỹ thuật điện là lợi thế + phẩm chất đạo đức: trung thực, nhanh nhẹn, chuyên cần + khác: biết sử dụng email, soạn thảo văn bản ( biên bản làm việc, báo cáo…), có khả năng tổng hợp","lương thưởng đầy đủ theo luật lao động,có đóng bảo hiểm khi ký hợp đồng chính thức . - môi trường làm việc năng động..."
nhân viên e-commerce tiktok (không yêu cầu kinh nghiệm),"thực hiện vận hành thương mại điện tử tiktok, không giới hạn ở việc tự quảng bá thương hiệu, book video và lên kế hoạch livestream,... - công việc chi tiết trao đổi trong quá trình phỏng vấn địa chỉ: 25 đường 3158b phạm thế hiển, phường 7, quận 8, tp. hồ chí minh.","ngoại hình ưa nhìn, giao tiếp tốt, giọng hát hay là 1 lợi thế. - có khả năng livestream, tự tin trước máy quay ( không có kinh nghiệm sẽ được hướng dẫn) - thời gian làm việc theo sự sắp xếp của quản lý - chăm chỉ, chịu khó - tốt nghiệp: cđ/đh các chuyên ngành kinh tế","lương từ 8-20 triệu ( lương cứng + kpi ) - được đào tạo tất cả về bán hàng, vận hành sàn tiktok... - phỏng vấn và đi làm ngay nếu đạt yêu cầu - công việc ổn định và lâu dài."
"nhân viên sale phát triển thị trường, lương 10 triệu trở lên - không cần kinh nghiệm","kinh doanh các mặt hàng thực phẩm đông lạnh nhập khẩu: heo, bò, gà,... - xây dựng và thực hiện kế hoạch khảo sát thị trường theo chiến lược phát triển mở rộng thi trường kinh doanh của công ty - tìm kiếm kh duy trì, chăm sóc mối quan hệ với các đối tác đã tìm kiếm, khách hàng tiềm năng - thực hiện các báo cáo công việc theo yêu cầu của quản lý - thực hiện các công việc khác khi được sự chỉ đạo của quản lý - làm việc tại: số 357 lê văn khương, phường hiệp thành, quận 12, tp.hcm","có tinh thần cầu tiến, ham học hỏi, chinh phục những khó khăn trong công việc. - nhiệt tình, năng động và có trách nhiệm với công việc; - tốt nghiệp chuyên ngành tài chính kế toán - thành thạo word, excel - biết sử dụng phần mềm kế toán bán hàng - nhanh nhẹn, chịu khó, biết tư vấn sản phẩm, có trách nhiệm trong công việc - kỹ năng giao tiếp tốt. - tốt nghiệp trung cấp trở lên chuyên ngành: quản trị kinh doanh, tài chính,.. - ưu tiên đã làm công việc bán hàng sale văn phòng, sale thị trường,...hoặc đã làm quản lý nhóm sale là một lợi thế - ứng viên chịu khó, tích cực, năng động, yêu thích kinh doanh mảng thực phẩm - có tinh thần trách nhiệm cao, chính trực - có khả năng giao tiếp duy trì các mối quan hệ hợp tác","lương căn bản + phụ cấp: 10.000.000 - 12.000.000 đồng (chưa bao gồm tiền hoa hồng doanh số) - tham gia bhxh, bhyt, bhtn khi ký hợp đồng lao động sau thời gian thử việc - môi trường làm việc có tính chuyên nghiệp, năng động, thân thiện và cởi mở. cơ hội thăng tiến - cung cấp trang thiết bị đầy đủ để phục vụ công việc - nhân viên có năng lực tốt có thể ký hợp đồng chính thức khi chưa hết thời gian thử việc - thưởng theo chế độ đãi ngộ của công ty. - phỏng vấn và đi làm ngay nếu đạt yêu cầu - công việc ổn định và lâu dài, cơ hội thăng tiến"
nhân viên pha chế,"chuỗi nhà hàng cafe h'mong sister thuộc sở hữu của công ty tt global cargo. chúng tôi cần tuyển các vi trí sau : - 02 nhân viên pha chế (barista ): biết công thức pha chế các món cafe thuần việt. - 02 nhân viên pha chế nước detox, nước ép. - tuân thủ nghiêm ngặt quy trình chuẩn bị và chế biến cà phê hoặc nước ép, detox. - giám sát chất lượng cà phê hoặc nước ép, detox và đảm bảo chất lượng ổn định - thu ngân, giao tiếp, giới thiệu sản phẩm với khách hàng - giữ gìn và bảo quản tài sản, thiết bị máy móc sử dụng trong nhà hàng - duy trì môi trường nhà hàng sạch sẽ với bầu không khí dễ chịu, thân thiện - đảm bảo khách hàng được đón tiếp niềm nở khi ghé thăm nhà hàng bằng cách chào đón, kịp thời hỗ trợ khách hàng khi cần thiết - thực hiện các nhiệm vụ khác theo yêu cầu từ quản lý - địa chỉ làm việc: khu đô thị sadora ( quận 2 cũ), thành phố thủ đức , tp.hcm - địa chỉ phỏng vấn: lầu 4, tòa nhà perfect, 150 bis lê thị hồng gấm, p. cầu ông lãnh, q.1, tp.hcm","ứng viên trên 18 tuổi, không yêu cầu kinh nghiệm, bằng cấp - có khả năng xoay ca, 8 tiếng/ca theo lịch nhà hàng sắp xếp, bao gồm cuối tuần và các ngày nghỉ lễ tết. - có sức khỏe tốt, khả năng làm việc hiệu quả trong môi trường phục vụ nhanh - có tinh thần đồng đội và kỹ năng giao tiếp cơ bản - ưu tiên ứng viên có kinh nghiệm trong ngành dịch vụ nhà hàng - khách sạn, pha chế",mức lương theo thỏa thuận ( lương cố định hàng tháng ) - thưởng theo qui chế công ty - đồng phục được cấp phát miễn phí
thực tập sinh marketing lĩnh vực bất động sản tp.hcm,"thiết kế cơ bản: hình ảnh, poster, banner, backdrop quản trị fanpage viết content quản trị website viết content quản trị tiktok viết bài và thiết kế hình ảnh để tuyển dụng các công việc khác theo quản lý phân công, đa nhiệm yêu thích môi trường làm việc năng động, trẻ","thiết kế cơ bản: canvas, photoshop, cupcut,... có thế viết content tốt, quản trị fanpage ký hợp đồng thực tập sinh : 3-6 tháng","nghỉ thứ bảy, chủ nhật và ngày lễ xác nhận thực tập và hỗ trợ số liệu báo cáo thực tập được trải nghiệm môi trường làm việc năng động deal lại phụ cấp 3 tháng / lần phụ cấp thực tập từ 2 triệu + bonus được hỗ trợ ăn trưa"
chủ quản nhân sự/ trưởng phòng nhân sự,"quản lý, chấm công nhân viên, nhập hồ sơ nhận việc , nghỉ việc theo dõi, cập nhật số liệu tăng giảm bhxh, bhyt, bhtn và đối chiếu với cơ quan bhxh hàng tháng. hoàn thiện các hồ sơ, thủ tục và liên hệ cơ quan bhxh cho nlđ tham gia và hướng các chế độ bhxh, bhyt theo đúng quy định. soạn một số văn bản liên quan đến công tác bhxh, bhyt, bhtn. hỗ trợ tuyển dụng sắp xếp và quản lý hồ sơ nhân sự ,tổ chức lưu trữ, sắp xếp, cập nhật và bảo quản hồ sơ lương, các hồ sơ đề bạt thăng tiến, giấy đề nghị tăng lương, kỷ luật hạ lương, hồ sơ bàn giao khi thôi việc và các chứng từ khác liên quan đến lương. phối hợp theo dõi, quản lý hệ thống chính sách phúc lợi của doanh nghiệp. cập nhật các quy định của pháp luật về chế độ, chính sách, lương để kịp thời bổ sung, sửa đổi chế độ, chính sách của tập đoàn phù hợp với quy định của pháp luật. giải quyết thôi việc cho nhân viên.","tiếng trung giao tiếp là lợi thế có kinh nghiệm từ làm nhân sự c&b trên 3 năm thành thạo tin học văn phòng. am hiểu luật lao động, luật về bảo hiểm xã hội, luật thuế tncn.","lương thỏa thuận (cao ) chế độ bhxh, phép năm , thưởng lễ tết ... đầy đủ môi trường làm việc thân thiện, có cơ hội phát triển"
nhân viên kinh doanh vật tư y tế,"tiếp nhận chỉ tiêu của cấp trên trực tiếp giao phó và hoàn thành doanh số được giao. - tư vấn cho khách hàng về các sản phẩm của công ty, thuyết phục, đ à m phán khách hàng sử dụng sản phẩm, ký kết hợp đồng. - sắp xếp các cuộc hẹn để thảo luận và trình bày đến bác sỹ và các nhân viên y tế về sản phẩm của công ty. - xây dựng và duy trì mối quan hệ làm việc tốt với các bác sỹ và nhân viên y tế trong bệnh viện. - đạt (và vượt nếu có thể) chỉ tiêu kinh doanh hàng năm. - triển khai kế hoạch kinh doanh, tìm kiếm khách hàng - lập kế hoạch phát triển khách hàng, thị trường, doanh thu theo tháng/quý/năm - lập danh sách các khách hàng tiềm năng, đề xuất các kế hoạch/phương án tiếp cận, gặp gỡ, chăm sóc khách hàng nhằm quảng bá, giới thiệu sản phẩm/dịch vụ. - tham gia tổ chức các sự kiện, tham gia triển lãm, workshop nhằm quảng bá sản phẩm. - tiếp nhận thông tin, yêu cầu của khách hàng. liên hệ, giải đáp, tư vấn về chất lượng, giá cả sản phẩm…cho khách hàng","trình độ/ bằng cấp: đại học, cao đẳng trở lên chuyên ngành: điện tử y sinh, thiết bị y tế, y, dược; kỹ sư y sinh - có ít nhất 1 năm kinh nghiệm tại vị trí tương đương trong ngành - ưu tiên ứng viên học chuyên ngành công nghệ sinh học, sinh học, y sinh và biết tiếng anh - có kiến thức về lĩnh vực y tế, dược, công nghệ sinh học - có đam mê với lĩnh vực kinh doanh, chịu được áp lực công việc. * kỹ năng chuyên môn: - kỹ năng giao tiếp, đàm phán ngoại giao tốt; - khả năng lập kế hoạch công việc và tư duy logic tốt; - khả năng làm việc dưới áp lực cao; - làm việc theo phân công được giao từ trưởng nhóm","được tham gia đầy đủ bhxh, bhyt,bhtn,cđ theo quy định - thường lương tháng thứ 13 - được xét duyệt nâng lương và thăng chức theo năng lực - được thưởng thêm nếu đạt doanh số đưa ra ngoài huê hồng bán hàng"
kỹ sư giám sát công trình xây dựng,"thực hiện kiểm tra, đo đạc, khảo sát mặt bằng; lập kế hoạch, tiến độ công việc và công tác chuẩn bị tổ đội, vật tư trước khi thi công; quản lý triển khai thi công công trình, hướng dẫn thi công theo đúng bản vẽ, tiêu chuẩn kỹ thuật và biện pháp thi công; giám sát các tổ đội và nhân công của công ty về kỹ thuật thi công cho các mục hoàn thiện. trực tiếp quản lý các công việc kiểm tra, giám sát, đánh giá quá trình thi công tại hiện trường nhằm đảm bảo an toàn lao động và tiến độ công trình; chủ động giải quyết các vấn đề kỹ thuật phát sinh thực tế tại công trình và báo cáo kịp thời khi cần phê duyệt xử lý. giao nhận, kiểm tra đối chiếu và quản lý vật tư/hàng hoá/trang thiết bị tại công trình; kiểm tra quy cách, chất lượng sản phẩm tại xưởng sản xuất, đảm bảo được thực hiện theo đúng các bản vẽ, yêu cầu kỹ thuật, chất lượng & số lượng đã được phê duyệt. nghiệm thu hoàn thành công trình cho các tổ đội, nhà thầu phụ, chủ đầu tư, khách hàng...theo đúng khối lượng hoàn thành thực tế tại công trình. hoàn thiện các thủ tục đăng kí thi công tại công trình, hoàn thiện hồ sơ nghiệm thu tại công trình với các bên liên quan. báo cáo tiến độ công trình và công việc hàng ngày thông qua nhóm làm việc và nhật ký công trình các công việc khác khi được phân công.","tốt nghiệp chuyên ngành k inh tế xây dựng hoặc xây dựng dân dụng và công nghiệp … có kinh nghiệm trong giám sát thi công và am hiểu về vật liệu; nắm vững kiến thức về hệ thống quy trình giám sát thi công theo đúng tiêu chuẩn. đọc được các bản vẽ thiết kế và sử dụng các phần mềm kỹ thuật chuyên môn phục vụ cho công việc trung thực, nhiệt tình trong công việc . có khả năng làm việc độc lập. khả năng giao tiếp tốt , sẵn sàng tăng ca để đảm bảo tiến độ đề ra. có thể đi tỉnh yêu cầu: tối thiểu 2 năm kinh nghiệm trở lên","lương cứng 12 -15 triệu (thoả thuận theo năng lực) phụ cấp công trình theo quy định công ty từng thời kỳ. thưởng lễ tết, hiếu hỉ, sinh nhật; thường dự án, năng suất làm việc. tham gia bhxh, bhyt, bhtn và các chế độ ngày lễ, ngày phép theo quy định. làm việc trong môi trường thân thiện, năng động, chủ động và sáng tạo."
"nhân viên thiết kế nhà thép, công trình dân dụng công nghiệp","lập phương án thiết kế công trình công nghiệp, công trình nhà thép tiền chế. - tính toán, triển khai bản vẽ, lập thuyết minh, lập dự toán hồ sơ chào giá. - thiết kế bản vẽ shop bằng phần mềm telak.","nam/ nữ, độ tuổi từ 25 đến dưới 40. - tốt nghiệp đại học chuyên ngành xây dựng dân dụng và công nghiệp, kiến trúc. - biết sử dụng phần mềm tekla. - nhanh nhẹn, chủ động, không ngại tiếp xúc với khác hàng. - thật thà, trung thực, tuân thủ các nội quy, quy định & các quy trình của công ty. - chịu được áp lực công việc & sẵn sàng tăng ca nếu có yêu cầu.","thu nhập: lương cố định + lương khoán doanh số. + trên 5 năm kinh nghiệm: tổng thu nhập từ 15 - 20 triệu/ tháng + dưới 5 năm kinh nghiệm: tổng thu nhập từ 10 - 15 triệu/ tháng - môi trường làm việc chuyên nghiệp, năng động, được đào tạo với các chuyên gia huấn luyện, cơ hội thăng tiến. - được tham gia các hoạt động chung của công ty: du lịch, teambuilding, sự kiện… - thưởng các ngày lễ, tết, đóng bhxh, bhyt, bhtn theo quy định. - quyền lợi khác theo chính sách chung của công ty và theo quy định của pháp luật."
"kế toán tổng hợp tại lĩnh nam, hoàng mai, hà nội","tổ chức ghi chép, tính toán và phản ánh chính xác, trung thực, kịp thời, đầy đủ toàn bộ tài sản, nguồn vốn của các đơn vị trực thuộc; - xác định và phản ánh chính xác, kịp thời, đúng chế độ kết quả kiểm kê tài sản hàng kỳ và đề xuất các biện pháp giải quyết, xử lý khi có các trường hợp thất thoát xảy ra - kiểm tra, kiểm soát tính hợp pháp, hợp lý, hợp lệ của hệ thống chứng từ, sổ sách kế toán trong các đơn vị trực thuộc - kiểm tra, kiểm soát tính tuân thủ, tính trung thực của các kế toán viên mảng nội bộ đối với toàn bộ các nghiệp vụ kinh tế phát sinh - thực hiện, tổ chức thực hiện việc nhập liệu lên phần mềm thuế với các phát sinh ở đơn vị trực thuộc, chịu trách nhiệm về chuẩn mực chứng từ và theo phương án hạch toán của công ty - tổ chức bảo quản, lưu trữ các tài liệu kế toán, giữ bí mật các tài liệu và số liệu kế toán của công ty - chịu trách nhiệm trong công tác xuất hồ sơ, xuất xe tại các đơn vị trực thuộc, phối hợp với kế toán doanh thu – công nợ phải thu, bộ phận kinh doanh trong việc xuất hồ sơ, xuất xe. - quyết toán thuế, lên báo cáo thuế, báo cáo tài chính.","kinh nghiệm. + có kinh nghiệm từ 3-4 năm trở lên giữ vị trí kế toán tổng hợp, phụ trách kế toán hoặc tương đương - yêu cầu về kiến thức, kỹ năng: + am hiểu các quy định của pháp luật hiện hành về kế toán, thuế, luật lao động... + sử dụng thành thạo các phần mềm kế toán thông dụng, các ứng dụng cho văn phòng như word, excel... + có kỹ năng phân tích, tổng hợp tốt. -ưu tiên đã có kinh nghiệm quyết toán thuế, lên báo cáo thuế, báo cáo tài chính -có khả năng làm việc dưới áp lực, kỹ năng tổng hợp, báo cáo, ..","thu nhập: 12,000,000 – 18,000,000 - thưởng hiệu quả công việc và hiệu quả kinh doanh chi nhánh - hưởng các chính sách, chế độ bảo hiểm theo đúng quy định của luật lao động việt nam. - được vimid xây dựng một lộ trình công danh chi tiết. - được thăm khám sức khỏe định kỳ. - tham gia các hoạt động gắn kết nội bộ hằng quý, hằng năm, hay các dịp lễ tết, du lịch, sinh nhật, team building,…. - mỗi năm có 12 ngày nghỉ phép năm hưởng nguyên lương. - thưởng các dịp lễ tết trong năm và sinh nhật từ 500,000-1,000,000đ. - thời gian làm việc: 8h00 - 17h00, từ thứ 2 - sáng thứ 7."
chuyên viên / kiến trúc sư thiết kế nội thất - kiến trúc,"cần tuyển vị trí 3d (lên concept, diễn họa) hoặc 2d (bổ kỹ thuật, triển khai hstk) kiến trúc, nội thất. - khảo sát, đo đạc hiện trạng mặt bằng cần thiết kế; - lên mb công năng, concept bản vẽ phối cảnh thiết kế 3d, triển khai thiết kế theo yêu cầu của khách hàng (đồi với vị trí 3d); - triển khai bản vẽ kỹ thuật 2d dựa trên mặt bằng và thiết kế 3d đã được phê duyệt (đối với vị trí 2d);.","trình độ học vấn :tốt nghiệp cao đẳng, đại học trở lên chuyên ngành thiết kế nội thất. - sử dụng thành thạo các phần mềm thiết kế (3d max, auto cad, sketchup … và các phần mềm liên quan); - kinh nghiệm thực tế: 2 năm trở lên, có ""gu"" trong thiết kế nội thất. - ưu tiên ứng viên có am hiểu nội thất, đồ gỗ. - khả năng sáng tạo, tưởng tượng phong phú, khiếu thẩm mỹ tốt - am hiểu bố trí không gian, lựa chọn màu sắc, hệ thống chiếu sáng, nguyên vật liệu, tùy chỉnh đồ nội thất và lắp đặt …","thu nhập: từ 13.000.000 – 30.000.000 đồng/tháng (tùy theo năng lực bản thân, không giới hạn thời gian và mức tăng) - phụ cấp ăn trưa: từ 25.000 – 40.000đ/ngày (theo quy định của công ty) - được thưởng theo đánh giá hiệu quả công việc hàng tháng; - đóng bhxh, bhyt, bhtn theo quy định của nhà nước và công ty; - được làm việc trong môi trường năng động, chuyên nghiệp và hiện đại; - cung cấp đầy đủ trang thiết bị đầy đủ cho công việc; - được đào tạo, nâng cao nghiệp vụ thường xuyên; - thưởng lương tháng thứ 13, thưởng lễ tết theo tình hình kinh doanh của công ty."
nhân viên kinh doanh,"tìm kiếm khách hàng và đối tác qua các kênh ngân hàng, showroom, gara… - tư vấn, chào phí các gói sản phẩm bảo hiểm - quản lý hợp đồng và chăm sóc khách hàng","kỹ năng giao tiếp - kỹ năng làm việc nhóm - chịu khó, linh hoạt và có tinh thần trách nhiệm - ưu tiên nam nhân sự từ các ngành nghề liên quan","môi trường làm việc chuyên nghiệp và thân thiện - thưởng các dịp lễ tết, lương tháng 13 - được đóng bhyt, bhxh… - du lịch hằng năm và các hoạt động team building"
nhân viên thiết kế (đi làm ngay),"chuyên thiết kế các bản vẽ về dự án công trình điện nước - phối hợp các bộ phận khác để đảm bảo tính chính xác và thống nhất phương án - kiểm tra bản vẽ đảm bảo thực hiện theo đúng quy trình, quy phạm và độ chính xác cao - chi tiết thêm sẽ trao đổi trực tiếp khi phỏng vấn","hòa đồng thân thiện với đồng nghiệp chăm chỉ thật thà nghe theo sự chỉ đạo của cấp trên - trình độ: tốt nghiệp đại học chuyên ngành điện nước - kinh nghiệm: sinh viên mới ra trường hoặc đã có kinh nghiệm - thành thạo autocad, excel, word. chấp nhận đi công tác theo sự điều động của công ty. (ưu tiên: có kinh nghiệm vẽ bim, revit) - hòa đồng thân thiện với đồng nghiệp","tham gia bhxh, bhyt, bhtn đầy đủ theo quy định của nhà nước - lương thỏa thuận theo năng lực - thưởng theo hiệu quả của công việc - hỗ trợ tiền cơm trưa - môi trường làm việc chuyên nghiệp, tạo điều kiện thuận lợi để phát triển năng lực bản thân và hoàn thành công việc"
nhân viên kiểm nghiệm hóa lý (qc) tại tây ninh,"tham gia điều tra oos liên quan đến mẫu thử; - ghi chép và báo cáo những phát hiện bất thường trong quá trình kiểm nghiệm mẫu; - sử dụng và bảo quản thiết bị, dụng cụ thí nghiệm theo đúng qui định; - kiểm tra mẫu thử được phân công theo đúng tiêu chuẩn ban hành; - đề xuất cải tiến tiêu chuẩn chất lượng và các công việc khác của phòng kiểm nghiệm; - thực hiện các công việc quản lý được phân công: quản lý hóa chất/thuốc thử/chất chuẩn/thiết bị kiểm nghiệm/dụng cụ/ vật tư tiêu hao *địa chỉ làm việc: tổ 7, ấp hòa bình, xã hòa hiệp, huyện tân biên, tỉnh tây ninh","trình độ trung cấp trở lên ngành dược / hóa - có kinh nghiệm là 1 lợi thế - chủ động trong việc điều phối, triển khai công việc - kỹ năng giao tiếp cá nhân tốt, năng động, chịu được áp lực công việc cao","mức lương từ 7.000.000 - 10.000.000 - thưởng tháng lương 13, thưởng kinh doanh theo tháng/quý/năm, thưởng lễ tết. - phụ cấp cơm và các khoản phụ cấp khác (theo tính chất công việc) - đồng phục cho nhân viên hằng năm - khám sức khỏe định kỳ hằng năm - bảo hiểm xã hội; bảo hiểm chăm sóc sức khoẻ toàn diện - chương trình đào tạo và phát triển sự nghiệp. - môi trường làm việc chuyên nghiệp. - các họat động tập thể: team building, ngày hội gia đình, văn nghệ, clb thể dục thể thao, nghỉ mát… - các hoạt động công đồng: quà tặng nhân dịp 8/3, 20/10, quốc tế thiếu nhi 1/6, tết trung thu....."
kế toán nội bộ,"nhập phiếu xuất kho bán hàng, thực hiện các thủ tục để xuất hàng giao cho khách hàng - liên hệ nhà xe để đặt xe giao hàng cho khách - theo dõi hàng hóa được giao kịp thời gian đến kho khách hàng - hạch toán chi phí bán hàng (vận chuyển hàng, hoa hồng, bốc xếp,…) - hạch toán các khoản thu, chi phát sinh hàng ngày - theo dõi công nợ bán hàng, công nợ mua hàng lên lịch thu tiền bán hàng, lịch thanh toán các chi phí hành chính - một số công việc hành chính khác.","trình độ cao đẳng-đại học trở lên - ưu tiên có kinh nghiệm về kế toán, biết nhập phần mềm kế toán và thực hiện các báo cáo quản trị theo yêu cầu của lãnh đạo cty. - tuổi từ 25 – 32 - yêu thích công việc kế toán ,cẩn thận, tỉ mỉ và trung thực . - ưu tiên hồ sơ ứng viên có hình ảnh - tốt nghiệp cao đẳng/đại học trở lên chuyên ngành kế toán, kiểm toán, tài chính....và các chuyên ngành liên quan - có kinh nghiệm từ 1 năm trở lên ở vị trí kế toán bán hàng - nắm vững nguyên tắc kế toán, các quy định liên quan đến thuế, hóa đơn chứng từ. - thành thạo vi tính văn phòng - thái độ yêu cầu: nhiệt tình, cầu tiến, xử lý vấn đề nhanh","lương thưởng hấp dẫn tùy theo kinh nghiệm và năng lực của ứng viên - lương tháng 13 - được hưởng các chế độ bhxh, bhyt, bhtn, nghỉ phép năm, nghỉ mát theo quy định. - chế độ lương thưởng tết theo chính sách của công ty. - môi trường làm việc năng động,thân thiện - cơ hội làm việc gắn bó lâu dài và thăng tiến trong công ty"
nhân viên marketing (tiếng trung) (行銷專員職位描述),"1. 為產品擬定行銷策略、訂價策略、促銷計劃、撰寫行銷方案等。 2. 負責新產品行銷企劃案之撰寫、規劃與執行，蒐集市場情報，並擬定、分析行銷策略和價格策略 3. 建立線上產品介紹 4. 熟悉網路行銷操作 5. 企劃案的發想與撰寫 6. 提案及簡報技巧 7. 網路活動規劃及執行 8. 品牌行銷推廣與管理 9. 市場情報蒐集與分析能力 1 xây dựng chiến lược marketing, chiến lược định giá và kế hoạch chương trình khuyến mãi, lập kế hoạch tiếp thị cho sản phẩm. 2 chịu trách nhiệm viết, lập kế hoạch và thực hiện các kế hoạch tiếp thị sản phẩm mới, thu thập thông tin thị trường, xây dựng và phân tích các chiến lược tiếp thị và chiến lược giá cả. 3 xây dựng giới thiệu sản phẩm trực tuyến. 4 phụ trách về các hoạt động tiếp thị trực tuyến. 5 lên ý tưởng và viết đề xuất dự án mới 6 kỹ năng đề xuất và thuyết trình. 7 lập kế hoạch và thực hiện hoạt động trực tuyến 8 quản lý và quảng bá tiếp thị thương hiệu. 9 khả năng thu thập và phân tích thông tin thị trường.","1.工作經歷: 有相關工作經驗者优先錄取 2.學歷要求: 大專畢業或以上 3.語文條件: 越南文、中文、英文 1.kinh nghiệm công việc: ưu tiên có kinh nghiệm trong ngành 2.yêu cầu trình độ: tốt nghiệp trung cấp / đại học chuyên ngành 3.yêu cầu ngôn ngữ: tiếng việt, tiếng trung, tiếng anh 技能要求: yêu cầu kĩ năng: 1.熟練使用辦公室軟體word、powerpoint、excel 2.良好的交談技巧 3.有上進心、有團隊合作精神 1.thông thạo phần mềm văn phòng word、powerpoint、excel 2.kỹ năng đàm phán tốt 3.lạc quan, tích cực, hòa đồng","福利制度 1. 員工社會、醫療保險(按越南國家勞動辦法) 2. 年終獎金 3. 生日禮金 4. 不定期聚餐 5. 年度員工旅遊(依公司年度營運情況) phúc lợi 1. bhxh, bhyt (theo luật lđtbxhvn) 2. thưởng cuối năm 3. thưởng sinh nhật 4. tổ chức tiệc 5. du lịch hàng năm (theo tình hình hoạt động kinh doanh) 1.上班時段 thời gian làm việc : 8h-17:30h nghỉ trưa 1,5 tiếng 2.上下班時間: 08 :00-17:30 (中午休息1.5小時) 3.休假制度 ngày nghỉ: 週日休假nghỉ chủ nhật 4.工作時間 thời gian làm việc: 週一至週六từ thứ hai đến thứ bảy"
nữ bán hàng tại trung tâm thương mại bình dương (aeon sora garden ii - aeon binh duong canary),"tư vấn, hỗ trợ khách chọn sản phẩm - trưng bày, sắp xếp hàng hóa gọn gàng - giữ gìn hình ảnh cửa hàng sạch đẹp, tạo trải nghiệm mua sắm tốt - làm việc xoay ca linh hoạt 8h/ ngày. nghỉ 1 ngày/ 1tuần","nữ 22 - 45 tuổi (không nhận sinh viên hoặc ứng viên mới ra trường) - ngoại hình sáng, giọng nói dễ nghe - giao tiếp lịch sự, trung thực, gọn gàng, cầu tiến - ưu tiên có kinh nghiệm bán hàng trong tttm","thu nhập được thỏa thuân theo năng lực và đươc trao đổi kỹ trong quá trình phỏng vấn từ 7-10tr/tháng hoặc hơn theo năng lực - đóng đầy đủ bhxh - bhyt - bhtn theo quy định nhà nước - phụ cấp ăn và phí gửi xe - giảm 25% khi mua sản phẩm công ty - du lịch nước ngoài cho nhân viên xuất sắc - tiệc top tuần, tháng, quý dành cho nhân viên bán hàng xuất sắc - thưởng sinh nhật, sinh con, các ngày lễ 8/3, 20/10, 19/11, giỗ tổ, 30/4, 1/5, 1/6, trung thu, tết lên đến 1,1 triệu đồng - quà cho con chuyển cấp: 500.000đ từ lớp 1 đến đại học - hỗ trợ tài chính: nhân viên làm việc trên 15 tháng vay không lãi suất dành cho cưới hỏi, lễ tang, học tập - thưởng giới thiệu nhân sự: 1.000.000đ nếu làm >3 tháng +1.000.000đ nếu làm >6 tháng - chia thưởng đặc biệt lên đến hàng tỷ đồng - nghỉ việc tặng voucher tính theo thời gian làm việc chính thức: từ 3-6 tháng: voucher 300.000đ từ 6 tháng - 1 năm: voucher 600.000đ từ 1 năm trở lên: voucher 1.000.000đ"
video editor,"xây dựng kế hoạch và lên ý tưởng cho video định hướng nội dung và hình ảnh trong video biên tập, chỉnh sửa nội dung video thiết kế phần hình ảnh cho video","sử dụng thành thạo các phần mềm chỉnh sửa, biên tập video có sự nhạy bén, cảm nhận tinh tế với hình ảnh, âm thanh và màu sắc tư duy sáng tạo, nắm bắt các xu hướng nội dung video cẩn trọng, tỉ mỉ trong công việc","được tham gia bhxh, bhyt, bhtn,…theo luật lao động được thưởng năng lực hàng tháng, l thưởng tháng 13. được phụ cấp ăn trưa môi trường làm việc thân thiện, năng động, chuyên nghiệp cơ hội thăng tiến cao có cơ hội làm việc với người nổi tiếng"
nhân viên kinh doanh,"tuyển dụng đi làm ngay - chuyên viên kinh doanh bđs nhà phố việt nam. cần tuyển 500 ae về đội cùng kiếm tiền không yêu cầu kinh nghiệm, được đào tạo từ a - z(miễn phí) nguồn hàng đa dạng. môi trường trẻ trung, năng động, hoà đồng. thu nhập tiền tỉ, hoa hồng chia ngay. không áp lực gò bó thời gian. chỉ cần nhanh nhẹn, chăm chỉ, ham học hỏi. địa chỉ: 102 thái thịnh, đống đa, hà nội. liên hệ trực tiếp 0867563507 (zalo)",không yêu cầu,"được đào tạo nghiệp vụ, kĩ năng chuyên nghiệp. - đãi ngộ tốt. - du lịch. - khen thưởng. - thu nhập ổn định. - cơ hội phát triển."
(hcm) nhân viên kinh doanh thi trường - đi làm ngay (không yêu cầu lên văn phòng),"​phát triển thị trường: chủ động tìm kiếm, tiếp cận khách hàng tại các khu vực được giao; khảo sát và đánh giá nhu cầu thực phẩm sạch tại địa bàn. ​tư vấn &amp; bán hàng: giới thiệu danh mục sản phẩm của công ty (trái cây tươi), hướng dẫn khách hàng trải nghiệm đặt hàng qua các kênh online. đảm bảo chỉ tiêu doanh số cá nhân. ​quản trị trải nghiệm khách hàng: xây dựng tệp khách hàng thân thiết; đóng vai trò đầu mối tiếp nhận phản hồi và phối hợp xử lý các vấn đề phát sinh (giao hàng, đổi trả, chất lượng) nhanh chóng để bảo vệ uy tín thương hiệu. ​điều phối vận hành: theo sát quy trình giao nhận ""last-mile"", phối hợp với các bộ phận liên quan để đảm bảo sản phẩm đến tay khách đúng khung giờ và chất lượng cam kết. không yêu cầu lên văn phòng. yêu cầu công việc: ​độ tuổi: 22 - 35 tuổi. tác phong nhanh nhẹn, chỉn chu, giao tiếp tự tin. ​thái độ: trung thực, trách nhiệm và có tinh thần ""làm chủ"" trong công việc. ​ưu tiên ứng viên có kinh nghiệm trong mảng fmcg, thực phẩm hoặc các ngành dịch vụ khách hàng cao cấp. làm việc ở khu vực hcm","​độ tuổi: 22 - 35 tuổi. tác phong nhanh nhẹn, chỉn chu, giao tiếp tự tin.","​thu nhập: 8.000.000-15.000.000 (lương cứng + phụ cấp + hoa hồng minh bạch theo doanh số tháng). không giới hạn ​chế độ đãi ngộ: thưởng nóng theo chiến dịch, quà tặng dịp lễ/tết và tham gia đầy đủ bhxh, bhyt sau khi ký hđ chính thức. thời gian &amp; địa điểm: ​thời gian: 10h00 – 19h00 (nghỉ 1 ngày/tuần linh hoạt). ​địa điểm: làm việc linh động tại khu vực thị trường được giao và văn phòng điều hành (khu vực hcm)"
nhân viên bảo trì hệ thống máy lạnh - điều hòa không khí (nhân viên bảo trì cơ điện lạnh),"chịu trách nhiệm bảo hành, bảo dưỡng để đảm bảo hệ thống máy lạnh - điều hoà của toà nhà được hoạt động tốt. - vệ sinh, sửa chữa các hệ thống ngưng hoạt động. - xử lý các vấn đề về điện lạnh; đảm bảo các phụ tùng cần thiết luôn đầy đủ để cung cấp cho tiến trình bảo dưỡng hệ thống máy lạnh - điều hoà. - nâng cao hiệu quả bảo dưỡng hệ thống -chi tiết công việc và mức lương sẽ trao đổi cụ thể khi phỏng vấn . - ngày làm việc từ thứ 2 đến thứ 7 hàng tuần.","tốt nghiệp trung cấp hoặc cao đẳng cơ điện lạnh. - có kinh nghiệm và kiến thức về điện lạnh ( loại vrv ) 1 năm trở lên. - có kinh nghiệm bảo trì hệ thống máy lạnh âm trần toà nhà. - tinh thần làm việc tích cực,có trách nhiệm. -yêu cầu nam: tuổi từ 25 – 35 nhanh nhẹn hoạt bát và có sức khỏe tốt,có trách nhiệm trong công việc, biết sử lý về hệ thống điện, nước.","công việc ổn định lâu dài. - thực hiện hợp đồng lao động có chế độ bhxh, bhyt theo luật định. -thưởng lễ, tết, lương tháng 13 -lương thỏa thuận thêm khi phỏng vấn"
nhân viên marketing (quay dựng phim),hỗ trợ triển khai chiến lược marketing – thúc đẩy doanh số & tăng nhận diện thương hiệu. - hỗ trợ quay & biên tập video bằng phần mền capcut - hỗ trợ thiết kế hình ảnh - video... - thực hiện các công việc khác theo phân công.,"tốt nghiệp chuyên ngành marketing, video maker/editor bằng điện thoại - có laptop - cẩn thận, tỉ mỉ, và có kỹ năng giải quyết vấn đề tốt","được tập võ muay, kickboxing, boxing miển phí tại clb, ưu tiên biết võ thuật & lái ô tô. - được đào tạo và phát triển kỹ năng chuyên môn. - cơ hội làm việc trong môi trường chuyên nghiệp, năng động, sáng tạo. - tham gia các hoạt động team, công ty - có cơ hội làm việc chính thức nếu kết quả thực tập tốt"
nhân viên sản xuất,"tổ chức sản xuất hàng hóa theo kế hoạch được giao kiểm tra, giám sát quá trình thực hiện của công nhân báo cáo quá trình thực hiện hàng ngày, hàng tuần lên quản lý tham gia vệ sinh, bão dưỡng, sữa chữa máy móc thiết bị","am hiểu về hóa chất trong lĩnh vực sản xuất phân bón lá là 1 lợi thế tinh thần học hỏi, cầu tiến trong công việc siêng năng, chịu khó và năng động trong công việc gắn bó lâu dài với công ty","mức lương: 8.000.000 đồng - 12.000.000 đồng thưởng theo hiệu quả công việc thưởng lễ, tết nghỉ phép theo qui định tham gia bhxh, bhyt, bhtn theo qui định chế độ nghỉ dưỡng theo qui định của công ty"
[ba vì - sơn tây - phúc thọ] nhân viên thị trường - dược phẩm,"tư vấn và bán sản phẩm thực phẩm chức năng - chăm sóc khách hàng & duy trì mối quan hệ lâu dài - chạy doanh số theo kế hoạch của công ty - làm việc trực tiếp ngoài thị trường tại các nhà thuốc theo sự phân công của công ty ở khu vực ba vì, sơn tây, phúc thọ - hà nội. * quyền lợi: - thu nhập hấp dẫn - chế độ phúc lợi đầy đủ theo quy định của công ty & nhà nước - môi trường công ty trẻ, năng động, nhiệt huyết,.. - được đào tạo kỹ năng bán hàng bài bản, chuyên nghiệp, hiệu quả. - tâm huyết, thiện chiến, nhiệt tình, năng động - kỹ năng giao tiếp tốt. - có kinh nghiệm là một lợi thế, chưa có kinh nghiệm được hỗ trợ đào tạo. - các ứng viên quan tâm vui lòng gửi hồ sơ trực tuyến , gửi kèm file hoặc trực tiếp đến tại công ty công ty cổ phần dược phẩm jsun hoạt động trong lĩnh vực buôn bán dược phẩm","tâm huyết, thiện chiến, nhiệt tình, năng động - kỹ năng giao tiếp tốt. - có kinh nghiệm là một lợi thế, chưa có kinh nghiệm được hỗ trợ đào tạo.",
nhân viên kiểm hàng - ngành giày dép,nhận mẫu đúng từ qc phòng sản xuất . kiểm tra nguyên phụ liệu sản xuất dựa vào bảng màu và mẫu đã duyệt . kiểm tra công đoạn lẫn thành phẩm trên chuyền dựa vào toàn bộ tài liệu và mẫu đã duyệt ( kiểm % ) . kiểm tra và góp ý hàng đầu chuyền kiểm tra hướng dẫn khâu hoàn thành theo tài liệu được cấp . chịu trách nhiệm về chất lượng sản phẩm đơn hàng trước quản lý sản xuất . chủ động đề xuất những giải pháp cải tiến quy trình làm việc hiệu quả hơn cho chuyền sản xuất . thực hiện tất cả các công việc khác khi được cấp trên phân công .,"biết tiếng anh - có tinh thần cầu tiến, năng động, nhiệt huyết với công việc - có kinh nghiệm kiểm hàng giày dép ít nhất 1 năm - siêng năng, kiên trì, trung thực","thu nhập từ 8-10 triệu - lương cơ bản + hoa hồng + thưởng kpi - được hưởng đầy đủ chế độ bảo hiểm theo quy định - du lịch, nghỉ mát, teambuilding - chế độ tăng lương hàng năm - môi trường làm việc năng động, trẻ trung, nhiệt huyết"
chuyên viên hoạch định & phân tích tài chính,"kiểm soát hiệu quả dự án, xây dựng báo cáo quản trị & thực hiện các hoạt động lập ngân sách và phân tích tài chính của công ty để đảm bảo tính hiệu quả và mục tiêu kinh doanh và lợi nhuận của công ty. - lập/cập nhật fs dự án định kỳ/theo yêu cầu, kiểm soát chương trình bán hàng, phân tích doanh thu, chi phí, dòng tiền dự án và đề xuất các cảnh báo sớm nhằm đảm hiệu quả dự án. - xây dựng báo cáo quản trị, đưa ra các cảnh báo và đề xuất giải pháp nhằm đảo bảo hiệu quả chi phí, mục tiêu lợi nhuận của công ty. - quản lý và kiểm tra kết quả thực hiện ngân sách hoạt động (hàng tháng, quý và năm) theo kế hoạch được duyệt. - thực hiện các nhiệm vụ khác theo yêu cầu của cấp trên yêu cầu công việc:","đại học trở lên chuyên ngành tài chính, ngân hàng, bất động sản - có kiến thức chuyên sâu trong các lĩnh vực: tài chính/kế toán/ngân hàng, bất động sản, đầu tư - tối thiểu 3 năm kinh nghiệm trong lĩnh vực tài chính - quản lý rủi ro, nhạy bén về tài chính - kỹ năng phân tích, giải quyết vấn đề - hiệu quả, chính trực, chuyên nghiệp - tiếng anh cơ bản (nghe, nói, đọc, viết)","thử việc 100% lương, phụ cấp cơm 50.000/ngày làm việc - bhxh, bảo hiểm tai nạn 24/24 , bảo hiểm sức khỏe - thưởng tháng 13,14,15, thưởng lễ, sinh nhật,.... - teambuilding, yep, khám sức khỏe, đồng phục, đào tạo,...."
kế toán tổng hợp / nội bộ (đi làm ngay),"hạch toán các nghiệp vụ kế toán phát sinh hằng ngày và định kỳ - quản lý, theo dõi, đối chiếu công nợ, hóa đơn, tồn kho, chứng từ, sổ sách, số liệu; - quản lý bhxh, bhyt, chấm công,… - theo dõi xử lý đơn hàng và thủ tục kho vận có liên quan; - các công việc khác theo sự phân công của cấp trên - thời gian làm việc: thứ hai – thứ sáu (8h00 – 12h00 và 13h30 – 17h00); thứ bảy: 8h00 – 12h00","nữ. tốt nghiệp cao đẳng, đại học chuyên ngành kế toán – tài chính - có từ 5 năm kinh nghiệm vị trí kế toán, 2 năm ở vị trí tương đương - sử dụng thành thạo tin học văn phòng; misa và các công cụ phục vụ công việc kế toán - cẩn thận, kỹ lưỡng, trung thực, khả năng phân tích, giải quyết vấn đề, sắp xếp công việc tốt - tháo vát, có tinh thần ham học hỏi - chủ động, có trách nhiệm trong công việc","môi trường làm việc thân thiện, năng động - tham gia bhxh, bhyt - phụ cấp, lương tháng 13, thưởng - cơ hội học hỏi và phát triển chuyên môn nghề nghiệp - được cung cấp đầy đủ để thực hiện công việc liên quan - nghỉ phép 12 ngày/ năm, được nghỉ ngày lễ, tết theo quy định của nhà nước và theo chế độ của công ty"
nhân viên chăm sóc khách hàng - ila trần não,"quản lý hồ sơ và thông tin các lớp. chuẩn bị các tài liệu, hồ sơ, bài thi, giáo cụ, dụng cụ trực quan phục vụ cho việc dạy của giáo viên. thực hiện khảo sát ý kiến phụ huynh và học viên về công tác giảng dạy. tư vấn học tập và chăm sóc học viên tái ghi danh. quản lý lịch phòng. giải quyết các phát sinh liên quan.","tốt nghiệp cao đẳng trở lên. tiếng anh giao tiếp khá. có kinh nghiệm telesale, cskh, là một lợi thế","thu nhập trung bình trên 10.000.000đ gồm: lương cơ bản + lương bonus kpi hàng tháng được đóng bhxh, bhyt, bhtn, có thẻ bảo hiểm tư nhân được cấp bảo hiểm sức khỏe cao cấp cho nhân viên và khám sức khỏe định kỳ 1 năm/ lần. được giảm đến 90% học phí học tiếng anh. được đào tạo định kỳ, được tham gia các chương trình và khóa học đặc biệt khác từ trụ sở cơ hội thăng tiến, thuyên chuyển qua nhiều vị trí khác."
nhân viên sales admin,"tiếp nhận thông tin xử lý hợp đồng, đơn hàng từ kinh doanh thực hiện bảo lãnh thực hiện hợp đồng, bảo lãnh bảo hành (nếu có). thực hiện yêu cầu xuất hàng hóa, hóa đơn và lập bbbg, nt và thanh lý thực hiện các loại công văn giấy tờ trong quá trình thực hiện dự án theo yêu cầu khách hàng . hỗ trợ dự án theo dõi và thu hồi công nợ: hoàn tất thủ tục thanh quyết toán chi phí triển khai và thông báo tình hình kết thúc dự án cho kinh doanh. chuyển giao hồ sơ, biên bản cho các bp liên quan và lưu trữ hồ sơ da đôn đốc khách hàng và thanh toán công nợ đối với khách hàng. các công việc khác do tbp giao.","k inh nghiệm làm việc 3 năm có liên quan cho vị trí này giới tính: nữ tự tin giao tiếp, thuyết trình và làm việc nhóm tốt tinh thần trách nhiệm cao, nhanh nhẹn, năng động, nhiệt tình, trung thực trong công việc sử dụng thành thạo ms office","chế độ lương + thưởng doanh số môi trường làm việc trẻ trung, chuyên nghiệp, có sự thăng tiến, đánh giá tăng lương hàng năm được làm việc cùng đội ngũ nhân sự chất lượng cao, năng động được tham gia các chương trình đào tạo phát triển năng lực và kĩ năng chuyên môn có cơ hội thể hiện bản thân và trở thành lực lượng nòng cốt trong tổ chức đang phát triển mạnh mẽ thu nhập cạnh tranh và được tham gia đầy đủ bhxh, bhyt, bhtn theo đúng quy định phúc lợi: ốm đau, kết hôn, hiếu hỉ, ngày lễ, ngày sinh nhật, vv theo quy định của công ty chế độ khám sức khỏe và du lịch thường niên theo quy định của công ty chế độ nghỉ phép theo quy định của nhà nước."
tp. vũng tàu_nhân viên xử lý hồ sơ_làm thời vụ,"dán mã vạch, scan hồ sơ - sắp xếp, đóng gói hồ sơ, lưu kho hồ sơ/ tài liệu theo quy cách yêu cầu - các công việc khác theo hướng dẫn của quản lý - thời gian làm việc: thứ 2 - thứ 7 từ 7h-17h (nghỉ trưa 1 tiếng) -dự án làm thời vụ 5 tháng bắt đầu từ 26/07/2023 đến dự kiến giữa tháng 12/2023 - địa chỉ làm việc tại: 475 nguyễn an ninh, phường 9, thành phố vũng tàu, tỉnh bà rịa - vũng tàu","tốt nghiệp thpt trở lên - siêng năng, cẩn thận, chịu khó - không yêu cầu kinh nghiệm, được đào tạo miễn phí - độ tuổi từ 18-35 - tốt nghiệp từ thpt - siêng năng, cẩn thận, chịu khó - không yêu cầu kinh nghiệm, được đào tạo miễn phí - độ tuổi từ 18-35",lương 6.750.000 đồng/ tháng - thưởng năng suất: 0-1.200.000 đ/ tháng (tính theo số lượng hồ sơ xử lý+ chuyên cần) - sẽ được đào tạo công việc miễn phí
[paula's choice] chuyên viên beauty advisor (ba) tư vấn bán hàng mỹ phẩm,"chịu trách nhiệm tư vấn và bán hàng tại cửa hàng được chỉ định. - chăm sóc khách hàng. - đảm bảo vệ sinh quầy tủ kệ, hàng hóa được sắp xếp và bài trí theo đúng tiêu chuẩn paula’s choice. - cập nhật các báo cáo theo yêu cầu đúng thời hạn cho cấp trên. - chi tiết công việc trao đổi khi phỏng vấn.","làm việc tại các chỗi cữa hàng của hasaki, guardian, glam, beauty box… - nam/nữ từ 18 tuổi trở lên. - da mặt đẹp, ngoại hình ưa nhìn. - giọng nói rõ ràng, dễ nghe, thân thiện, lịch sự. - năng động và có tinh thần trách nhiệm cao. - có khả năng thích nghi cao và sẵn sàng học hỏi. - có mong muốn gắn bó lâu dài với công ty. - ưu tiên ứng viên có kinh nghiệm và kiến thức về ngành hàng mỹ phẩm.","thu nhập lên đến 12.000.000 vnđ/tháng. - đóng bhxh, bhyt, bhtn sau khi đạt thử việc, đóng bảo hiểm full lương. - thưởng quý, năm theo năng lực. - tham gia các hoạt động đào tạo, nâng cao nghiệp vụ. - chế độ đánh giá, khen thưởng. - cơ hội thăng tiến và phát triển bản thân. - môi trường làm việc năng động, sáng tạo và đề cao giá trị năng lực nhân viên."
nhân viên kinh doanh - thu nhập từ 10-25 triệu / tháng,"● nghiên cứu nhu cầu và xu hướng của sản phẩm đá nội thất. ● tìm kiếm khách hàng trên đa kênh, và dựa trên data cũ của công ty. ● quảng cáo, giới thiệu sản phẩm trên các kênh xã hội ( facebook, youtube, tiktok,) các diễn đàn, hiệp hội, hoặc trực tiếp tại công ty khách hàng. ● tập hợp thông tin tư liệu về sản phẩm để truyền tải tới khách hàng ( quay phim, chụp hình, gửi hồ sơ năng lực, những dự án đã làm.. ) ● gửi mẫu mã, phối hợp với kỹ thuật để triển khai yêu cầu của khách hàng. ● lập bảng báo giá gửi khách hàng và theo dõi báo giá ● chốt lại hợp đồng và truyền tải thông tin của khách hàng tới bộ phận sản xuất. ● theo dõi đơn hàng tới khi bàn giao hoàn thành cho khách hàng. ● theo dõi đơn hàng và tổng hợp những phản hồi của khách để cùng cải tiến cho các đơn hàng sau được tốt hơn. ● thường xuyên thăm hỏi để tìm ra nhu cầu mới, đơn mới. ● gửi mẫu mã theo định kỳ và theo sát các dự án, tìm khách hàng mới theo kpi","số năm kinh nghiệm: trên 2 năm trong lĩnh vực vật liệu xây dựng, tư vấn nội thất, yêu cầu bằng cấp: trung cấp, cao đẳng, đại học của những ngành liên quan tới xây dựng nội thất, vật liệu xây dựng yêu cầu khác: - ưu tiên tốt nghiệp chuyên ngành nội thất, vật liệu xây dựng, kiến trúc.. - biết đọc bản vẽ, phân tích vật liệu là một lợi thế. - nhanh nhẹn, hòa đồng, làm việc đội nhóm, cẩn thận, giao tiếp tốt. - có phương tiện đi lại, máy tính cá nhân.","thu nhập cao: hưởng lương cứng + (% doanh số bán hàng) +( % doanh số nửa năm) + (% doanh số 1 năm) thưởng tết, thưởng ngày lễ thời gian làm việc: thứ 2 – sáng thứ 7 (nghĩ cn). năm có 12 ngày nghỉ phép. môi trường làm việc năng động, nhiệt tình, thân thiện, có cơ hội trau dồi thêm các kỹ năng văn phòng và học hỏi chuyên môn của công ty, được làm việc với các đối tác nước ngoài, tập đoàn lớn chuyên nghiệp. du lịch thường niên cùng công ty. hưởng các chính sách đãi ngộ đặc biệt từ công ty (bhxh, công tác phí, thưởng….)"
