job_title,job_description,requirements,benefits
giám sát thi công công trình nội thất,"khảo sát mặt bằng thi công, lập biện pháp thi công, tiến độ thi công công trình và thống nhất tiên độ với các nhà thầu; - biết đọc bản vẽ thiết kế, các thông số kỹ thuật, phối hợp với xưởng sản xuất để làm đúng theo yêu cầu của khách hàng; - bóc tách khối lượng các hạng mục phục vụ công thi công - kiểm tra và giám sát quá trình thi công, tiến độ thi công. , nghiệm thu khối lượng công việc hoàn thành với công nhân, nhà thầu phụ, nhà thầu chính, chủ đầu tư. - chịu trách nhiệm về tiến độ, chất lượng và số lượng các hạng mục thi công trên công trình. - hướng dẫn đội thi công, thầu phụ tiến hành công việc theo các yêu cầu kỹ thuật và bản vẽ - nộp bản vẽ xin phép cho tòa nhà, chuẩn bị hồ sơ khởi công: danh sách công nhân, nội qui công trường, an toàn lao động ( atlđ ), biểu mẫu của tòa nhà. - hướng dẫn và giám sát công nhân, thầu phụ thực hiện đúng nội quy công trường, atlđ. - ghi chép nhật ký công trường: phân công công việc các nhà thầu, tổ, nhóm thi công, khối lượng thực hiện, tiến độ thực tế, tóm tắt tình hình thi công. - sắp xếp, lưu trữ hồ sơ, bản vẽ, các biên bản họp, thông báo, v.v… - làm các thủ tục nghiệm thu các bên. cùng với các nhà cung cấp thực hiện việc đo đếm số liệu thực tế tại công trường. kiểm ký xác nhận số lượng hàng từ xưởng giao tới công trình. - và các công việc khác theo yêu cầu của ban lãnh đạo.","giới tính : nam, tuổi từ 25-35, tốt nghiệp:trung cấp trở lên. - kinh nghiệm: 01 - 03 năm ở vị trí tương đương - thành thạo: autocad, office. - thường xuyên có mặt làm việc tại công trình, không ngại đi công tác tỉnh ngoài tphcm","lương:thỏa thuận khi phỏng vấn ( dao động khoảng 10 triệu -20 triệu tùy theo năng lực) - được làm việc trong môi trường chuyên nghiệp, tận tâm và sáng tạo. - cơ hội phát triển lâu dài cùng một đội ngũ đam mê và gắn bó. - tham gia vào những công trình đẹp – chất – mang giá trị sống tích cực. - tham gia đầy đủ các chính sách phúc lợi bhxh, bhyt … theo quy định nhà nước - lương thưởng theo quy định chính sách công ty"
trợ lý giám đốc điều hành,"hỗ trợ lãnh đạo trung quốc quản lý công việc hàng ngày; - hỗ trợ giám sát, sắp xếp công việc, đảm bảo công việc hoạt động bình thường; - phụ trách phiên dịch liên quan tới công việc; - thực hiện các công việc do quản lý sắp xếp. - ưu tiên ứng viên gần khu vực vũ ninh, bắc ninh","kỹ năng tiếng trung tốt (nghe-nói-đọc-viết); - kỹ năng tư duy, quản lý thời gian tốt; - có trách nhiệm với công việc - ưu tiên các ứng viên sử dụng thành thạo tin học văn phòng và biết thêm tiếng anh - ưu tiên các ứng viên có kiến thức về xây dựng","lương tối thiểu 18 – 25tr tùy theo năng lực - lương thử việc = 100% lương chính thức - được hưởng đầy đủ chế độ đãi ngộ+được đóng bhxh sau 2 tháng thử việc - nhiều cơ hội phát triển phù hợp với định hướng (chuyên môn hoặc quản lý) thời gian làm việc: - thứ 2 - thứ 6 - thứ 7, chủ nhật và các ngày lễ tết nghỉ theo quy định của nhà nước"
dược sĩ cao đẳng (kho) - vinmec riverside,"hàng ngày theo dõi và ghi nhiệt độ, độ ẩm nơi bảo quản hàng hoá kiểm nhập hàng, ghi chép và lưu trữ sổ sách, chứng từ đúng, đủ theo quy trình quy định định kỳ báo cáo hàng cận hạn và chậm luân chuyển theo quy định sắp xếp, bảo quản, dán nhãn, vệ sinh hàng hoá theo sự phân công của dspt kho. khi có phiếu lĩnh, chuẩn bị hàng hoá và cấp phát cho các khoa phòng, đảm bảo đúng, đủ theo phiếu, theo đúng quy trình, quy định. các phiếu theo bệnh nhân cần được chia thuốc cho từng bệnh nhân khi phát hiện bất thường, sai sót trong sắp xếp và bảo quản hàng hoá so với quy định, báo cáo kịp thời cho dspt và thực hiện giải pháp xử lý theo phân công. hoàn thành chính xác và đúng hạn các báo cáo định kỳ theo quy định hoặc đột xuất khi được yêu cầu hoặc khi có vấn đề bất thường lập phiếu lĩnh bù tủ trực, phiếu lĩnh thường quy, đột xuất, phiếu hoàn trả thuốc/ hóa chất tại các khu vực điều trị người bệnh nội trú quản lý tủ trực khoa phòng theo phân công: sắp xếp, bảo quản, quản lý tồn kho, ghi chép nhiệt độ độ ẩm… tham gia trực dược thực hiện kiểm kê định kỳ/đột xuất theo phân công của dspt kho. kiểm soát tồn kho hệ thống đảm bảo thuốc/ hóa chất cung ứng kịp thời cho khoa lâm sàng nhận hoàn trả, kiểm soát thuốc biệt trữ và theo dõi trả vỏ từ khoa phòng quyết toán hàng hóa đầy đủ, báo cáo vấn đề bất thường trong kiểm nhập cho dspt thực hiện các công việc khác theo chỉ đạo của lãnh đạo","tốt nghiệp cao đẳng dược thành thạo tin học văn phòng: word, excel, powerpoint, outlook. có kinh nghiệm ít nhất 1 năm làm việc trong lĩnh vực dược (ưu tiên các ứng viên có kinh nghiệm làm việc ở vị trí tương đương) có khả năng giao tiếp bằng tiếng anh","laptop, chế độ bảo hiểm, du lịch, chế độ thưởng, chăm sóc sức khỏe, đào tạo, tăng lương, công tác phí, phụ cấp thâm niên, nghỉ phép năm"
hành chính nhân sự,kinh doanh chuyên bán hàng ol và quản trị làm việc 1 ngày 8 tiếng quản lý và giám sát các nhân viên,nhanh nhẹn hoạt bát biết sử dụng máy tính,hưởng tháng lương thứ 13 du lịch 1 năm 1 lần 1 tháng nghỉ 4 ngày chủ nhật không yêu cầu bằng cấp chế độ ưu đãi cty nhiệt tình chu đáo với các nhân viên
nhân viên kỹ thuật cơ khí tại củ chi - không yêu cầu kinh nghiệm,"tiếp nhận, nghiên cứu và làm rõ các thông tin bản vẽ kỹ thuật, bản vẽ gia công cơ khí - dự toán, thống kê vật tư - kiểm tra chất lượng sản phẩm tại phân xưởng sản xuất với bản vẽ kỹ thuật - kiểm tra chất lượng các vật tư đầu vào,… đề xuất gđ các công việc liên quan tới kỹ thuật - phối hợp với các bộ phận xử lý các phát sinh liên quan (nếu có) - sửa chữa máy móc khi gặp sự cố - các công việc khác theo sự phân công của giám đốc.","nam tốt nghiệp cao đẳng, đại học ngành kỹ thuật cơ khí, xây dựng - ưu tiên sinh viên mới ra trường, có tinh thần cầu tiến, ham học hỏi, không cần kinh nghiệm, sẽ được đào tạo khi nhận việc - được training các kỹ năng bản vẽ, autocad, inventor, solid","mức lương: 10-16 triệu - thưởng lễ, thưởng tết theo quy định công ty - các chế độ nghỉ lễ, thưởng, bhxh,... theo quy định của nhà nước"
nhân viên hành chính - tiếng trung (quận 7),1. tạo hạn mức trên hệ thống. 2. phân tích báo cáo tài chính của khách hàng. 3. lập tài liệu đánh giá tín dụng. 4. biên soạn tài liệu họp tín dụng.,"1. tốt nghiệp cao đẳng/ đại học trở lên chuyên ngành kế toán, tài chính, ngân hàng... 2. tiếng trung thành thạo 4 kỹ năng, tiếng anh giao tiếp. 3. ưu tiên có kinh nghiệm làm việc tại công ty tài chính đài loan, hoặc du học sinh từng học chuyên ngành kế toán tài chính, biết làm báo cáo kế toán, tín dụng...",cơm trưa: 50k/ngày laptop chế độ bảo hiểm phụ cấp xe đưa đón đồng phục chế độ thưởng chăm sóc sức khỏe đào tạo tăng lương công tác phí nghỉ phép năm
nhân viên tư vấn bán hàng - không yêu cầu kinh nghiệm (phỏng vấn nhận việc ngay),"gọi điện tư vấn sản phẩm theo data khách hàng chất lượng được cung cấp từ đội marketing - tư vấn các sản phẩm đất nền, nhà phố do chính công ty làm chủ đầu tư tới khách hàng tiềm năng - hỗ trợ khách hàng các công tác liên quan đến hợp đồng mua bán - chăm sóc khách hàng sắp mua và đã mua sản phẩm - làm việc tại văn phòng, môi trường công sở địa điểm làm việc - hồ chí minh: 147 quốc lộ 13, bình thạnh - hồ chí minh: 27 lê trung nghĩa, tân bình - bình phước: a7-19-t đường n1, khu đô thị phức hợp cảnh quan cát tường phú hưng, x.tiến hưng, tp đồng xoài","có kinh nghiệm là một lợi thế (không có kinh nghiệm sẽ được công ty đào tạo) - chấp nhận sinh viên đang chờ bằng - khả năng thích nghi và làm việc nhóm tốt - chăm chỉ, nhiệt tình, ham học hỏi, có tinh thần cầu tiến - đam mê kinh doanh và kiếm tiền - giao tiếp tốt, nhiệt tình, có khả năng xử lí vấn đề - chịu được áp lực trong công việc","lương cứng lên đến 8tr + hoa hồng + thưởng nóng + phụ cấp đầy đủ. thu nhập lên đến 100tr (cao nhất thị trường) - được hỗ trợ chi phí marketing hàng tháng và data khách hàng từ công ty. - được đào tạo chuyên nghiệp và liên tục từ các giám đốc giàu kinh nghiệm uy tín nhất - hưởng đầy đủ quyền lợi bhxh, bhyt, bhtn và ký hđlđ sau 2 tháng làm việc - tham gia khám sức khỏe hàng năm do công ty tổ chức - các chương trình du lịch nghỉ dưỡng, team building hàng năm - thưởng tháng, quý, tết + thưởng nóng từng đợt bán hàng (vàng, xe, tiền mặt,...) => thu nhập không giới hạn - môi trường làm việc năng động, chuyên nghiệp, gắn kết, hỗ trợ nhau như một gia đình - cơ hội phát triển chuyên nghiệp và cơ hội thăng tiến cao - và nhiều chính sách hỗ trợ khác cho nhân viên (hỗ trợ mua sản phẩm công ty với chính sách ưu đãi,...)."
nhân viên phục vụ nhà hàng,"✅ part time: (7h-12h, 12h-18h, 18h-23h) - vị trí chảo: 22k/h - vị trí phục vụ: 18-20k/h ✅ full time (7h-21h) - 7h-21h lương khởi điểm 6,5m + được off 2 buổi mỗi tháng.","nhanh nhẹn, có kinh nghiệm phục vụ là một ưu tiên",✅ quyền lợi: - sắp xếp ca linh hoạt hàng tuần cho các bạn sinh viên cân đối lịch làm phù hợp với lịch học. - mức lương sẽ được tăng theo năng lực làm việc và theo thâm niên 6 tháng/lần. - được hỗ trợ các bữa ăn. liên hệ 0933 80 3333 hoặc inbox fanpage để nhận lịch phỏng vấn trực tiếp. ( photo cccd + cv)
nhân viên quay dựng / video editor,"phụ trách quay phim và phối hợp với các bộ phận liên quan để biên tập nội dung video, phục vụ cho hoạt động truyền thông, giới thiệu sản phẩm trên các kênh: youtube, facebook, tiktok… - phối hợp cùng bộ phận media để biên tập và dựng các các video giới thiệu sản phẩm, sự kiện… của công ty. - thực hiện quay phim, dựng tvc, phóng sự, video viral, livestream…. - dựng các intro, trailer về sản phẩm - xây dựng được nội dung, số lượng cũng như đảm bảo chất lượng của video/ hình ảnh. - lên ý tưởng video/ hình ảnh độc đáo phục vụ quảng bá cho sản phẩm của công ty - báo cáo công việc. - xử lý các công việc khác theo yêu cầu của cấp trên.","kinh nghiệm: từ 1-3 năm trong lĩnh vực truyền thông, sản xuất video - ưu tiên khả năng tự quay và dựng clip; - có khả năng sáng tạo, ưu tiên có thể lên kịch bản video marketing; - sử dụng tốt các loại máy ảnh, máy quay phim bán chuyên; - có khả năng biên tập, có kỹ thuật quay phim; - mắt thẩm mĩ cao, phong cách sáng tạo đa dạng; - thành thạo tin học văn phòng - nhanh nhẹn, trung thực, chăm chỉ, nhiệt tình, chịu áp lực công việc tốt. - ưu tiên ứng viên đã từng làm việc tại các công ty xây dựng.","thu nhập: 12.000.000 – 15.000.000 vnđ + phụ cấp ăn trưa - môi trường làm việc trẻ, năng động, nhiệt huyết, hoà đồng và thúc đẩy tính sáng tạo; - cơ hội thăng tiến và phát triển bản thân; - tham gia bảo hiểm xã hội, phép năm, hưởng các khoản phụ cấp theo quy định; - tham gia các hoạt động giao lưu của công ty như du lịch, workshop, liên hoan, …; - thời gian làm từ thứ 2 - thứ 6 (và 2 thứ 7 một tháng); từ 8h00-17h30 - được trang bị đầy đủ các trang thiết bị phục vụ cho công việc."
nhân viên kế toán,"kiểm soát chi phí, áp dụng quy trình thanh toán doanh nghiệp để xử lý các vấn đề thu chi tại doanh nghiệp. - theo dõi kiểm tra công nợ, thanh toán của khách hàng và nhà cung cấp. - theo dõi kiểm tra đối chiếu nhập xuất tồn kho. - theo dõi, cập nhật chứng từ, hóa đơn, in và lưu trữ sổ sách, dữ liệu kế toán theo quy định - công việc cụ thể sẽ được trao đổi khi phỏng vấn.","trung cấp , cao đăng hoặc đại học các trường liên quan đến chuyên ngành kế toán - nắm vững các nghiệp vụ kế toán - thành thạo các phần mềm kế toán word, excel - siêng năng, cẩn thận, trung thực - có tinh thần hợp tác và trách nhiệm cao trong công việc","thưởng lễ, tết, lương tháng 13 và các chế độ phúc lợi khác - hưởng các chế độ theo quy định lao động - thưởng theo năng lực - được làm việc trong môi trường năng động chuyên nghiệp, cởi mở"
[quảng nam - tp. hội an] nhân viên hỗ trợ thanh toán tại địa bàn,liên hệ trực tiếp với khách hàng trong khu vực được phân công để hướng dẫn thanh toán các khoản phí; hỗ trợ giải đáp thắc mắc có liên quan đến quá trình thanh toán của khách hàng; kiểm tra và gửi yêu cầu hỗ trợ những trường hợp đặt biệt khi nhận được thông tin của khách hàng; các công việc khác theo sự phân công của quản lý trực tiếp.,trình độ học vấn: tốt nghiệp ptth trở lên kinh nghiệm: có kinh nghiệm thu nợ là một lợi thế kỹ năng - kỹ năng giao tiếp - kỹ năng đàm phán - kỹ năng thuyết phục - kỹ năng vi tính văn phòng trình độ học vấn: tốt nghiệp trung học phổ thông trở lên. kỹ năng: kỹ năng giao tiếp; kỹ năng đàm phán; kỹ năng thuyết phục; kỹ năng vi tính văn phòng.,"lương tháng 13, thưởng theo thâm niên; ký hợp đồng lao động chính thức sau 2 tháng thử việc; chế độ bảo hiểm xã hội, bảo hiểm thất nghiệp, bảo hiểm y tế theo quy định nhà nước.; bảo hiểm tai nạn 24/24; khám sức khỏe định kỳ; nghỉ 15 ngày phép/năm; các hoạt động teambuilding hàng năm, các khóa đào tạo phát triển."
kế toán nội bộ - quận 4,"thu thập, xử lý thông tin, số liệu kế toán và các chứng từ kế toán thông qua các nghiệp vụ kinh tế phát sinh. - theo dõi và quản lý công nợ qua báo cáo của kế toán công nợ. đôn đốc thu hồi công nợ khách hàng - theo dõi và tính toán giá thành sản xuất thực tế theo từng sản phẩm. - kiểm tra và giám sát việc luân chuyển hàng tồn kho - tính lương cho cán bộ, công nhân viên và các khoản trích theo lương. - tính và trích chi phí khấu hao tscđ. hạch toán khoản trích khấu hao đó. - theo dõi và lập báo cáo nội bộ. - làm các công việc hướng dẫn bới kế toán trưởng","độ tuổi: dưới 29 tuổi - có kinh nghiệm làm việc công ty bán buôn bán lẻ - có kỹ năng giao tiếp với khách hàng, đồng nghiệp, đối tác. - có kinh nghiệm về bán hàng, kiểm tra hồ sơ chứng từ mua bán - tính cách: cẩn thận, chịu khó, có tinh thần học hỏi - tiếng anh cơ bản","mức thu nhập net: 8 triệu + hoa hồng - đầy đủ chế độ bảo hiểm theo quy định bhxh, bhyt, bhtn... - chế độ khen thưởng và phúc lợi: lễ, tết, lương tháng 13 - môi trường làm việc năng động - được hưởng chế độ nghỉ phép năm (12 ngày phép/năm) - chế độ xem xét tăng lương mỗi năm một lần - hoa hồng hưởng theo doanh số công ty (kế toán không đi sale)"
nhân viên phòng kỹ thuật,"theo dõi sản xuất: kiểm tra men mặt, men lót, thử mẫu, theo dõi đổi mẫu. thử nghiệm nguyên liệu, công thức mới.","tốt nghiệp trung cấp trở lên các ngành hóa. ưu tiên ứng viên có kinh nghiệm làm gạch men, gốm sứ.","được nâng lương hàng năm. được thưởng lương tháng 13. được khám sức khỏe, khám bênh nghề nghiệp theo vị trí công việc được giao. được hưởng cách chế độ về ma chay, hiếu hỉ theo thảo ước lao động tập thể. được bồi dưỡng ca đêm. các chế độ khác heo quy định chung của công ty. chi tiết trao đổi ở buổi phỏng vấn."
nhân viên kế hoạch phát triển sản phẩm,"nhiệm vụ 1: tham gia cùng quản lý đề xuất sản phẩm mới (30%) trong đó: 20% cập nhật xu hướng sản phẩm gia dụng thị trường trung quốc, đánh giá tính phù hợp của sản phẩm ở thị trường việt nam và phù hợp định hướng của công ty, đề xuất phát triển sản phẩm mới 80% tiếp nhận sản phẩm mới đề xuất từ quản lý, tham gia đánh giá và đề xuất bao gồm: - thu thập ý kiến phản hồi về chất lượng sản phẩm - phối hợp thu mua nhập khẩu tìm mẫu thực tế, quản lý hàng mẫu mua về - phối hợp bộ phận liên quan ước tính giá vốn sản phẩm, đánh giá tính phù hợp, tiềm năng thị trường và tính khả thi của sản phẩm, đưa ra ý kiến đề xuất nhiệm vụ 2: lập kế hoạch hoàn chỉnh theo dõi tiến độ phát triển sản phẩm (50%) sau khi chốt triển khai sản xuất sản phẩm mới, tiến hành lập kế hoạch các bước, timeline, bộ phận phụ trách, deadline…. từ khâu lên bản vẽ thiết kế, sản xuất khuôn, nguyên vật liệu, thử mẫu đầu, bao bì, …. · làm việc các bộ phận liên quan để lập kế hoạch timeline hoàn chỉnh · theo dõi, đốc thúc các bộ phận liên quan thực hiện đúng tiến độ, báo cáo cho quản lý · phối hợp điều chỉnh, xử lý các vấn đề phát sinh để đảm bảo tiến độ: góp ý thiết kế mẫu mã, chất lượng sản phẩm, thông tin trên bao bì, ấn phẩm của sản phẩm mới … nhiệm vụ 3: hoàn tất hồ sơ để đưa vào sản xuất hàng loạt (10%) · lập hồ sơ tiêu chuẩn, quy trình và văn bản liên quan · thực hiện các thủ tục kiểm định và test chứng nhận liên quan đến sản phẩm. · tạo mã code và quản lý danh mục mã code. nhiệm vụ 4: các công việc phát sinh theo sự sắp xếp của quản lý (10%)","tốt nghiệp cao đẳng trở lên các ngành khối kinh tế - kỹ năng tìm kiếm sản phẩm, phân tích, lập kế hoạch, báo cáo - ưu tiên từ 1 năm kinh nghiệm ở vị trí tương đương, nếu chưa có kinh nghiệm thì cần có tư duy, kiến thức nền tảng - tuổi từ 22-35 - tư duy sáng tạo, tinh thần trách nhiệm cao, cập nhật xu hướng thị trường","time làm việc 8:00 - 17:00 - đóng bhxh ngay khi ký hợp đồng chính thức, mỗi tháng 1 ngày phép năm, nghỉ lễ tết theo quy định hiện hành - khám sức khỏe định kỳ hàng năm, teambuilding hàng năm - mỗi năm xét tăng lương 1 lần - cơ hội thăng cấp sau 6 tháng nếu đạt kết quả làm việc tốt"
senior ads operations executive,"we are looking for a senior ads operations or expert to join our team in hanoi, vietnam. this person will handle setting up new digital campaigns, monitor & report campaigns’ performance. respond to optimize & maximize campaign’s performance. in this position, you collaborate with internal teams from several areas, such as marketing, social and creative, to enhance the complete customer experience. job responsibilities & duties: assist in troubleshooting technical issues analyze data and prepare insightful reports evaluate the effectiveness of campaigns in order to inform future campaigns support with other ad operations tasks when required actively monitor campaign kpis via platform’s dashboard and reporting responsible for campaign set- up, optimization and ensure that the campaigns deliver and meet the kpis across digital advertising platforms (google ads, facebook, dv360, apm, native, linkedin…). check if campaign pixels are implemented correctly on client websites","proactive and willing to learn at least 2- 4 years of working experience as ad operations in well recognized company/ corporation detailed- oriented, well organized with a good sense of responsibility possess logical reasoning skills with numerical ability excellent teamwork and ability to adapt good command of english good knowledge in display, video, social and search advertising (sem, display network, video network, facebook, tag management, etc) a bachelor’s degree from a recognized university knowledge in analytics tools (google analytics) & measurement tools (campaign manager, sizmek, appsflyer) would be a plus experience in google ads, facebook ads","chế độ bảo hiểm, du lịch, đồng phục, chế độ thưởng, chăm sóc sức khỏe, đào tạo, tăng lương, nghỉ phép năm"
trợ lý tư vấn du học - telesales,"hỗ trợ tư vấn và chăm sóc các khách hàng quan tâm (được đào tạo) biên – phiên dịch hoàn thiện hồ sơ nhập học và thị thực (được đào tạo) tổ chức, tham gia và thực hiện các hoạt động quảng bá; sự kiện tuyển sinh và chăm sóc khách hàng trước, trong và sau khi sử dụng dịch vụ những nhiệm vụ khác theo sự phân công của quản lý","tốt nghiệp cao đẳng, ưu tiên khối ngành tiếng anh hoặc có bằng cấp và kinh nghiệm tương đương nhiệt tình, cẩn thận, yêu thích công việc tư vấn du học, chăm sóc khách hàng, hướng nghiệp ngoại hình chuyên nghiệp, có kỹ năng giao tiếp, làm việc nhóm, đàm phán và thuyết trình nhanh nhẹn, tư duy sắc sảo, có khả năng phân tích và đánh giá tốt kỹ năng sắp xếp hồ sơ khoa học, rõ ràng và thời gian biểu hợp lý sức khoẻ tốt, thích du lịch và trải nghiệm, có thể đi công tác trong và ngoài nước khi được yêu cầu sử dụng thành thạo máy vi tính, mạng xã hội, khả năng tìm kiếm thông tin, thích đọc và nghiên cứu","làm việc trong môi trường năng động, thân thiện và chuyên nghiệp được đào tạo thường xuyên để nâng cao chuyên môn và kỹ năng thời gian làm việc: 7,5 giờ/ngày, 5ngày/tuần. tăng lương định kỳ theo quy chế công ty được hưởng đầy đủ quyền lợi theo đúng quy định luật lao động (bhxh, nghỉ lễ tết…) và các chế độ phúc lợi khác như nghỉ mát trong hoặc ngoài nước, thưởng lễ tết, khám sức khỏe và tiêm chủng hàng năm được chủ động lên kế hoạch, nêu lên ý tưởng và sáng tạo thực hiện miễn mang lại hiệu quả cho công việc"
iot staff (lập trình iot),"good skill circuit drawing (orcad, altium, proteus, ...). - understanding architecture of mcu : pic, atmel, stm, arduino kit... - proficient in c and c++ programming for mcu ( pic, atmel, stm, arduino kit...). - code good programming by arduino ide. - have good programming algorithm thinking. - know the skills of iot programming. - job location: 2a street no 8, song than 1 ip, di an, binh duong",graduate degree in any of the follow majors: + electrical engineering + electronics + automation. + electronics and telecommunications. + information technology. - ability to communicate in english - both written and verbal - 1-2 years of experience of working with similar positions,"salary: 10 ~15mil - annual leave 12 days, annual trip - bonus: 1.5 monthly basic salary / year on liberation day ( april 30th ) , independence day (september 02nd ) and lunar new year - paid insurance fully under labor law - year end party - annual company trip - regular internal activities - others subsidy: according to company regulations and labor law - participate in internal training courses - opportunities to promote to higher positions. - top management are open-minded, respectful and ready to facilitate personal growth - young and dynamic working environment - scope of work is large"
nhân viên giao hàng tại hà nội,"sáng đến kho nhận hàng rồi đi giao cho khách. hàng chủ yếu là hàng từ các shop online (quần áo, mỹ phẩm, giày dép...) - lấy hàng tại tuyến được phân công sẵn. chạy theo tuyến cố định các phường : tây mỗ, xuân phương, phương canh, mỹ đình, phú đô. - chịu trách nhiệm về hàng hóa từ khi nhận đến khi bàn giao cho khách hàng/bưu cục chuyển; - thời gian làm việc từ 7h00 - 17h thời gian làm việc linh hoạt","có xe gắn máy và điện thoại hệ điều hành android - nam/nữ 18 - 40 tuổi - bằng cấp không yêu cầu, không tiền án tiền sự - chưa có kinh nghiệm sẽ đc đào tạo - hồ sơ yêu cầu bắt buộc phải có căn cước công dân bản cứng và vneid định danh mức 2 ứng tuyển qua email hoặc liên hệ số điện thoại anh hiệu 0971863443","thu nhập từ 15-30 triệu/tháng có thể cao hơn tuỳ theo năng lực - bảo hiểm tai nạn trong giờ làm việc lên đến 50 triệu. - hưởng bhxh theo luật định khi đủ thâm niên làm việc. 142 hồng đô, phường phú đô, quận nam từ liêm, hà nội"
chuyên viên quan hệ khách hàng cá nhân / doanh nghiệp tại hà nội,"kế hoạch kinh doanh: – thực hiện kế hoạch kinh doanh của bộ phận. – tìm kiếm, khai thác khách hàng. cung cấp dịch vụ; – thực hiện cung cấp các sản phẩm tín dụng, huy động; dịch vụ thẻ, thanh toán quốc tế... của ngân hàng tới đối tượng khách hàng nhanh chóng, chính xác, an toàn với chất lượng phục vụ tận tình, chu đáo. thẩm định tín dụng: – xác minh, thẩm định các hồ sơ vay, bảo lãnh; đề xuất ý kiến về cấp phát tín dụng, gia hạn và bảo lãnh.","kiến thức: – trình độ: tốt nghiệp cao đẳng trở lên. – chuyên ngành: kinh tế, quản trị kinh doanh, tài chính, ngân hàng... – ngoại ngữ: chứng chỉ tiếng anh trình độ b trở lên. – vi tính: sử dụng thành thạo tin học văn phòng. – có khả năng tạo dựng và phát triển các mối quan hệ phục vụ hoạt động kinh doanh. độ tuổi, giới tính, sức khỏe, lý lịch: – giới tính: nam/nữ. – độ tuổi: không quá 35 tuổi. – sức khỏe tốt, ngoại hình cân đối. – có lý lịch rõ ràng, đạo đức tốt kinh nghiệm: – ít nhất 01 năm kinh nghiệm làm việc trong lĩnh vực tín dụng, kinh doanh, bán hàng trực tiếp trong lĩnh vực tài chính ngân hàng. ưu tiên ứng viên ở vị trí tương đương các ngân hàng khác, kết quả làm việc tốt, không vi phạm kỷ luật. – am hiểu tình hình kinh tế, xã hội của địa bàn được phân công.","được tham dự các lớp đào tạo nhà quản lý chuyên nghiệp để phát triển nghề nghiệp; chế độ phép năm, lễ, tết, bảo hiểm theo quy định pháp luật, bảo hiểm chăm sóc sức khỏe theo quy định của kienlongbank; được hỗ trợ chi phí xăng xe, tiền điện thoại, chế độ công tác,... được thưởng theo kết quả thu hồi nợ, hiệu quả kinh doanh, các khoản chi bổ sung theo kết quả hoạt động của đơn vị và kết quả công việc của cá nhân; thưởng tháng 13, các khoản thưởng năm, lễ, tết theo tình hình thực tế của ngân hàng."
nhân viên kỹ thuật bê tông,"thực hiện nghiên cứu ứng dụng nguyên vật liệu mới. cải tiến thiết kế định mức cấp phối bê tông mới, các quy định hướng dẫn sản xuất, hướng dẫn vận hành. thực hiện theo dõi tổng hợp báo cáo công tác thí nghiệm. thực hiện theo dõi và hướng dẫn công nhân thí nghiệm hàng ngày. yêu cầu công việc: nam, tốt nghiệp cao đẳng trở lên ngành kỹ thuật xây dựng, kinh tế xây dựng, xây dựng giao thông- cầu đường, các ngành liên quan. khả năng đàm phán, thuyết phục khách hàng. làm việc tại xí nghiệp cống bê tông (kp cây chàm, p. thạnh phước, tp. tân uyên)","nam, tốt nghiệp cao đẳng trở lên ngành kỹ thuật xây dựng, kinh tế xây dựng, xây dựng giao thông- cầu đường, các ngành liên quan.","tham gia bhxh, bhyt, bhtn- bh con người thưởng các dịp lễ tết, thưởng quý nghỉ mát hàng năm nghỉ hường lương ngày sinh nhật, thăm hỏi hiếu hỉ"
nhân viên pmc (theo dõi kế hoạch sản xuất),* kế hoạch sản suất 1. lập kế hoạch sản xuất 2. quản lý và theo dõi kế hoạch sản xuất được diễn ra đúng tiến trình 3. làm báo cáo và xử lý các vấn đề liên quan (nếu có),"+ tốt nghiệp cao đẳng. + ưu tiên ứng viên có trên 1 năm kinh nghiệm liên quan + giao tiếp tiếng trung trên trung bình. + sẵn sàng làm thêm giờ. + sử dụng tốt tin học văn phòng (đặc biệt là word, excel, pp). + nhiệt tình và có khả năng làm việc ở cường độ cao.","ø tham gia bhxh, các ngày nghỉ theo luật. ø khám sức khỏe định kỳ hằng năm. ø lương thưởng tháng 13. thưởng theo doanh thu công ty. ø tổ chức team building hằng quý."
video editor (thu nhập lên tới 15 triệu),"quay chụp, dựng video, chụp ảnh, cắt ghép các clip để tạo thành 1 clip hoàn chỉnh. - xây dựng các clip quảng cáo, clip viral, video giới thiệu sản phẩm, mô tả sản phẩm. - sáng tạo các nội dung video mới theo trend và định hướng của tổ chức. - chỉnh sửa, tạo hiệu ứng để hoàn chỉnh các video, clip theo yêu cầu của công ty. - phối hợp bộ phận marketing và các bộ phận liên quan xây dựng và phát triển hình ảnh công ty.","tốt nghiệp trung cấp, cao đẳng, đại học trở lên. - ưu tiên người có kinh nghiệm làm việc ở vị trí video editor hoặc tương tự từ 2 năm trở lên. - thành thạo các phần mềm dựng video: adobe premiere, after effect, auditions,... - biết sử dụng phần mềm photoshop, illustrator,.. - có khả năng tư duy, logic về hình ảnh, có kỹ năng lấy góc máy, ánh sáng, bố cục tốt là một lợi thế. - có kiến thức về kỹ thuật hình ảnh, ánh sáng, am hiểu về các thiết bị quay phim.","lương cơ bản : 10.000.000vnđ - 12.000.000vnđ + thưởng kpi - tổng thu nhập : lên tới 15.000.000vnđ - môi trường làm việc chuyên nghiệp, năng động, thân thiện. - được đào tạo nâng cao trình độ chuyên môn, được hưởng chế độ nghỉ phép, du lịch theo qđ công ty - đánh giá performance 2 lần một năm, xét tăng lương định kì. - các chế độ thưởng theo năng lực làm việc. - nghỉ các ngày lễ theo quy định nhà nước. - tham gia chế độ bhxh, bhyt, bhtn, và các chế độ đãi ngộ khác theo quy định của nhà nước và của công ty."
[đà nẵng] asm quản lý trình dược viên miền trung,"01 quản lý trình dược viên địa bàn (đà nẵng,quảng nam, quảng ngãi, huế) - xây dựng, phát triển hệ thống nhà phân pp quản lý nhân sự, phát triển đội ngũ trình dược viên theo kế hoạch ban tgđ đã duyệt. - xây dựng, phát triển hệ thống kênh phân phối, đưa ra mục tiêu và dự báo doanh số. - lập kế hoạch, kiểm soát, đánh giá tiến độ thực hiện doanh số/ doanh thu của khu vực - kế hoạch đẩy mạnh sản phẩm theo các kênh tiếp thị hiện hữu và các kênh mới. - phân tích thị trường, đối thủ cạnh tranh, thường xuyên cập nhật thông tin để kịp thời xử lý. - giám sát quy trình chăm sóc khách hàng, dịch vụ hậu mãi, xây dựng quy trình hướng dẫn nhân viên giải quyết các khiếu nại của khách hàng. - lãnh đạo và quản lý đội ngũ bán hàng để đạt được các mục tiêu của công ty: doanh thu, độ phủ, trưng bày, ngân sách…","nam, tuổi từ 35 - tốt nghiệp cđ/đh - có ít nhất 2 năm kinh nghiệm ở vị trí tương đương, ưu tiên ứng viên nhiều kinh nghiệm trong lình vực dược phẩm kênh otc, etc - chấp nhận thường xuyên đi công tác xa, dài ngày.","hưởng đầy đủ các chế độ theo luật lao động; - lương cứng: 15.000.000 đồng - lương cứng + thưởng doanh số đạt; - hỗ trợ 100% chi phí công tác, đi lại; - được sử dụng ô tô công ty phục vụ các công việc giao dịch, ký hợp đồng, công tác. thị trường đã có địa bàn sẵn, và bộ phận tuyển dụng hỗ trợ nhân sự liên tục"
nhân viên cơ điện tại việt - úc quảng ninh,"1.1. thực hiện theo kế hoạch bảo trì định kỳ. - xây dựng kế hoạch chi tiết bảo trì định kỳ các máy móc, thiết bị điện/nước toàn công ty - dự trù vật tư, thiết bị phục vụ công tcs bảo trì thiết bị theo kế hoạch - triển khai bảo trì thiết bị đúng kế hoạch đã xây dựng - lập sổ theo dõi quá trình sử dụng và bảo trì các thiết bị. 1.2.trách nhiệm chính trong việc sửa chữa toàn bộ thiết bị điện/nước tại công ty - trong quá trình sử dụng, các thiết bị máy móc hư hỏng đột xuất báo cáo trực tiếp giám đốc điều hành và xin phướng án sửa chữa kịp thời - hạng mục công việc thuộc phạm vi bảo trì, sửa chữa: + điện chiếu sáng + điện sinh hoạt + điện sản xuất + sửa chữa cơ khí, hàn + hệ thống đường nước 1.3.triển khai kiểm kê tài sản là máy móc, thiết bị căn cứ sổ theo dõi quá trình sử dụng và bảo dưỡng máy móc, thiết bị. định kỳ hàng tháng phối hợp cùng tổ trưởng và các thành viên trong tổ, triển khai kiểm kê, ghi nhận số lượng,. tình trạng hoạt động của các máy móc, thiết bị, cụ thể: - số lượng đầu kỳ - số lượng cuối kỳ - số lượng hao hụt, lý do hao hụt (mất, hư hỏng...) - số lượng phát sinh (mua mới, điều chuyển...) - tình trạng các máy móc, thiết bị tại thời điểm kiểm tra (cuối kỳ) - lập biên bản đối với các máy móc thiết bị hết kháu hao sử dụng.... yêu cầu công việc: - trình độ chuyên môn: tốt nghiệp trung cấp/ cao đẳng/ đại học chuyên ngành điện, điện công nghiệp, điện - điện tử, .... - có kỹ năng làm việc nhóm và làm việc độc lập. - có kinh nghiệm từ 01 năm trở lên","trình độ chuyên môn: tốt nghiệp trung cấp/ cao đẳng/ đại học chuyên ngành điện, điện công nghiệp, điện - điện tử, ....","thu nhập hấp dẫn: lương theo năng lực, lương tháng 13, thưởng lễ, tết, thưởng năm - hỗ trợ ăn và chỗ ở - bảo hiểm 24/24 - các chính sách bảo hiểm bắt buộc và phúc lợi theo quy định của nhà nước"
thực tập sinh rpa developer,"tham gia thiết kế, phát triển và kiểm thử các giải pháp tự động hóa quy trình bằng robot (rpa) trên các nền tảng như uipath, akabot, blue prism. phối hợp với nhóm business analyst (ba) để tiếp nhận yêu cầu và hỗ trợ xây dựng giải pháp phù hợp. hỗ trợ thiết kế và phát triển robot theo hướng dẫn của đội ngũ kỹ thuật. tham gia vào các dự án thực tế về tự động hóa.","sinh viên năm cuối hoặc đã tốt nghiệp chuyên ngành công nghệ thông tin, khoa học máy tính, hệ thống thông tin quản lý hoặc các ngành liên quan. có kiến thức cơ bản về lập trình (c/c++, python, java, .net, vb script, ruby,...). hiểu biết về ui, api, cơ sở dữ liệu là một lợi thế. kỹ năng giao tiếp tốt bằng tiếng anh. có tinh thần học hỏi, chủ động và sẵn sàng thử thách với công nghệ mới. kỹ năng yêu cầu: lập trình, c/c++, python, java, .net, vb script, ruby, ui, api, cơ sở dữ liệu, tiếng anh","được đào tạo bài bản về rpa và các công nghệ liên quan trong 3 tháng. cơ hội trở thành nhân viên chính thức hoặc ctv sau thời gian thực tập. thực hành thực tế trong các dự án tự động hóa tại fpt is. phát triển kỹ năng chuyên sâu, tham gia các khóa đào tạo nội bộ và các chương trình phát triển tại fpt."
kiến trúc sư thiết kế công trình xây dựng,"lên phương án tổng mặt bằng, mặt bằng các dự án triển khai phối cảnh 3d theo yêu cầu. triển khai bản vẽ chi tiết thi công. hoàn thiện hồ sơ kĩ thuật hoàn chỉnh theo yêu cầu kiểm soát hồ sơ thiết kế và phối hợp cùng các bộ phận khác. thực hiện các công việc khác được giao","tốt nghiệp chuyên ngành kiến trúc đại học kiến trúc, xây dựng,… thành thạo các phần mềm chuyên ngành như autocab, sketchup, … có kinh nghiệm trên 5 năm trở lên, ưu tiên ứng viên có kinh nghiệm làm dự án vốn ngân sách nhà nước như: trụ sở, trường học, công trình văn hóa…. ưu tiên ứng viên có chứng chỉ hành nghề xây dựng, kỹ năng thuyết trình,… trung thực, nhiệt huyết, gắn bó lâu dài.","mức lương 15-20 triệu tùy năng lực được làm việc trong môi trường chuyên nghiệp, năng động, hiện đại. có cơ hội học hỏi, trau dồi kiến thức từ những chuyên gia có kinh nghiệm và phát triển bản thân. được hưởng đầy đủ các chế độ của người lao động theo quy định của nhà nước. được tham gia đầy đủ bhxh, bhyt, bhtn ngay sau khi được tuyển dụng chính thức đi du lịch hàng năm cùng công ty"
nhân viên tư vấn trả góp tại cửa hàng điện thoại / xe máy,"tư vấn, cung cấp bán các sản phẩm và dịch vụ trực tiếp của công ty. - tương tác khách hàng, hợp tác với các đơn vị có liên quan nhằm tìm hiểu nhu cầu tín dụng của khách hàng và sử dụng các thông tin này để duy trì, cập nhật danh sách các khách hàng tiềm năng. - giới thiệu và tư vấn các sản phẩm cho kh tìm kiếm và gặp gỡ tại các điểm giao dịch. - quản lý, chăm sóc và duy trì mối quan hệ lâu dài với khách hàng. - kiểm soát điểm giao dịch, xây dựng hình ảnh hiệu quả trong điểm tư vấn, cửa hàng. hỗ trợ thủ tục, hồ sơ tín dụng cho khách hàng. - xây dựng mối quan hệ tốt và duy trì mức độ hài lòng với các đại lý/đối tác. - cập nhật thông tin khách hàng lên hệ thống quản lý của công ty",không có nợ xấu - được đào tạo thêm,"thu nhập > 15 triệu/tháng (lương cơ bản 5,100,000 vnđ + phụ cấp cơm + thưởng) - tham gia đầy đủ các chế độ bảo hiểm + gói bảo hiểm sức khoẻ. - hưởng 100% lương trong 2 tháng thử việc - 15 ngày phép/năm - bhyt, bhxh, bhtn ngay từ tháng thử việc. - nghỉ lễ tết theo quy định của nhà nước. - thưởng tết, thưởng các ngày lễ, các ngày đặc biệt của công ty. - được đào tạo hỗ trợ nghiệp vụ chuyên sâu từ cấp trên - luôn có cơ hội thăng tiến trong công việc nghề nghiệp - được cung cấp trang thiết bị đầy đủ để phục vụ công việc. - làm việc trong môi trường chuyên nghiệp, năng động, thân thiện"
telesales tư vấn khóa học spa,"khai thác dữ liệu data có sẵn và tư vấn khóa học phù hợp cho từng khách hàng. - hỗ trợ tổ chức thi xếp lớp, thu học phí và chuẩn bị các công việc cần thiết cho lớp khai giảng theo quy định và chỉ tiêu doanh số. - theo dõi, chăm sóc học viên và theo sát quá trình của lớp học. - các công việc khác theo yêu cầu của trưởng bộ phận","có kinh nghiệm sale, tư vấn từ 6 tháng, có kinh nghiệm mảng giáo dục, dược mỹ phẩm là lợi thế - giọng nói dễ nghe, kỹ năng giao tiếp và khả năng xử lý tình huống tốt; - có laptop cá nhân. - thành thạo tin học văn phòng.","thu nhập: từ 9.000.000 - 15.000.000đ, gồm lương cứng: 8.000.000 + thưởng kpi 3.000.000 vnd + thưởng % doanh thu - được cung cấp, hỗ trợ data.chính sách bán hàng linh hoạt, dễ chốt sale - được đào tạo bài bản bởi ban giám đốc giàu kinh nghiệm trong ngành - hỗ trợ chỗ ở tại ktx, ăn trưa tại bếp ăn công ty - trợ cấp chi phí điện thoại, công tác phí - được hưởng đầy đủ chế độ bhxh, thưởng lễ tết, nghỉ phép theo quy định nhà nước và công ty. review nâng lương định kỳ - môi trường làm việc năng động, tốc độ tăng trưởng nhanh, nhiều thử thách và cơ hội"
nhân viên đại lý tàu biển - môi giới hàng hải,"thực hiện công việc đại lý theo hợp đồng đại lý của công ty với chủ tàu, hoặc ủy quyền của chủ tàu. - thường xuyên giao dịch với chủ tàu, chủ hàng và các cơ quan chức năng liên quan. - lập dự toán cảng phí và các chi phí liên quan đến tàu báo công ty và chủ tàu. - lập báo cáo tình hình tàu làm hàng, cầu bến gửi chủ tàu. - làm thủ tục xuất, nhập cảnh cho tàu vào làm hàng và sửa chữa tại cảng. - lập và lưu hồ sơ cho từng chuyến hàng, tàu theo quy định của công ty. - phối hợp với kế toán theo dõi công nợ của các chuyến tàu / chủ tàu mà mình thực hiện. - gửi đơn chào hàng, chào tàu cho khách hàng theo hướng dẫn của công ty. - có khả năng marketing để mở rộng dịch vụ của công ty tại hải phòng và các địa bàn trong nước. - đón, tiếp khách theo yêu cầu chỉ định của công ty. - tham mưu cho lãnh đạo công ty về khách hàng tiềm năng chho dịch vụ giao nhận, đại lý – môi giới thuê tàu.","nam giới, tuổi từ 25~35 có tác phong và ý thức kỷ tốt. - tốt nghiệp đại học các ngành ngoại thương, hàng hải, ngoại ngữ , kinh tế… - có khả năng sử dụng tiếng anh trong giao dịch và đàm phán lưu loát, ưu tiên ứng viên biết tiếng trung quốc. - sử dụng thành thạo thiết bị văn phòng, các phần mềm ms word, excel, ms outlook, các phần mềm gửi, nhận email, chat (messenger, zalo, viber, whatsapp, line, wechat…..) - sẵn sàng tham gia các khóa đào tạo chuyên môn để nhận chứng chỉ đại lý, giao nhận, khai thuê hải quan (đối với ứng viên là sinh viên mới ra trường). - có khả năng chịu được thử thách và áp lực công việc cao, sẵn sàng làm việc ngoài giờ và công tác xa. - tác phong chuyên nghiệp, cẩn thận, ngăn nắp và ý thức trách nhiệm với công việc được giao. - ưu tiên ứng viên đang sinh sống hoặc làm việc hải phòng hoặc các vùng lân cận. - hồ sơ dự tuyển photo (bản sao y công chứng mới trong vòng 6 tháng nộp khi trúng tuyển) • 01 đơn xin việc có dán ảnh 3x4 ghi rõ vị trí dự tuyển; • 01 bản mô tả quá trình học tập và công tác; • 01 sơ yếu lý lịch có xác nhận của chính quyền địa phương nơi thường trú; • 01 chứng minh nhân dân/ căn cước công dân (rõ số)); • 01 ảnh 3x4 mới nhất (trong vòng 3 tháng) • 01 bản sao các văn bằng chứng chỉ liên quan (công chứng) • 01 giấy khám sức khỏe cấp quận/huyện mới nhất (trong vòng 3 tháng) - lưu ý: toàn bộ hồ sơ cá nhân không hoàn trả. ưu tiên ứng viên nộp hồ sơ sớm. khi nộp hồ sơ mang theo bản chính để đối chiếu.","lương cơ bản và thưởng theo doanh thu. thu nhập từ 10 triệu đồng/tháng trở lên - được thưởng theo định kỳ và cho các thành tích đóng góp cho công ty. - được tạo điều kiện để phát triển và thăng tiến. - được hưởng các chế độ bhxh, bhyt, nghỉ việc riêng, nghỉ phép năm, thưởng, trợ cấp... theo đúng bộ luật lao động. - môi trường làm việc năng động, có nhiều cơ hội học hỏi. - các chế độ đãi ngộ khác theo quy định của nhà nước và công ty."
chuyên viên tư vấn tuyển sinh,"tư vấn, chia sẻ và giải thích cho khách hàng về nội dung chương trình học, các khóa học và chính sách bán hàng của trung tâm - duy trì, phát triển khách hàng tiềm năng trong lĩnh vực kinh doanh của công ty","chuyên viên tuyển sinh + telesale marketing -không yêu cầu kinh nghiệm -nhanh nhẹn, chăm chỉ -phù hợp cho các bạn yêu thích bán hàng","quyền lợi: *xét lương 3 tháng một lần *mức lương cứng 6-9m + (%hoa hồng) *ưu tiên làm việc gần trung tâm khu vưc sống *đóng bhxh, bhyt đầy đủ. chê độ nghỉ lễ, đi du lịch hằng năm *cơ hội thăng tiến, phát triển cao."
nhân viên ie,"lập các bước công việc và xác định thời gian cho các công đoạn trên một sản phẩm của từng mã hàng. - phối hợp chung với bộ phận may mẫu và nhân viên kỹ thuật nhóm để nghiên cứu các cụm công đoạn mới. viết qui trình, thiết bị dùng cho từng công đoạn. - tính năng suất cho từng công đoạn sản xuất trong 1 giờ, năng suất bình quân cho một lao động, chuyền. - xác định thời gian sản xuất chuẩn. tính các loại gá lắp dùng cho đơn hàng (cho 1 chuyền). - lập bảng cân đối sắp xếp chuyền, theo dõi thời gian sản xuất thực tế và cân bằng chuyền.",tốt nghiệp cao đẳng trở lên - có kinh nghiệm khoảng 01 năm - có khả năng giao tiếp tiếng anh - có khả năng làm việc nhóm và làm việc độc lập,"được làm việc trong môi trường chuyên nghiệp ,năng động - có cơ hội thăng tiến trong công việc - được đánh giá tăng lương hàng năm - thưởng lương tháng 13 & phép năm - được tham gia bảo hiểm theo quy định của nhà nước - công ty có phát quà vào những ngảy lễ lớn trong năm"
[tp.hcm] chuyên viên quản lý khách hàng trọng điểm (pharmacy chain),"tìm kiếm và mở rộng khách hàng mới, tiến hành đàm phán các điều khoản thương mại để ký kết hợp đồng. - xây dựng chiến lược kinh doanh, marketing, listing hàng, chiến lược khuyến mãi, trưng bày đối với nhóm khách hàng phụ trách theo định hướng chung nhằm đạt được những mục tiêu của công ty đề ra. - thực hiện chỉ tiêu khoán doanh số cũng như các chỉ tiêu kpi về hoạt động bán hàng và marketing theo tháng/quý/năm. theo dõi, quản lý, thực hiện và thường xuyên tương tác với khách hàng về chỉ tiêu doanh số bán hàng để đảm bảo đạt được chỉ tiêu khoán của từng khách hàng. - xây dựng mối quan hệ với khách hàng, thu thập thông tin và yêu cầu từ khách hàng và truyền thông, phối hợp với nội bộ để cùng nhau xây dựng chiến lược hỗ trợ khách hàng. - hướng dẫn, phối hợp với các phòng ban, đơn vị liên quan để hoàn thành các thủ tục, chứng từ liên quan đến quá trình kinh doanh hoặc để hỗ trợ yêu cầu từ khách hàng. - thực hiện nghiên cứu thị trường, phân tích các chương trình, hoạt động của đối thủ để xây dựng chương trình khuyến mãi và thúc đẩy kinh doanh. - quản lý tiến độ thanh toán của khách hàng và các khoản chi trả khuyến mãi, thưởng, hỗ trợ cho khách hàng. - huấn luyện sản phẩm dhg đến nhân viên bán hàng của đối tác, khuyến khích nhân viên bán hàng tại điểm bán của khách hàng ưu tiên giới thiệu sản phẩm và chương trình khuyến mãi của dhg đến người tiêu dùng. - tối ưu hóa hình ảnh thương hiệu tại điểm bán của khách hàng để thu hút sự chú ý của người tiêu dùng, khuyến khích họ lựa chọn sản phẩm dhg. - địa điểm làm việc: 5b tôn đức thắng, phường bến nghé, quận 1, tp.hcm","tốt nghiệp đại học các ngành: chuyên ngành marketing, kinh tế, quản trị kinh doanh... - nam, nữ độ tuổi từ 23-35 tuổi. - có kinh nghiệm làm việc với khách hàng kênh hiện đại: chuỗi nhà thuốc, siêu thị, cửa hàng tiện lợi, cửa hàng chăm sóc sắc đẹp…. - chứng chỉ toeic 450, b1 hoặc tương đương, giao tiếp tốt - tin học văn phòng thành thạo - có kỹ năng đàm phán tốt - khả năng quản lý công việc, theo sát tiến độ công việc","thu nhập bao gồm: lương vị trí công việc, thưởng kpi, thưởng và các phúc lợi khác theo chính sách công ty; - chế độ công tác theo quy định (chi phí đi lại, điện thoại,….); - chế độ bhxh - bhyt – bhtn theo quy định của nhà nước; - cơ hội thăng tiến, nâng cao thu nhập cho người có năng lực, tâm huyết và gắn bó lâu dài"
chuyên viên tư vấn 100% data công ty cung cấp - không yêu cầu kinh nghiệm - quận 12,"gọi điện thoại tư vấn các sản phẩm theo data khách hàng tiềm năng của công ty (có sẵn kịch bản gọi) - tư vấn thông tin dinh dưỡng các sản phẩm chất lượng có tiếng của abbott như ensure, similac, grow,... ) - chăm sóc khách hàng, tư vấn, hướng dẫn khách hàng mua sản phẩm - cập nhật thông tin khách hàng lên hệ thống. - báo cáo công việc lên cấp trên trực tiếp. - giọng nói rõ ràng, lưu loát, có kỹ năng giao tiếp tốt, linh hoạt, nhanh nhẹn. - thái độ làm việc chăm chỉ, chịu khó, tinh thần ham học hỏi, nhiệt huyết trong công việc. - yêu thích công việc tư vấn, bán hàng, mong muốn kiếm thu nhập cao qua việc chốt sale. - không yêu cầu kinh nghiệm (được đào tạo bài bản các kỹ năng tư vấn, sale,...). - các ứng viên quan tâm vui lòng gửi hồ sơ trực tuyến qua hoặc liên hệ ms. thắm 0934697725 concentrix là một công ty hàng đầu thế giới của mỹ trong lĩnh vực dịch vụ chăm sóc khách hàng có mặt ở trên 44 quốc gia với tổng số nhân sự lên tới trên 250.000 nhân viên. concentrix việt nam luôn đầu tư và nỗ lực nhằm cung cấp môi trường tốt nhất như: cơ hội học hỏi & phát triển kết nối thường xuyên với nhân viên, tạo môi trường tốt để lắng nghe và tôn trọng tiếng nói nhân viên cũng như giá trị tập thể đầy đủ cơ hội phát triển nhân viên công nhận sự nỗ lực và sự cống hiến từ các cá nhân và tập thể sự khác biệt lớn khi có sự đồng hành tuyệt vời từ đội ngũ nhân viên concentrix. với sứ mệnh luôn chú trọng con người là nhân tố chủ lực, chính điều này đã trở thành một trong các yếu tố quan trọng giúp chúng tôi chiến thắng với giải thưởng cao quý và uy tín ""công ty có môi trường làm việc tốt nhất châu á năm 2020"" – được bình chọn bởi tạp chí hr asia - là một trong những ấn phẩm hàng đầu châu á dành cho hiệp hội nhân sự.","giọng nói rõ ràng, lưu loát, có kỹ năng giao tiếp tốt, linh hoạt, nhanh nhẹn. - thái độ làm việc chăm chỉ, chịu khó, tinh thần ham học hỏi, nhiệt huyết trong công việc. - yêu thích công việc tư vấn, bán hàng, mong muốn kiếm thu nhập cao qua việc chốt sale. - không yêu cầu kinh nghiệm (được đào tạo bài bản các kỹ năng tư vấn, sale,...).","lương cứng 7.220.000 + thưởng doanh số. thu nhập từ 10 - 15 triệu/đồng được hưởng chế độ bhyt, bhxh, bhtn theo quy định chương trình chăm sóc sức khỏe định kỳ hằng năm có cơ hội thăng tiến lên các vị trí cao hơn thử việc nhận 100% lương, được đào tạo bài bản các kỹ năng về sale, tư vấn khách hàng (lương được tính từ ngày đầu training thử việc)"
nhân viên bào chế - r&d (thuốc thú y - thủy sản),"thực hiện bào chế sản phẩm mới hoặc cải tiến sản phẩm thuốc thú y. soạn thảo các tài liệu liên quan đến việc phát triển sản phẩm mới ( tiêu chuẩn, nguyên liệu, bán thành phẩm, thành phẩm, quy trình công nghệ, hướng dẫn công việc… ). chịu trách nhiệm thực hiện các công việc được phân công. tuân thủ các quy trình khi thực hiện công việc được phân công.","thực hiện các công việc theo chức năng, nhiệm vụ được phân công. làm việc trực tiếp các bộ phận khác liên quan về các yêu cầu công việc hay cung cấp thông tin cần thiết liên quan đến công việc được giao. trình độ chuyên môn: tốt nghiệp chuyên ngành dược, dược thú y, hóa học, hóa dược kỹ năng làm việc độc lập và làm việc theo nhóm. có kinh nghiệm ít nhất 1 năm trong lĩnh vực bào chế, sản xuất thuốc thú y","thực hiện đầy đủ các chế độ về bhxh, bhyt, công đoàn thưởng tháng 13, thưởng lễ tết du lịch nghỉ mát hàng năm, quà sinh nhật, tham hỏi hiếu hỷ"
nhân viên kinh doanh,"• tư vấn, giải thích, chăm sóc cho khách hàng về dịch vụ do vtvcab đang cung cấp; • mặt hàng: viễn thông (internet và truyền hình) • tư vấn , đàm phán, thương lượng với khách hàng đang sử dụng dịch đăng kí thêm các dịch vụ gia tăng. • tìm kiếm khách hàng tiềm năng, chăm sóc khách hàng sau bán hàng và phát triển khách hàng mới chưa sử dụng dịch vụ vtvcab; • thiết lập mối quan hệ với khách hàng để hỗ trợ khách hàng trong quá trình sử dụng dịch vụ. • làm việc tại văn phòng hoặc theo yêu cầu, hướng dẫn của quản lý trực tiếp; • hướng dẫn khách hàng tổng đài báo hỏng để sửa chữa vtvcab miễn phí.","• nam tuổi từ 22-30 • có phương tiện di chuyển và smartphone; • đam mê kinh doanh và kiếm tiền, yêu thích công việc; • giao tiếp tốt, có kỹ năng thuyết phục khách hàng; • ngoại hình dễ nhìn, không nói ngọng, nói lắp; • cần cù chịu khó, không ngại công việc phải ra ngoài tư vấn kh tại nhà. • nhanh nhẹn, linh hoạt, giải quyết tình huống tốt. chịu được áp lực cao trong công việc.","• chưa có kinh nghiệm sẽ được đào tạo, tham gia khóa đào tạo nhân viên kinh doanh chuyên nghiệp, đầy thử thách ngay sau khi đậu phỏng vấn; • có nhân viên kèm việc 1 – 1 trong những tháng đầu tiên. đội ngũ nhân viên văn phòng, trưởng nhóm, trưởng phòng hỗ trợ nghiệp vụ. • gói thu nhập tương đương từ 8 - 20 tháng lương quy đổi (thưởng lương tháng 13, lương kinh doanh, ...). • lương cơ bản + hoa hồng + doanh thu. thu nhập hấp dẫn theo năng lực (thưởng theo doanh số, thưởng quý, thưởng tết không giới hạn); • chế độ nghỉ mát, du lịch hàng năm, nghỉ các ngày lễ tết, dịp đặc biệt của công ty. • sôi nổi các hoạt động văn hóa văn nghệ thể dục thể thao hấp dẫn: tân binh, 72 giờ trải nghiệm, teambuilding, thi trạng, hội làng, đá bóng, cầu lông, bơi lội, bóng bàn, bi-a... • cơ hội làm việc và thăng tiến ở các vị trí cấp cao, manager tại tổng công ty truyền hình cáp việt nam với hơn 5.000 nhân viên. • bảo hiểm đầy đủ theo luật của nhà nước việt nam • được làm việc trong môi trường trẻ trung, năng động và linh hoạt; • được đào tạo, học hỏi và phát triển bản thân, môi trường làm việc có nhiều cơ hội thăng tiến; mua sản phẩm công ty với giá ưu đãi"
chuyên viên tư vấn (giờ hành chính),"liên hệ khách hàng từ danh sách có sẵn để tư vấn sản phẩm về chế độ dinh dưỡng cho mẹ bầu, tư vấn về các sản phẩm sữa bột dành cho bé. - hướng dẫn khách hàng mua sản phẩm. - giới thiệu thêm các chương trình khuyến mãi, mã giảm giá đến cho khách hàng. - cập nhật các thông tin, báo cáo liên quan lên hệ thống.","tốt nghiệp thpt trở lên - giọng nói rõ ràng, lưu loát - giao tiếp tốt, có khả năng thuyết phục khách hàng - ứng viên có kinh nghiệm ít nhất 3 tháng ở các vị trí telesales, sales, cskh, tư vấn bán hàng, pg sữa…","thu nhập: từ 6tr - 15tr/tháng - tham gia đầy đủ chế độ bảo hiểm: bhxh, bhyt, bhtn - lương tháng 13 - xét tăng lương 1 lần/năm, lộ trình thăng tiến rõ ràng - quà cho nhân viên vào các dịp lễ, tết. - chương trình du lịch và các hoạt động team building hàng năm - trang bị đầy đủ trang thiết bị làm việc (máy tính/ điện thoại) - đào tạo nghiệp vụ và kỹ năng trước khi bắt đầu công việc"
kế toán trưởng - nhận việc ngay,"thực hiện theo dõi các công việc trong phòng kế toán: kế toán tiền mặt, ngân hàng; theo dõi công nợ, thanh toán của nhà cung cấp - theo dõi và giám sát các hoạt động kế toán hàng ngày tại công ty: kiểm tra doanh thu, tập hợp các khoản chi phí, định mức tính giá thành, cập nhật dữ liệu vào phần mềm kế toán. - theo dõi các khoản vay ngân hàng, làm hồ sơ vay vốn ngân hàng, báo cáo số liệu khi ngân hàng yêu cầu - kiểm tra các chứng từ, hạch toán kế toán trước lúc trình lên cấp trên phê duyệt - lập các báo cáo tài chính định kỳ (hàng tháng, quý, năm) theo yêu cầu quản lý của công ty - tổng hợp, phân tích số liệu và lập báo cáo - trực tiếp giám sát công tác hạch toán kế toán của công ty theo quy định của pháp luật - đảm bảo việc tuân thủ chặt chẽ các quy định, quy trình theo yêu cầu của giám đốc - chịu trách nhiệm trước hội đồng thành viên và ban giám đốc về quản lý tài sản, báo cáo tài chính của công ty - thực hiện các nhiệm vụ khác do ban giám đốc phân công. - trao đổi chi tiết trong buổi phỏng vấn......","*** yêu cầu trình độ: tốt nghiệp đại học chuyên ngành tài chính kế toán hoặc các ngành có liên quan. *** yêu cầu kinh nghiệm : 3 - 5 năm kinh nghiệm ở vị trí kế toán trưởng trong ngành sản xuất *** yêu cầu kỹ năng : - ưu tiên ứng viên có kinh nghiệm kế toán trưởng trong các ngành sản xuất (tối thiểu 3-5 năm) - nắm vững nghiệp vụ hạch toán kế toán. - thành thạo tin học văn phòng word, excel, ưu tiên ứng viên biết sử dụng phần mềm kế toán. - sử dụng thành thạo các thiết bị văn phòng như máy photo, fax, internet.. - độ tuổi tối đa 45 tuổi","lương thỏa thuận tùy theo năng lực. - mức thu nhập từ 13 triệu trở lên - lương tháng 13, được đáp ứng đầy đủ các chế độ theo quy định như bảo hiểm y tế, bh xã hội, công đoàn (được ký hợp đồng dài hạn và đóng bảo hiểm sau 2 tháng thử việc) - nghỉ và thưởng lễ tết , du lịch hàng năm. - được làm việc trong môi trường chuyên nghiệp, có cơ hội thăng tiến."
kế toán nội bộ - đi làm ngay,"* mô tả công việc: -tiếp nhận hồ sơ đề xuất, kiểm tra tính hợp lý của các dự án đang triển khai -lập chứng từ thu-chi hằng ngày. -đối chiếu, nhập chứng từ vào phần mềm kế toán. -báo cáo ngân quỹ, đối chiếu với thủ quỹ sổ quỹ hằng ngày. -báo cáo tình hình kinh doanh. -phối hợp các công việc liên quan đến ngân hàng, cơ quan thuế. -báo cáo thuế gtgt, thuế tncn hằng quý -thực hiện các nhiệm vụ khác do kế toán trưởng phân công * thời gian làm việc: từ thứ 2 đến thứ 7. sáng từ : 8h00 đến 12h00; buổi chiều từ 13h30 đến 17h00. (7,5 giờ/ngày) * địa chỉ làm việc: chi nhánh thủ đức : 1338 phạm văn đồng phường linh tây quận thủ đức, tp. hồ chí minh yêu cầu công việc:","giới tính : nữ, tuổi từ 22 trở lên -thành thạo vi tính văn phòng. -tốt nghiệp chuyên ngành : kế toán, kiểm toán, tài chính. -chăm chỉ, cẩn thận.","lương cơ bản chính thức từ 7,5 đến 10 triệu. -thưởng theo quý, 6 tháng,hằng năm; lương tháng 13, thưởng đột xuất. -được hưởng đầy đủ chế độ, quyền lợi của người lao động. -được đi du lịch hằng năm. -tạo điều kiện nâng cao kiến thức -tham gia các sự kiện với chủ đầu tư, đối tác để trao dồi kiến thức."
nhân viên kỹ thuật thi công tại hà nội,"khảo sát & thiết kế: đánh giá hiện trạng công trình, đo đạc, đề xuất giải pháp và bản vẽ thiết kế 2d,3d lên ý tưởng sản phẩm phù hợp với công trình - thi công & lắp đặt: triển khai bản vẽ thi công. phụ trách giám sát và kết hợp triển khai thi công sản phẩm tại công trường. - giám sát & kiểm tra: theo dõi tiến trình thi công, đảm bảo chất lượng, triển khai bàn giao vận hành cho khách hàng - bảo trì & sửa chữa: kiểm tra, khắc phục lỗi kỹ thuật, đưa ra các phương án sửa chữa và bảo hành sản phẩm - hỗ trợ khách hàng: hướng dẫn vận hành và giải đáp các vấn đề kỹ thuật liên quan. - địa điểm làm việc tại vpgd: số 32-lk 4, tổng cục 5,tân triều, thanh trì, hn","tốt nghiệp trung cấp, cao đẳng, đại học chuyên ngành xây dựng, kỹ thuật nhiệt, cơ khí, điện lạnh, hoặc các ngành liên quan. - ưu tiên ứng viên có kinh nghiệm 1-2 năm trong lĩnh vực thi công về xây dựng, các ứng viên mới được đào tạo về kỹ thuật và bán hàng - kỹ năng đọc bản vẽ, phân tích khối lượng, sử dụng thành thạo autocad là lợi thế - nhiệt tình, cẩn thận, năng động và sẵn sàng triển khai công việc tại công trình","lương: từ 8 – 15tr + ăn trưa + xăng xe + công tác tỉnh. thu nhập trên 15 triệu - được hưởng chế độ bảo hiểm theo chế độ luật lao động hiện hành. - thưởng các ngày lễ, tết trong năm - tham gia du lịch, party cùng các thành viên công ty - tăng lương định kỳ hàng năm - môi trường làm việc năng động, đồng nghiệp thân thiện - thời gian thử việc 01 tháng"
kỹ thuật viên máy photo - thủ dầu một,"lắp đặt, bảo trì máy cho khách hàng - thay thế vật tư, linh kiện - thực hiện công việc theo sự phân công của quản lý.","nam, tuổi từ 20 - 27 - trung cấp trở lên ngành: điện, điện tử, điện tử viễn thông, cntt, tin học - trung thực, cẩn thận - có khả năng làm việc độc lập, làm việc nhóm.","được đào tạo nghề - thời gian làm việc: từ thứ 2 - thứ 6 hàng tuần & sáng thứ bảy cuối tháng. - chính sách thưởng đa dạng, đãi ngộ cùng cơ hội thăng tiến cho ứng viên có năng lực - phụ cấp xăng xe - thưởng tháng 13, 14, 15,16 theo kết quả kinh doanh và năng lực. - thưởng du lịch nước ngoài cho nhân viên có hiệu quả làm việc cao. - khám sức khỏe định kỳ, phép năm, sinh nhật, teambuilding. - môi trường làm việc năng động, chuyên nghiệp, thăng tiến - được hưởng đầy đủ chế độ phúc lợi của công ty và theo qui định của luật lao động."
nhân viên hành chính nhân sự,"mảng nhân sự: chấm công, tính lương, bhxh, hợp đồng, tuyển dụng & đào tạo. mãng hành chính: quản lý & theo dõi nội quy, form mẫu, vpp, nghỉ phép & nghỉ việc, soạn thảo thông báo, quyết định, bổ nhiệm, thư ký cuộc họp. giải quyết các khiếu nại, kỷ luật. làm việc với các cơ quan nhà nước: plđ, pccc - quản lý hồ sơ, tài liệu công ty",tốt nghiệp trung cấp/ cao đẳng trở lên các ngành quản trị nhân lực hoặc tương đương. có kinh nghiệm ít nhất 1 năm trở lên.,"làm việc trong môi trường năng động, chuyên nghiệp và cơ hội thăng tiến cao. được tham gia bhxh, bhyt, bhtn theo quy định nhà nước. được tham gia các khóa đào tạo về kỹ năng chuyên môn do công ty tổ chức. các chế độ thưởng khác theo quy định của công ty. đi du lịch hàng năm trao đổi cụ thể khi phỏng vấn"
"trưởng phòng kinh doanh (phần mềm / phân phối, bán lẻ / f&b / tài chính ngân hàng)","tổ chức kinh doanh dịch vụ bản đồ phân tích thị trường cho lĩnh vực phân phối, bán lẻ và những lĩnh vực khác. - xác định, đề xuất các mục tiêu và xây dựng kế hoạch kinh doanh của phòng - tổ chức triển khai kế hoạch kinh doanh đảm bảo hoàn thành các mục tiêu đề ra - quản lý và phát triển đội ngũ nhân sự của phòng","1.bắt buộc phải có - đã làm việc 2-3 năm ở vị trí nhân viên kinh doanh/ quản lý kinh doanh tại các doanh nghiệp phân phối, bán lẻ / f&b/tài chính ngân hàng.. - mong muốn làm việc với tinh thần start-up - kỹ năng lập kế hoạch, phân tích, thuyết trình và đám phán tốt - có kỹ năng xây dựng, kết nối và đào tạo đội nhóm. - thân thiện, nhiệt tình, có trách nhiệm 2. có thì tốt - tốt nghiệp các chuyên ngành liên quan như: marketing, quản trị kinh doanh, kinh tế..tại neu, ftu",mức lương: thỏa thuận -tiếp cận với các công nghệ tiên tiến nhất để thực hiện nghiên cứu và phát triển các giải pháp phân tích số liệu thị trường mới nhất cho khách hàng. - công ty đóng 100% bhxh (không trừ vào lương) - du lịch 2 lần/ năm - thưởng các ngày lễ; tết; lương tháng 13…
nhân viên trực page,"trực tổng đài (hotline, fanpage, website...) để tư vấn sản phẩm, xử lý, lên đơn đặt hàng cho khách hàng xử lý các vấn đề, thắc mắc của khách hàng, theo dõi đơn hàng và đảm bảo tương tác của khách hàng được xử lý nhanh nhất; giới thiệu dịch vụ đến khách hàng (cá nhân/doanh nghiệp) quan tâm tới sản phẩm","có giọng nói tốt, rõ ràng; khả năng xử lý tình huống nhanh, linh hoạt; cẩn thận, trách nhiệm, nhiệt tình và có thể chịu được áp lực tốt trong công việc.","thu nhập: lương cứng 6.5tr+ % hoa hồng ( tổng thu nhập 10-15tr/tháng) hỗ trợ tiền gửi xe, phụ cấp nhân viên không bị áp kpi có 1 tháng thử việc nhận 85% lương lương tháng 13 + thưởng cuối năm + thưởng các dịp lễ tết, sinh nhật hưởng đầy đủ các chế độ về bhxh, bhyt, bhtn… và các chính sách phúc lợi vượt trội khác môi trường làm việc trẻ, năng động, công bằng, đề cao năng lực và sự cống hiến"
nhân viên phiên dịch tiếng nhật kiêm hành chính – nhân sự (hr & admin),"phiên dịch tiếng nhật trong các cuộc họp, làm việc tại cửa hàng và các tình huống giao tiếp hàng ngày với cấp trên người nhật. - biên dịch tài liệu nội bộ và tài liệu từ meeting - hỗ trợ công tác hành chính – nhân sự: quản lý hồ sơ nhân viên, tuyển dụng, chấm công, bảo hiểm, làm việc với cơ quan chức năng khi cần. - hỗ trợ các công việc hành chính văn phòng như kiểm tra, đặt văn phòng phẩm, hỗ trợ các hoạt động nội bộ. - thực hiện các công việc phát sinh khác theo yêu cầu của quản lý.","trình độ tiếng nhật tương đương n2 trở lên (không bắt buộc phải có bằng). - có khả năng phiên dịch nói – viết tiếng nhật tốt. - ưu tiên ứng viên có kinh nghiệm hành chính – nhân sự , phiên dịch - kỹ năng giao tiếp tốt, chủ động, trách nhiệm và cẩn thận. - sẵn sàng di chuyển giữa các cửa hàng để dịch các buổi họp với nhân viên khi có yêu cầu. ưu tiên ứng viên linh hoạt, chịu khó đi lại giữa các cửa hàng và có khả năng giao tiếp tốt.","mức lương: thỏa thuận theo năng lực và kinh nghiệm. - tham gia bhxh, bhyt đầy đủ theo quy định. - thưởng lễ tết, lương tháng 13, giảm giá nhân viên - môi trường làm việc năng động, thân thiện, có cơ hội phát triển. thời gian làm việc: - thứ 2 đến thứ 6: 08:00 – 17:00 (nghỉ trưa 1 tiếng) - thứ 7: làm việc buổi sáng từ 08:00 – 12:00"
nhân viên kinh doanh,"tìm kiếm thông tin khách hàng qua nhiều kênh khác nhau để xây dựng hệ thống khách hàng tiềm năng. - phối hợp với bộ phận marketing lên kế hoạch và triển khai các chương trình bán hàng, giới thiệu sản phẩm dịch vụ mới để tiếp cận, thu hút các đối tượng khách hàng - chủ động liên hệ với kh tiềm năng trong danh sách tự tìm kiếm hoặc từ hệ thống dữ liệu của công ty để giới thiệu các sản phẩm dịch vụ, chương trình ưu đãi. - theo dõi và chăm sóc khách hàng, gửi các thông tin ưu đãi, khuyến mãi cho kh để thuyết phục họ mua mới sản phẩm dịch vụ của công ty. - gửi thông tin dịch vụ qua mail để kh tham khảo, giải đáp các thắc mắc của kh khi có mail phản hồi từ khách. - sử dụng các kỹ năng bán hàng để đàm phán, thuyết phục kh sử dụng các sản phẩm dịch vụ của công ty. - theo dõi và quản lý công nợ bán hàng. - tiến hành thủ tục ký kết hợp đồng với những khách hàng đồng ý mua sản phẩm dịch vụ. - làm các báo cáo công việc theo định kỳ, phát sinh. - tham gia các khóa đào tạo, bồi dưỡng nâng cao trình độ khi được công ty tạo điều kiện. - tham gia đầy đủ các cuộc họp của bộ phận, báo cáo các thông tin phản hồi từ khách để có giải pháp xử lý, khắc phục hiệu quả. - địa điểm làm việc: 96 nguyễn thanh tuyền, phường 2, quận tân bình, tp.hcm","kỹ năng tư vấn, kỹ năng giao tiếp - kỹ năng đàm phán và ra quyết định - kỹ năng chăm sóc khách hàng - có khả năng làm việc độc lập và làm việc nhóm, chịu được áp lực công việc. - ưu tiên tiếng anh giao tiếp tốt. - am hiểu về kinh doanh, có hiểu biết về hợp đồng kinh tế. - có ít nhất 1 năm kinh nghiệm kinh doanh,bán hàng điện tử,barcode - chăm chỉ, cẩn thận, nhiệt tình, có trách nhiệm trong công việc. - khả năng tổ chức, sắp xếp công việc, quản lý thời gian. - thành thạo vi tính văn phòng, lưu trữ hồ sơ, hợp đồng.","quyền lợi được hưởng - lương: 7 - 10 triệu (thỏa thuận theo kinh nghiệm thực tế) + hoa hồng doanh số bán hàng - thưởng lễ tết theo quy định - lương tháng 13 theo quy định và thưởng vào cuối năm phụ thuộc vào kết quả hoạt động kinh doanh hàng năm của công ty; - xét tăng lương hằng năm phúc lợi - phụ cấp cơm trưa - phúc lợi cơ bản: liên hoan sinh nhật nhân viên ,du lịch hàng năm - tham gia bhxh; bhyt, bhtn theo quy định; hưởng chế độ bhxh và các chế độ khác theo quy định của nhà nước. đào tạo và phát triển - có cơ hội thăng tiến với các chức vụ phù hợp với năng lực; - được làm việc trong một môi trường năng động, chuyên nghiệp, sáng tạo, phát huy hết khả năng của mình trong công việc. nghỉ lễ, phép: - phép năm: 12 ngày/năm - nghỉ lễ, tết nghỉ phép năm theo quy định nhà nước."
nhân viên kinh doanh dịch vụ viễn thông (bình phước),"tìm kiếm thông tin, tiếp cận các khách hàng tiềm năng. tư vấn, giải thích cho khách hàng về dịch vụ internet, truyền hình, camera do fpt telecom đang cung cấp. tạo ra những tương tác, trải nghiệm cá nhân hóa tới khách hàng trên các điểm tiếp xúc, các kênh tiếp xúc online/ offline. đàm phán thương lượng, thực hiện các thủ tục ký kết hợp đồng với khách hàng.","tốt nghiệp trung cấp trở lên. đam mê kinh doanh, có kiến thức cơ bản về công nghệ thông tin, mạng internet. có kỹ năng giao tiếp, đàm phán và thuyết phục, có tư duy luôn lấy khách hàng làm trọng tâm. nhanh nhẹn, linh hoạt, giải quyết tình huống tốt. ngoại hình dễ nhìn, không nói ngọng, nói lắp. các ứng viên đã có kinh nghiệm bán hàng hoặc từng làm qua các công việc như: tiếp thị, nghiên cứu thị trường, phỏng vấn viên… là một lợi thế.","thu nhập: 8-20m/ tháng. thu nhập năm từ 14-18 tháng lương (13 tháng lương, thưởng nghỉ mát, thưởng hiệu quả kinh doanh…) . được hưởng đầy đủ các chế độ theo luật lao động hiện hành: bhyt, bhxh… phúc lợi: khám sức khỏe định kỳ hàng năm, gói bảo hiểm sức khỏe chuyên biệt fpt care dành cho việc khám và chữa bệnh nội, ngoại trú. môi trường làm việc thân thiện, chuyên nghiệp, năng động và trẻ trung. văn hóa doanh nghiệp đặc sắc, sinh động bậc nhất với nhiều hoạt động hấp dẫn: tân binh hội nhập, nghỉ mát, t eam building , thi trạng, hội làng, clb thể thao/ văn nghệ/ thiện nguyện… được tham gia các chương trình đào tạo nghiệp vụ, phát triển kỹ năng của công ty. cơ hội thăng tiến lên các vị trí cán bộ quản lý của công ty. ghi chú: fpt telecom không thu bất kỳ chi phí nào của ứng viên, sinh viên trong quá trình tuyển dụng, thực tập."
giáo viên tiếng anh,"are you interested in gaining experience and income at a premium english language school during the summer holidays? poly english is actively recruiting vietnamese teachers to help deliver magical summer content in june and july. part time positions available in hcmc and hn with day-time mon-fri schedules for 6 weeks. responsibilities: teaching english club classes on a variety of magical based themes to children aged 4-10 at poly step up centers familiarizing with lesson plans and materials for club lessons to deliver them effectively and writing reports at the end of summer supporting centers deliver other activities during summer such as supporting homework, practicing performances and reading books",ba in english or education related major from university/ college tesol/tefl or equivalent certificate ielts 6.5 and above or equivalent certificate have a pedagogical certificate is preferred fluent in vietnamese and english with a clear accent. at least 1 year experience teaching children english have personal transportation.,"working in a dynamic english environment with a mixture of foreign teachers and local staff potential for long-term employment for high-performing teachers full training and support provided working location: district 7, district 9, thủ đức, bình tân, tân phú"
quản lý kho - củ chi,"lập kế hoạch và tổ chức bố trí kho hàng hợp lý, tối ưu không gian và thuận tiện cho việc xuất - nhập hàng theo nguyên tắc fifo. - quản lý quy trình nhập - xuất kho, kiểm kê hàng hóa. kiểm soát chặt chẽ số lượng, chất lượng hàng hóa, đảm bảo khớp đúng với hóa đơn, chứng từ. - tổ chức bảo quản hàng hóa trong kho đảm bảo tình trạng chất lượng, tránh hư hỏng và mất mát. - xây dựng và cập nhật quy trình bảo quản phù hợp với từng loại hàng. thực hiện công tác kiểm kê định kỳ hoặc đột xuất để đối chiếu số liệu, nhằm phát hiện những sai lệch, thất thoát. - xây dựng và giám sát thực hiện các quy định, quy trình nghiệp vụ để đảm bảo mọi hoạt động diễn ra đúng trình tự, quy chuẩn. - quản lý và phân công nhiệm vụ một cách hợp lý cho nhân viên dưới quyền. đào tạo, hướng dẫn nhân viên thực hiện đúng quy trình, nâng cao hiệu suất làm việc - phối hợp với các phòng ban liên quan. - báo cáo định kỳ về tình trạng hàng tồn kho, tình hình hoạt động kho và các vấn đề phát sinh.","từ 26 tuổi trở lên - cao đẳng trở lên ngành kế toán - hiểu biết về các nghiệp vụ kế toán - kho - tối thiểu 5 năm kinh nghiệm quản lý kho, trưởng phòng kho trong công ty sản xuất có 5000 mã hàng trở lên","lương: 10-15 - thỏa thuận theo năng lực của ứng viên - tham quan, du lịch 01 lần/năm - khám sức khỏe tổng quát - các phúc lợi khác theo luật lđ hiện hành: bhxh, bhyt, bhtn.. - được mua bảo hiểm sức khỏe toàn diện và bảo hiểm tai nạn 24/24. - thăm hỏi, san sẽ khi nhân viên/ người thân ốm đau, quà tặng đám cưới, trung thu, tết thiếu nhi, tiệc chúc mừng 8/3 & 20/10, thưởng các ngày lễ tết.... - đào tạo kỹ năng làm việc, huấn luyện thái độ và nhận thức phát triển bản thân. - chia sẽ tư duy và năng lượng sống tích cực mỗi ngày, chia sẽ trách nhiệm xã hội"
trưởng phòng kinh doanh thu nhập lên đến 50tr,"· tìm kiếm và phát triển hệ thống khách hàng tiềm năng cho doanh nghiệp; · quản lý đội ngũ nhân sự team sale. chịu trách nhiệm về hiệu quả hoạt động của team; · phối hợp với các bộ phận khác và đối tác để lên kế hoạch phát triển thị trường; · nắm bắt xu thế thị trường, theo dõi trên các mạng xã hội, website, forum để hiểu rõ về khách; hàng. qua đó thu thập phản hồi của khách hàng; · đảm bảo công việc được diễn ra theo đúng kế hoạch; · hoàn thiện và phát triển những chiến lược bán hàng cho doanh nghiệp; · phát triển mối quan hệ với khách hàng; · giải quyết các vấn đề, thắc mắc, khiếu nại từ phía khách hàng liên quan tới sản phẩm hoặc dịch vụ bán hàng; · tổ chức các hoạt động quảng bá, hội thảo, sự kiện để đưa sản phẩm tới gần hơn với khách hàng; · kiểm tra và báo cáo chi tiết về tình hình hoạt động kinh doanh hàng ngày cho cấp trên; · phân tích kết quả kinh doanh từ đó xây dựng kế hoạch để nâng cao hiệu suất; · tạo động lực và tinh thần làm việc cho toàn team","nam/ nữ độ tuổi từ 28 – 40; ngoại hình khá - có đam mê kinh doanh; - ham học hỏi,trung thực, nhiệt tình, năng động, sáng tạo, chủ động; - có kinh nghiệm về leadersale bđs, bảo hiểm, nội thất …. là một lợi thế.","thu nhập: lương cơ bản (>15tr ) + hoa hồng + thưởng (tùy theo năng lực và trao đổi cụ thể trong quá trình phỏng vấn ) - chính sách quyền lợi theo quy định. - làm việc trong môi trường trẻ trung, năng động - cơ hội được đào tạo, thăng tiến trong công việc -thưởng tháng, thưởng năm theo hiệu quả công việc và kết quả kinh doanh của công ty -được tham gia các hoạt động teambuilding, nghỉ mát, sinh nhật,...của công ty giờ làm việc hành chính 8:30 - 17:30 từ thứ 2 đến thứ 7."
kỹ sư qa/qc cơ điện,"lập kế hoạch kiểm soát chất lượng, kiểm tra ghi nhận chất lượng thực tế và tổng hợp báo cáo xử lý các ncr theo quy định phần cơ điện.- tham gia soạn thảo ban hành các quy trình qa, thủ tục, quy trình giám sát chất lượng các dự án liên quan phần cơ điện.- thực hiện kiểm tra công tác chất lượng thi công, bản vẽ làm cơ sở nghiệm thu.- kiểm tra, đánh giá định kỳ công tác quản lý chất lượng về sự tuân thủ hồ sơ thiết kế, bản vẽ thi công, biện pháp thi công, hồ sơ nghiệm thu tại các dự án.- kiểm tra định kỳ sự tuân thủ công tác quản lý chất lượng đối với đơn vị tư vấn giám sát thuê ngoài.- chủ động phối hợp với các phòng ban/đơn vị liên quan nhằm tìm ra các giải pháp, phương án khắc phục những sai sót, chưa phù hợp trong quá trình thiết kế và thi công.- phối hợp các bộ phận/phòng ban liên quan trong công tác nghiệm thu với cơ quan nhà nước và nghiệm thu bàn giao nhà/bàn giao đưa vào sử dụng phần hệ thống cơ điện.","tốt nghiệp đại học chuyên ngành điện/ điện tử/ nhiệt- lạnh.- - có ít nhất 02 năm kinh nghiệm ở các vị trí tương đương- am hiểu quy định pháp luật về tiêu chuẩn, quy chuẩn trong xây dựng …- kiến thức về quản lý dự án, quản lý thi công, quản lý chất lượng và tvgs phần cơ điện.- thông thạo và am hiểu các hệ thống quản lý chất lượng, thủ tục và quy trình chất lượng.","khám sức khoẻ định kỳ lương thoả thuận + phụ cấp + tăng ca chế độ phúc lợi khác theo chế độ nhà nước và theo phúc lợi công ty, cụ thể sẽ trao đổi khi phỏng vấn. được tham gia đào tạo năng lực trong nước nâng cao kiến thức và kỹ năng làm việc thưởng tháng lương thứ 13 tham gia bảo hiểm xã hội, bảo hiểm thất nghiệp theo quy định của luật lao động du lịch cùng công ty ít nhất 1 lần/năm nghỉ phép 12 ngày/năm và các ngày nghỉ lễ khác theo quy định của nhà nước bao ăn bao ở tại dự án"
sale admin,"theo dõi và cập nhật thông tin về sản phẩm, giỏ hàng, chính sách bán hàng của chủ đầu tư đến nvkd và các bộ phận liên quan. theo dõi và cập nhật tình hình bán hàng cho bộ phận kinh doanh. phối hợp cùng các phòng ban khác trong công tác chuẩn bị bán hàng, công tác bán hàng và công tác sau bán hàng. quản lý hồ sơ khách hàng. hỗ trợ nvkd trong việc xử lý các vấn đề phát sinh từ khách hàng. chăm sóc khách hàng, giải đáp thắc mắc của khách hàng. tiếp nhận các thông tin, cập nhật dữ liệu, tình hình hoạt động của bộ phận một cách chính xác và đầy đủ. báo cáo doanh số hàng tuần / hàng tháng / hàng quý / hàng năm cho người quản lý, người quản lý bán hàng, cập nhật dữ liệu bán hàng, lập báo cáo bán hàng chi tiết, doanh thu, nợ nhân viên bán hàng. tham gia vào việc hỗ trợ và soạn thảo các văn bản, giấy tờ nội bộ liên quan đến công việc, cuộc họp, hoạt động của phòng kinh doanh. phụ trách liên hệ với các nhà cung ứng, đối tác, khách hàng; trực tiếp hỗ trợ khách hàng trong các hoạt động kinh doanh. hỗ trợ xử lý các công việc khác theo sự chỉ đạo của cấp trên trực tiếp.","tốt nghiệp cao đẳng trở lên. ưu tiên các chuyên nghành kế toán, quản trị kinh doanh,.... sử dụng thành thạo tin học văn phòng kỹ năng giao tiếp tốt xử lý linh hoạt trong mọi tình huống. khả năng làm việc độc lập, làm việc nhóm,…khả năng thích ứng cao trong môi trường làm việc áp lực. có khả năng đàm phán, giao tiếp và xây dựng tốt với đối tác, đồng nghiệp. tỉ mỉ và tính chủ động trong mọi tình huống để thực hiện công việc được hiệu quả. có kinh nghiệm ở vị trí sale admin ít nhất 6 tháng. ưu tiên ứng viên đã làm việc tại các công ty bất động sản.","lương thỏa thuận theo năng lực từ 7 triệu – 10 triệu/ tháng + thưởng theo doanh số và kpi + thưởng khác (cạnh tranh theo năng lực). thưởng các ngày lễ tết trong năm, sinh nhật, kết hôn,….. thưởng theo hiệu quả làm việc. được trang bị công cụ làm việc theo chính sách của công ty. tham gia đầy đủ các chế độ bảo hiểm như bhxh, bhyt, bhtn cơ hội làm việc gắn bó lâu dài, phát triển bản thân và thăng tiến cao. tham gia các chương trình du lịch do công ty tổ chức, các hoạt động ngoại khóa… thời gian làm việc trong tuần: 06 ngày, từ thứ 2 đến thứ 7 hàng tuần. sáng từ 08 giờ 00 đến 12 giờ. chiều từ 13 giờ 30 đến 17 giờ 30."
chỉ huy trưởng,"1. liên quan đến việc tổ chức và vận hành công tác chỉ huy trưởng công trường - lên kế hoạch thực hiện dự án. - tổ chức sắp xếp thi công tại công trường - họp với chủ đầu tư, tư vấn giám sát và các bên liên quan công trình. - kiểm soát các nhà thầu phụ, đội khoán theo tiến độ - chịu trách nhiệm về tiến độ và chất lượng. - kiểm tra và xác nhận khối lượng, chất lượng công việc làm cơ sở thanh toán cho các đội thi công, tổ chức nghiệm thu từng công việc, giai đoạn, nghiệm thu các hạng mục và nghiệm thu hoàn thành công trình bàn giao. - lưu giữ tài liệu hồ sơ của công trình thi công. 2. liên quan đến công việc sự vụ: - thực hiện các công việc chuẩn bị thi công và thi công công trình: lập hồ sơ thi công, hồ sơ hoàn công, hồ sơ nghiệm thu. - kiểm tra hồ sơ thiết kế, dự toán công trình. - phối hợp với đơn vị giám sát để lên kế hoạch các bước nghiệm thu, tham gia nghiệm thu công trình. - phối hợp với bộ phận kế toán thực hiện thanh quyết toán với các đơn vị nhà thầu phụ thi công xây dựng theo tiến độ của hợp đồng hoặc biên bản nghiệm thu. - các công việc khác theo sự phân công của ban giám đốc.","ưu tiên: nam - tuổi: dưới 50 tuổi - kinh nghiệm: trên 2 năm làm công tác quản lí thi công. - tốt nghiệp đại học hoặc cao đẳng các ngành kỹ sư xây dựng, kiến trúc sư. - sử dụng các phần mềm chuyên dụng cho chuyên ngành (như microsoft office: word, excell, project/ autocad/ photoshop). - có chứng chỉ hành nghề tư vấn giám sát thi công xây dựng hạng 2 trở lên. - có nghiệp vụ giám sát, nghiệp vụ chỉ huy trưởng. - có khả năng làm việc nhóm, và tổ chức tốt. - giao tiếp tốt là một lợi thế. - kỹ năng lãnh đạo, tổ chức, tư duy logic, chính trực. **sẵn sàng đi công tác tỉnh theo công trình","lương thỏa thuận từ: 18.000.000đ - tham gia bhxh, bhyt, bhtn và các chế độ theo luật lao động sau thử việc - thưởng lễ, tết, sinh nhật… * trao đổi cụ thể hơn khi phỏng vấn."
trợ lý kỹ sư điện tử,"dưới sự hướng dẫn của kỹ sư điện tử - chịu trách nhiệm làm các tài liệu liên quan đến mạch điện như lưu đồ, quy trình test máy, mô tả thiết kế - chịu trách nhiệm lắp ráp bo và test bo - chịu trách nhiệm lắp ráp máy mẫu và test chức năng máy mẫu. - chịu trách nhiệm viết thông số kĩ thuât cho máy hàn, theo dõi những phát triển công nghệ mới nhất cho 1 ít nhất là 1 loại máy hàn. - thời gian thử việc: từ thứ 2 - thứ 7 (7h30-16h30)","nam tuổi từ 25-40 tuổi - tốt nghiệp ngành điện tử, điện - có kinh nghiệm về chuyển đổi chế độ nguồn điện, thiết kế điện từ, và lý thuyết vòng lặp điều khiển. - có khả năng thiết lập thông số kỹ thuật từ khách hàng, kế hoạch dự án, thiết kế, đo đạc máy và chuyển giao từ thiết kế sang sản xuất.","lương từ 8.000.000-10.000.000 triệu thỏa thuận theo năng lực - lương tháng lương 13, thưởng kpi, thưởng nhân viên xuất sắc cuối năm, hàng tháng đánh giá kpi lương tăng từ 5%-20%. - tham gia đầy đủ bhxh, bhyt, bhtn. - một năm có 12 ngày phép, nếu nghỉ không hết sẽ được công ty chi trả vào đầu năm sau. - quà cuối năm, quà 1/6 cho con cbnv. - khám sức khỏe đình kỳ hàng năm. - chính sách hỗ trợ tài chính (vay không lãi suất) cho cbnv khó khăn. - được tham gia du lịch hàng năm theo kế hoạch của công ty."
nhân viên kinh doanh,"tuyển dụng nhân viên văn phòng ( khu vực quận 10 ) (làm việc giờ hành chính) tìm kiếm nguồn khách hàng tiềm năng. lên kế hoặc kinh doanh sản phẩm. tư vấn và thuyết phục khách hàng mua sản phẩm . chịu trách nhiệm hoàn thiện hợp đồng. chăm sóc khách hàng trước và sau sale nắm rõ quy trình kinh doanh các công việc khác. yêu cầu năng lực trong công việc: .mức độ chuyên cần trong công việc.mức độ hoàn thành công việc. .mức độ phát triển công việc. yêu cầu cần có: -kỹ năng giao tiếp tốt. -kỹ năng nhận diện khách hàng tiềm năng. -kỹ năng đàm phán và thuyết phục tốt. -kỹ năng giải quyết vấn đề tốt. -kỹ năng quản trị mối quan hệ tốt. tiêu chí : . luôn có thái độ làm việc tốt, có năng lực trong công việc, tính trung thực cao, nhiệt tình trong việc, kỹ luật trong công việc, tôn trọng cấp trên,đồng nghiệp và khách hàng, có chí cầu tiến. thời gian làm việc: .làm giờ hành chính theo quy định của nhà nước: 8h-12h và 13h đến 17h30. mức lương cơ bản: .thu nhập từ: 6-9 triệu đồng/tháng . .thu nhập 9 đến hơn 10 triệu tuỳ vào năng lực và kinh nghiệm). hoa hồng và phụ cấp khác: .theo chính sách cố định trên doanh thu đạt được. .theo năng lực của bản thân. môi trường làm việc: .vui vẻ, hoà đồng, thoải mái . .có nhiều đãi ngộ, hoa hồng, và các hoạt động team buiding hấp dẫn. liên hệ: qua hotline: 0368660779( bạn lưu ý không gọi trực tiếp, nhắn tin qua tin nhắn, hoặc kết bạn zalo và messeger trên face) địa chỉ : khu vực trung tâm quận 10","nam/nữ từ 22 – 35 tuổi, có đam mê và nhiệt huyết kinh doanh - có tinh thần cầu tiến, năng động, nhiệt huyết với công việc - ứng viên có 2-3 năm kinh nghiệm là ưu thế - siêng năng, kiên trì, trung thực","lương cơ bản + hoa hồng + thưởng kpi - được hưởng đầy đủ chế độ bảo hiểm theo quy định - du lịch, nghỉ mát, teambuilding - chế độ tăng lương hàng năm - môi trường làm việc năng động, trẻ trung, nhiệt huyết"
"nhân viên phục vụ - texas chicken (khu vực hà nội, bình dương, đồng nai, đà nẵng)","giới thiệu thực đơn, tư vấn bán hàng, giới thiệu các chương trình khuyến mãi. đảm bảo khay sạch sẽ, lót giấy (đầy đủ dụng cụ ăn uống theo quy định) kiểm tra đảm bảo giao đủ món ăn cho khách theo đơn đã đặt thực hiện đầy đủ theo quy trình nhà hàng và nội quy công ty",tốt nghiệp trung cấp trở lên. kỹ năng giao tiếp tốt trung thực và đạo đức ý thức trách nhiệm cao biết tiếng anh là một lợi thế,"thử việc hưởng lương 100% lương chính thức cơ hội trải nghiệm làm việc trong môi trường dịch vụ - ẩm thực - nhà hàng môi trường thân thiện, chuyên nghiệp và cơ hội phát triển lâu dài thu nhập hấp dẫn, ổn định và đầy đủ theo luật lao động phụ cấp cơm & phí gửi xe lễ tết x 4, thưởng tết tháng 13, chế độ thâm niên lộ trình đào tạo & thăng tiến rõ ràng, công bằng"
nhân viên marketing,"quản lý và phát triển nội dung cho trang web của công ty - tiếp nhận và chăm sóc khách hàng mới và đang có (thông qua điện thoại, zalo, etc..) - tìm hiểu nhu cầu khách hàng, báo giá, soạn thảo và quản lý hợp đồng - lập báo cáo công việc, hỗ trợ bộ phận điều phối trong việc tiếp nhận đơn hàng của khách hàng - nghiên cứu, tìm kiếm insight của khách hàng và báo cáo các xu hướng hiện tại của thị trường - làm việc trực tiếp cùng với ban giám đốc trong việc: o phát triển chiến lược marketing qua các kênh online và offline o xây dựng chiến lược bán hàng và phát triển thị trường","có kỹ năng trình bày, viết lách ngắn gọn và truyền tải thông điệp dễ hiểu cho người đọc - có khả năng lắng nghe tốt để nắm được nhu cầu, vấn đề (pain points) mà khách hàng đang muốn được phục vụ - có tiếng anh đọc hiểu tốt là lợi thế (hoặc thêm tiếng hoa) - tốt nghiệp cao đẳng hoặc đại học (kinh doanh, marketing, truyền thông, cơ khí, hóa sinh, etc..) là lợi thế - có kinh nghiệm về cskh, digital marketing và các công cụ liên quan (seo, google ad, ..) là lợi thế - có mắt thẩm mỹ tốt, có kĩ năng photoshop/ corel/ autocad cơ bản là lợi thế","về cơ hội phát triển và môi trường làm việc, bạn được: - đồng hành cùng chúng tôi trên hành trình chuyển hóa để dẫn đầu của doanh nghiệp - làm việc trong một đội nhóm nhỏ cùng với ban giám đốc, nơi đóng góp của bạn được tôn trọng và ghi nhận - được training về các sản phẩm của công ty và nghiệp vụ kinh doanh - được tham gia các khóa học nâng cao kĩ năng theo chính sách công ty - được sử dụng thư viện sách của công ty về chế độ đãi ngộ, bạn được: - lương từ 8-12 triệu tùy theo kinh nghiệm + thưởng kết quả - được phụ cấp điện thoại, tiền ăn trưa - thử việc tối đa 2 tháng - được tham gia bhxh, bhyt, bhtn đầy đủ sau khi ký hđlđ chính thức - chế độ phúc lợi thưởng lễ, tết theo chế độ công ty"
vận hành khoá học & hỗ trợ khách hàng,"chuẩn bị và tổ chức các khóa đào tạo dành cho doanh nghiệp và cá nhân (online + offline) thực hiện các công việc sau đào tạo như báo cáo khóa học, tổng kết &amp; hỗ trợ khách hàng sau khóa học... đóng góp các ý kiến để cải tiến trải nghiệm khóa học hỗ trợ các team khác theo yêu cầu và hướng dẫn từ team lead có cơ hội được đào tạo trở thành nhân viên tư vấn khách hàng hoặc hỗ trợ dự án nếu đủ năng lực và có mong muốn thiết kế các khoá đào tạo e-learning yêu cầu công việc: không bắt buộc có kinh nghiệm, ưu tiên những ứng viên đã từng làm các vị trí liên quan đến vận hành, thiết kế e-learning. sẵn sàng học hỏi và có khả năng bao quát công việc, chịu được áp lực. chủ động, cầu thị, ham học hỏi, chịu được áp lực, tiêu chuẩn chất lượng cao trong mọi việc. có tư duy hướng đến con người tinh thần ""phải làm được"" (“can do”) với tư duy luôn tìm giải pháp để giải quyết vấn đề có tinh thần trách nhiệm cao, chịu trách nhiệm tới cùng đối với công việc ứng viên có tiếng anh là 1 lợi thế có khả năng thích ứng nhanh với công nghệ","không bắt buộc có kinh nghiệm, ưu tiên những ứng viên đã từng làm các vị trí liên quan đến vận hành, thiết kế e-learning.","mức lương thỏa thuận và cạnh tranh dựa trên năng lực được tham gia các hoạt động teambuilding hàng quý, nghỉ mát hàng năm, sinh nhật, tiệc cuối năm… được review lương hàng năm dựa trên performence và năng lực lương tháng 13, nghỉ phép 12ngay/năm và tăng theo thâm niên. được đóng bhxh, bhyt theo quy định của nhà nước. được làm việc thường xuyên với các đối tác, khách hàng và chuyên gia thuộc cấp c-level và manager của các doanh nghiệp được tham gia các chương trình đào tạo miễn phí của công ty có nhiều cơ hội phát triển bản thân, thỏa sức sáng tạo và thể hiện năng lực, được làm việc với các chuyên gia đầu ngành trong môi trường làm việc thân thiện, trẻ, năng động, nhiệt huyết. được đào tạo nội bộ, kết nối, học hỏi và làm việc về trải nghiệm khách hàng tại công ty dẫn đầu trong lĩnh vực tư vấn - đào tạo quản trị trải nghiệm"
nhân viên thiết kế,"triển khai thiết kế theo sự phân công của trưởng bộ phận quản lý; - hỗ trợ lãnh đạo cấp trên trong việc điều hành, quản lý công việc triển khai thiết kế theo từng dự án. - triển khai bản vẽ kỹ thuật thi công. - vẽ phối cảnh – thiết kế ý tưởng. - các công việc của kiến trúc sư về thiết kế nội, ngoại thất, phối cảnh 3d. - tiếp nhận hồ sơ từ các bộ phận kinh doanh, thi công để khai triển bản vẽ kiến trúc, bản vẽ kỹ thuật thi công - tư vấn thiết kế cho khách hàng; chăm sóc khách hàng - công việc khác trao đổi trực tiếp khi đến phỏng vấn.","tốt nghiệp đại học chuyên ngành kiến trúc - sử dụng thành thạo phần mềm cơ bản ( autocad, 3dsmax, photoshop, sketchup, … ) - có trách nhiệm đam mê với công việc - biết sử dụng phần mềm revit, sketchup, autocad, thành thạo photoshop,... - có trách nhiệm trong công việc, năng động, nhiệt tình","mức lương lên đến 30.000.000vnđ (thỏa thuận, không giới hạn theo năng lực/ kinh nghiệm) - thu nhập (gồm lương cơ bản + các khoản phụ cấp + % hoa hồng hợp đồng) - mức hoa hồng hấp dẫn tùy theo hợp đồng ký kết. - được hưởng các chế độ bhxh, bhyt và ngày nghỉ theo luật lao động. - lương tháng 13, các chế phúc lợi theo chế độ công ty - chế độ phúc lợi khác (tham gia du lịch cùng công ty, hiếu hỉ đối với người lao động..) - đồng nghiệp: được làm việc trong môi trường chuyên nghiệp, đồng nghiệp thân thiện, - cơ hội thăng tiến cao trong công việc"
kế toán tổng hợp,"1. báo cáo lãi lỗ hàng tháng tổng hợp hóa đơn mua vào – bán ra; theo dõi chi phí lương (chấm công, lập bảng lương, quản lý hồ sơ bhxh); theo dõi và lập hồ sơ thanh toán cho các chi phí của công ty; lập các báo cáo (lãi lỗ hàng tháng; báo cáo vat theo tháng; lập bctc, các tờ khai quyết toán hàng năm). 2. hoàn thiện hồ sơ thanh toán - quyết toán căn cứ yêu cầu hợp đồng, lập các hồ sơ thanh toán – quyết toán theo quy định công ty 3. thu hồi công nợ - thanh toán công nợ thu hồi các khoản phải thu; thanh toán công nợ cho các ncc. 4. các công việc liên quan đến ngân hàng quản lý các hồ sơ vay; phát hành các loại bảo lãnh; quản lý sao kê tài khoản, sổ phụ","có kinh nghiệm từ 2 năm là lợi thế; tốt nghiệp cao đẳng trở lên chuyên ngành kế toán hoặc tương đương; hiểu biết các quy định pháp luật về kế toán, thuế; nắm vững nghiệp vụ kế toán thương mại, thuế; sử dụng thành thạo vi tính văn phòng, misa và phần mềm kế toán; tinh thần trách nhiệm cao, cẩn trọng và chính xác trong các công việc kế toán.","thử việc 2 tháng, được hưởng 85% lương chính thức, được đào tạo qua công việc; cơ hội phát triển kỹ năng và nâng cao kiến thức chuyên môn; team building hàng năm và các chương trình nội bộ; tham gia bhxh theo quy định của pháp luật và công ty; các ngày nghỉ: nghỉ chủ nhật, các ngày lễ, tết theo quy định; chế độ tăng lương theo năng lực làm việc của nhân sự."
nhân viên khu vui chơi (làm việc tại aeon tân phú),"đón khách, phục vụ khách hàng tại khu vui chơi - bán xu, bán vé cho khách - hướng dẫn cách chơi cho bé. - trưng bày hàng hóa vào máy game và đồ chơi vào khu vui chơi - chơi với bé, giao tiếp với phụ huynh - dọn dẹp vệ sinh khu vui chơi - hỗ trợ cửa hàng trưởng; hướng dẫn công việc cho nhân viên - quản lý kiểm kê hàng hóa, thiết bị trong khu vui chơi *************** - làm việc theo ca luân chuyển: từ 8h sáng đến 5h30 chiều; hoặc từ 12h30 trưa đến 10h tối (có bao gồm 1 tiếng nghỉ giữa ca) - tuần làm 5 ngày, nghỉ 2 ngày (+ mỗi tháng được nghỉ 1 ngày phép)","nam/ nữ từ 18 tuổi trở lên - ưu tiên sinh viên mới ra trường - yêu trẻ con, có kinh nghiệm chăm sóc trẻ là lợi thế - có thái độ phục vụ tốt đối với khách hàng, luôn niềm nở và thân thiện với mọi người - trung thực, chăm chỉ. chịu khó. - nam/ nữ (ưu tiên nữ) từ 18 tuổi trở lên; sức khỏe tốt - yêu trẻ con, có kinh nghiệm chăm sóc trẻ là lợi thế - có thái độ phục vụ tốt đối với khách hàng, luôn niềm nở và thân thiện với mọi người - trung thực, chăm chỉ. chịu khó.","lương full time: 6.900.000 vnđ/tháng, bao gồm: + lương cơ bản; + trợ cấp đi lại (160 – 266); ăn giữa ca (700) ; chuyên cần (250) - hoặc làm part time: 38.000 ~vnd/giờ (tùy theo giờ làm thực tế) - lương thử việc: · fulltime: 85% lương (thử việc 1 tháng) · parttime: 100% lương (thử việc 1 tuần) - được tham gia bảo hiểm xã hội đầy đủ khi ký hđlđ chính thức - nghỉ ngơi 02 ngày/tuần, và 1 ngày nghỉ phép mỗi tháng. - môi trường làm việc thân thiện và có cơ hội thăng tiến - tham gia khám sức khỏe; du lịch hằng năm; tiệc công ty… - được tính lương của chế độ đi làm ngày lễ tết theo luật định"
nhân viên tư vấn tuyển sinh,"tiếp đón, tư vấn cho phụ huynh về chương trình học, cơ sở vật chất, đội ngũ giáo viên của trường mầm non. hỗ trợ phụ huynh trong việc đăng ký, nhập học cho con em. thực hiện các cuộc gọi, email, tin nhắn để giới thiệu chương trình học, các hoạt động của trường mầm non đến phụ huynh. phối hợp cùng trưởng bộ phận và marketing thực hiện các sự kiện, hội thảo, ngày hội tuyển sinh... chi tiết công việc trao đổi cụ thể khi phỏng vấn.","kỹ năng giao tiếp tốt, giọng nói dễ nghe, truyền tải thông tin rõ ràng, dễ hiểu. năng động, nhiệt tình, có khả năng thuyết phục. yêu thích trẻ em, có tâm huyết với nghề giáo dục. ưu tiên ứng viên có kinh nghiệm làm việc trong lĩnh vực giáo dục, đặc biệt là giáo dục mầm non.","có thưởng theo doanh số, thưởng kpi… xét tăng lương một lần/năm . được tham gia đầy đủ bhxh, bhyt và các chế độ phúc lợi khác theo đúng quy định của luật lao động và quy chế công ty. gửi con được miễn giảm học phí. du lịch hàng năm. phụ cấp ăn sáng và bao ăn trưa tại trường. thưởng lễ, tết, sinh nhật,... theo qui chế của công ty. thưởng cho con nhân viên có thành tích học sinh giỏi, quốc tế thiếu nhi, trung thu... các khoản khác theo quy định công ty."
nhân viên kinh doanh vật tư y tế,"• lập kế hoạch bán hàng và chăm sóc khách hàng cũ của công ty: bệnh viện, phòng khám, nhà thuốc,... • tìm kiếm, mở rộng và tăng độ phủ sản phẩm ở những địa bàn mới. • thực hiện các hoạt động bán hàng theo kế hoạch của công ty, chăm sóc khách hàng. • xây dựng, nâng cao hình ảnh của công ty và sản phẩm đến khách hàng. • kết hợp với các bộ phận khác có liên quan để thực hiện công việc. • các công việc khác theo sự phân công của quản lý trực tiếp, quản lý gián tiếp, ban giám đốc nhưng không trái với quy định của công ty và của pháp luật hiện hành. • công việc cụ thể trao đổi khi phỏng vấn.","trình độ/ bằng cấp: đại học, cao đẳng trở lên chuyên ngành: điện tử y sinh, thiết bị y tế, y, dược; kỹ sư y sinh - có kinh nghiệm tại vị trí tương đương trong ngành - ưu tiên ứng viên học chuyên ngành công nghệ sinh học, sinh học, y sinh và biết tiếng anh - có kiến thức về lĩnh vực y tế, dược, công nghệ sinh học - có đam mê với lĩnh vực kinh doanh, chịu được áp lực công việc. * kỹ năng chuyên môn: - kỹ năng giao tiếp, đàm phán ngoại giao tốt; - khả năng lập kế hoạch công việc và tư duy logic tốt; - khả năng làm việc dưới áp lực cao; - làm việc theo phân công được giao từ trưởng nhóm","được tham gia đầy đủ bhxh, bhyt,bhtn,cđ theo quy định - thường lương tháng thứ 13 - được đào tạo trong giai đoạn đầu (nếu chưa có kinh nghiệm) - được đi du lịch hàng năm do công ty tố chức - được xét duyệt nâng lương và thăng chức theo năng lực - được thưởng thêm nếu đạt doanh số đưa ra ngoài huê hồng bán hàng - được đi đào tạo sản phẩm ớ nước ngoài"
kế toán trưởng,"1. quản lý nhân sự kế toán: quản lý nhân viên kế toán khối văn phòng và các vị trí kế toán tại nhà máy 2. quản lý và điều hành toàn bộ công tác kế toán, hạch toán kế toán của công ty - tổ chức công tác tckt, quản lý điều hành phòng kế toán công ty - thu nhận, xử lý thông tin, số liệu kế toán theo đối tượng và nội dung công việc kế toán, theo chuẩn mực và chế độ kế toán. - kiểm tra, giám sát các khoản thu chi tài chính, các nghĩa vụ thu, nộp, thanh toán nợ; kiểm tra việc quản lý, sử dụng tài sản và nguồn hình thành tài sản; phát hiện và ngăn ngừa các hành vi vi phạm pháp luật nhà nước cũng như quy định khác của công ty về tckt. - phân tích thông tin, số liệu tckt; tham mưu đề xuất các giải pháp phục vụ yêu cầu quản trị và quyết định tài chính của công ty. - cung cấp thông tin số liệu kế toán theo quy định công ty. 3. tham gia lập kế hoạch kiểm kê (nhà máy) - xây dựng kế hoạch kiểm kê hàng tồn kho (hàng quý hoặc hàng tháng). - đánh giá rủi ro trong phương pháp lưu kho tại nhà máy, farm. - xử lý hàng hóa chênh lệch (thừa, thiếu). - phối hợp và tham mưu cho ban giám đốc nhà máy, ban giám đốc công ty phương án kiểm soát sản xuất hiệu quả và tối ưu chi phí. 4. rà soát chuẩn hóa hồ sơ kế toán - chuẩn hóa, đề xuất lưu trữ bộ hồ sơ thu mua hàng hóa của hộ nông dân.- chịu trách nhiệm về hồ sơ thu mua gạo, lúa khi tham gia gia quyết toán thuế, kiểm toán. 5. tham gia quyết toán thuế, hoàn thuế, kiểm toán - chịu trách nhiệm về hồ sơ quyết toán thuế, hoàn thuế, kiểm toán. - đánh giá rủi ro về thuế với các chứng từ hiện hành - tham vấn các hóa đơn liên quan tới sai phạm về gian lận thuế 6. lập báo cáo tài chính - đảm bảo báo cáo tài chính đúng hạn, chính xác về số liệu (tháng, quý, năm). - đảm bảo thời hạn nộp báo cáo với các cơ quan thuế. - đảm bảo các chỉ tiêu công nợ, hàng tồn kho, thuế, tài sản, tiền phải được xác nhận hàng tháng/quý/năm. 7. kiểm soát hồ sơ dựa trên ngân sách phòng ban - soát xét hồ sơ theo ngân sách phòng ban - đề xuất ngân sách phù hợp - các công việc khác được giao 8. quản lý hành chính - thực hiện các báo cáo định kỳ theo qui định của phòng, công ty để cung cấp thông tin chính xác kịp thời cho giám đốc tài chính và bgđ - dọn dẹp và quản lý khu vực làm việc sạch sẽ và ngăn nắp - hỗ trợ nhân viên trong phòng cập nhật các báo cáo nhằm hoàn tất mục tiêu chung của phòng ban. - chấp hành nội quy công ty, quy tắc ứng xử trong kinh doanh - làm các công việc khác theo yêu cầu của trưởng bộ phận","1. kinh nghiệm làm việc - ít nhất 5 năm kinh nghiệm ở vị trí tương đương tại các doanh nghiệp sản xuất nông sản. - đại học trở lên chuyên ngành tài chính kế toán - sẵn sàng đi công tác khi có yêu cầu - biết sử dụng hệ thống erp (sap). có tư duy tốt về quản trị hệ thống và có tư duy xây dựng phát triển hệ thống. - sử dụng thành thạo microsoft office (word, excel, powerpoint) - từng làm công ty sản xuất (nếu là nông sản, thực phẩm thì càng tốt) - từng quản lý nhân sự trên 10 người, doanh thu công ty trên 500 tỷ. 2. nghiệp vụ chuyên môn - có bằng nghiệp vụ kế toán trưởng- am hiểu về luật kế toán, thuế. - có tư duy về vận hành và am hiểu lĩnh vực tài chính - có kinh nghiệm quyết toán thuế, kiểm toán, thanh tra và hoàn thuế - có đạo đức kế toán, trách nhiệm trong công việc - tư duy hệ thống tốt - biết xây dựng kpi cho nhân viên - xây dựng các quy chế, quy trình, biểu mẫu của phòng tc-kt 3. kỹ năng tổng quát - có tư duy kế toán theo hệ thống mới - kỹ năng tổ chức công việc tốt - kỹ năng quản lý, kỹ năng lãnh đạo - phân tích dữ liệu và sử dụng tốt các phần mềm kế toán. - xử lý công việc nhanh, hiệu quả. - đọc hiểu các chứng từ, hợp đồng tiếng anh (lợi thế). 4. thái độ làm việc - tính kỷ luật tốt, chịu khó, ham học hỏi, tinh thần hỗ trợ và làm việc nhóm. trung thực và giao tiếp tốt với đồng nghiệp - cẩn thận, chi tiết trong công việc co được , giãn được, không dễ tự ái. đi nhà máy công tác liên tục ở 2 tháng thử việc. sau khi lên chính thức thì vài tháng mới đi một lần. ôn hòa giữa 2 thế hệ trong công ty ( già nhất 8x - trẻ nhất 2k)","full tất cả các quyền lợ i mà tất cả công ty đều có vì bạn xứng đáng. một số quyền lợi cơ bản chắc chắn có: - lương tháng 13, thưởng hiệu quả công việc theo tình hình kinh doanh - bảo hiểm sức khỏe sau khi hoàn thành thử việc - các phúc lợi khác: thêm 2 ngày phép/năm, tặng gạo hàng quý, clb thể thao (yoga, cầu lông), thưởng tết dương lịch, 20/10, 8/3, quốc tế thiếu nhi theo chính sách công đoàn."
nhân viên kinh doanh - thị trường,"công ty tnhh mtv phan gia thịnh tuyển dụng 2 nhân viên kinh doanh +mô tả công việc: - tìm kiếm và phát triển nguồn khách hàng tiềm năng, đi thị trường làm việc với các đại lý, npp - lên kế hoạch kinh doanh sản phẩm - tư vấn và thuyết phục khách hàng mua sản phẩm - chốt và hoàn thiện hợp đồng mua bán với khách hàng, làm việc với khách hàng các vấn đề liên quan đến hàng hoá, chính sách, đơn hàng,... - chăm sóc khách hàng trước và sau sale - theo dõi quá trình thanh lý hợp đồng. - kết hợp với bộ phận marketing lên kế hoạch, các chương trình ưu đãi nhằm thu hút các đối tượng khách hàng. - cùng các bộ phận khác nâng cao giá trị và chất lượng sản phẩm. - làm các báo cáo công việc theo định kỳ theo yêu cầu cấp trên. -tham gia họp cùng các bộ phận, báo cáo phản hồi từ khách để có giải pháp xử lý, khắc phục hiệu quả. - thực hiện các công việc khác theo yêu cầu của cấp trên","+ yêu cầu công việc: - có kỹ năng giao tiếp, đàm phán và thuyết phục khách hàng - nhanh nhẹn trong công việc -chịu khó và siêng năng, chịu được áp lực trong công việc - đã từng được đào tạo qua các khóa quản trị kinh doanh… là một lợi thế - có mong muốn gắng bó lâu dài với công ty","+ quyền lợi: - lương từ 12-15 triệu đồng - thưởng thêm % hoa hồng từ việc mở rộng được nhiều đối tác khách hàng - được nghĩ ngày chủ nhật( nếu có công việc phát sinh vẫn phải xử lý) - được đóng bhxh,bhyt,bhtn theo đầy đủ quy định"
"nhân viên kinh doanh (kênh shop mỹ phẩm , spa, thẩm mỹ viện) - toàn quốc","chăm sóc đại lý cũ, duy trì và nâng cao doanh số - tìm kiếm, khai thác và chăm sóc khách hàng mới - được hỗ trợ các nguồn thông tin khách hàng từ dữ liệu công ty. - lên kế hoạch kinh doanh tuần, tháng, quý - lên kế hoạch doanh số hàng tháng trong khu vực được giao. - quản lý phân phối dược mỹ phẩm, thực phẩm chức năng các khu vực tỉnh toàn quốc - chịu trách nhiệm doanh số giao - báo cáo cho trưởng phòng kinh doanh địa điểm làm việc : + làm việc tại hcm: 58 đường 9, khu đô thị vạn phúc, tp. thủ đức, tp.hồ chí minh + làm việc tại hn: tầng 7 – tim building, 40 tăng thiết giáp, bắc từ liêm, hà nội.","ưu tiên có kinh nghiệm bán hàng - ưu tiên cho ứng viên có kinh nghiệm bán hàng dược mỹ phẩm, thực phẩm chức năng - khả năng làm việc theo nhóm - khả năng thuyết phục, giao tiếp tốt - nhanh nhẹn, trách nhiệm, trung thực, chấp nhận đi công tác"" - nam tuổi từ 22-30 - có kinh nghiệm bán hàng mỹ phẩm, dược phẩm, tpcn, ngành hàng tiêu dùng là 1 lợi thế - có kinh nghiệm kênh phân phối cho shop, spa, tmv là 1 điểm cộng - khả năng làm việc theo nhóm - khả năng giao tiếp tốt - nhanh nhẹn, trách nhiệm, trung thực, chịu đi công tác","thu nhập từ 15.000.000đ -30.000.000vnđ (bao gồm lương cơ bản: 7.500.000vnđ + hoa hồng doanh số) - hoa hồng 4% + thưởng mở đại lý mới 2% - thưởng doanh số quý, năm - làm việc trong môi trường năng động, chuyên nghiệp có nhiều cơ hội thăng tiến - cung cấp trang thiết bị đầy đủ để phục vụ công việc - tháng lương 13 - thưởng tết - bhxh, bhyt, bhtn - được hưởng các chính sách phúc lợi theo quy định của công ty - được đào tạo, nâng cao nghiệp vụ thường xuyên"
tuyển dụng nhân viên c&b,"lương tham gia xây dựng quy chế, chính sách về tiền lương, lương sản phẩm, tiền thưởng, đãi ngộ - phúc lợi. thực hiện công tác tính tiền lương, tiền công, chi trả thưởng cho cán bộ nhân viên. tham gia thiết kế chính sách lương theo vị trí công việc và theo năng lực. tham gia xây dựng hệ thống chức danh, ngạch, bậc công việc. tổng hợp truy thu từ các bộ phận. xây dựng & đăng ký thang bảng lương phù hợp qui định nhà nước. góp ý, soạn thảo các quy trình, quy định liên quan đến nghiệp vụ c&b. soạn thông báo, qui định về chính sách lương, thưởng ra hệ thống. giải quyết qui trình nghỉ việc, đảm bảo nlđ nhận các khoản thanh toán lương, quỹ trách nhiệm đúng thời hạn. 2. chế độ bhxh, bảo hiểm sức khỏe cấp quản lý, bảo hiểm tai nạn 24/24 cập nhật thông tin nhân viên được ký hợp đồng lao động chính thực thực hiện thủ tục tham gia bảo hiểm cho nlđ. cập nhật theo dõi danh sách tham gia bảo hiểm, làm đề nghị thanh toán hàng tháng. định kỳ 03 tháng thông báo cho người lao động biết về nhu cầu thay đổi nơi khám chữa bệnh. định kỳ 06 tháng thực hiện thủ tục gia hạn thẻ bhyt, cấp phát thẻ mới cho nlđ. thực hiện các thủ tục bảo hiểm sức khỏe cho cấp quản lý",trình độ học vấn : cao đẳng/đại học trở lên . trình độ chuyên môn: nhân sự/hành chính văn phòng . trình độ vi tính: sử dụng thành thạo tin học văn phòng. trình độ ngoại ngữ: tiếng anh giao tiếp cơ bản. kinh nghiệm: ưu tiên có kinh nghiệm trên 01 năm. độ tuổi: từ 24 tuổi trở lên,"lương + bhxh đầy đủ khám sức khỏe hàng năm du lịch teambuilding hàng năm thưởng lương tháng 13, thưởng lễ, tết"
dược sĩ bán hàng khu vực miền bắc,"tư vấn, cắt liều cho khách hàng - chăm sóc và giải đáp thắc mắc của khách hàng liên quan đến dược phẩm, thực phẩm chức năng - giữ nhà thuốc sạch sẽ, ngăn nắp, sắp xếp thuốc đúng vị trí - quản lý thuốc theo lô/ date và tài sản trong nhà thuốc - tuân thủ luật quy định của công ty và ngành dược - thời gian làm việc 8h xoay ca do nhà thuốc sắp xếp: 6:00-14:00, 14:00-22:00, 15:00-23:00. 16:00-23:30 - ca làm việc 8h/ ngày (có 30 phút nghỉ giải lao)","nam nữ tốt nghiệp trung cấp dược trở lên (20 - 40 tuổi) - xoay ca linh hoạt - ngoại hình sáng, ưa nhìn - cao từ 1m50 trở lên - khả năng tư vấn, bán hàng, cắt liều theo bệnh - giao tiếp tốt, nhanh nhẹn - hiểu biết về gpp, dược lý - nếu ứng viên muốn vào vị trí thực tập thì không yêu cầu kinh nghiệm","dược sĩ bán hàng (thu nhập 8 - 13 triệu/ tháng) - có phụ cấp ca đêm sau 22h - ngày nghỉ: 2 ngày nghỉ/ tháng và có 12 ngày phép năm - lương cạnh tranh cùng nhiều chế độ thưởng - được đào tạo chuyên nghiệp trước khi làm việc - môi trường làm việc trẻ, năng động và thân thiện - tham gia đầy đủ các chế độ bhyt, bhxh, bhtn - lương thưởng tháng 13 - thưởng cuối năm và tăng lương hằng năm - cơ hội phát triển bản thân và thăng tiến lên các vị trí cửa hàng trưởng"
nhân viên telesales cfd,"gọi điện, quảng bá tư vấn các sản phẩm và dịch vụ tài chính của công ty phát triển mối quan hệ kinh doanh với các khách hàng và đối tác tiềm năng cung cấp cho khách hàng các chương trình khuyến mãi của công ty và thông tin cập nhật về thị trường tài chính cập nhật báo cáo kết quả kinh doanh hàng ngày. hoàn thành kpi cá nhân do công ty đặt ra.","ứng viên từng làm về ngành ngoại hối (forex), bo, tiền điện tử (crypto), cfd và các dịch vụ tài chính phái sinh khác. có laptop cá nhân dùng cho công việc. quen thuộc với điện thoại thông minh / thiết bị di động / ứng dụng di động kỹ năng giao tiếp, xã hội tốt. chú ý đến chi tiết và ham học hỏi tinh thần trách nhiệm cao và nhiệt tình.","thu nhập từ 500- 2,500$, chưa kể các khoản thưởng nóng khác làm giờ hành chính nghỉ t7, cn môi trường start up trẻ trung, hòa đồng cơ hội phát triển lên các vị trí cao hơn chỉ sau 1 năm review lương 6 tháng/lần có tuyển part time dành cho các bạn sinh viên sắp ra trường hoặc người đang cần tìm việc làm thêm."
kỹ thuật viên điện lạnh,"kiểm tra, bảo trì, sửa chữa và lắp đặt các thiết bị điện lạnh (máy lạnh, tủ lạnh...), điện gia dụng (nồi cơm, máy hút bụi...) - các nhiệm vụ khác: trao đổi trực tiếp khi phỏng vấn","trình độ học vấn/chuyên môn: + tốt nghiệp trung cấp trở lên chuyên ngành kỹ thuật điện lạnh... + kinh nghiệm: ưu tiên ứng viên có kinh nghiệm từ 1 năm - kỹ năng: + ngoại ngữ: không yêu cầu, nhưng biết tiếng anh chuyên ngành kỹ thuật điện là lợi thế + phẩm chất đạo đức: trung thực, nhanh nhẹn, chuyên cần + khác: biết sử dụng email, soạn thảo văn bản ( biên bản làm việc, báo cáo…), có khả năng tổng hợp","lương thưởng đầy đủ theo luật lao động,có đóng bảo hiểm khi ký hợp đồng chính thức . - môi trường làm việc năng động..."
nhân viên e-commerce tiktok (không yêu cầu kinh nghiệm),"thực hiện vận hành thương mại điện tử tiktok, không giới hạn ở việc tự quảng bá thương hiệu, book video và lên kế hoạch livestream,... - công việc chi tiết trao đổi trong quá trình phỏng vấn địa chỉ: 25 đường 3158b phạm thế hiển, phường 7, quận 8, tp. hồ chí minh.","ngoại hình ưa nhìn, giao tiếp tốt, giọng hát hay là 1 lợi thế. - có khả năng livestream, tự tin trước máy quay ( không có kinh nghiệm sẽ được hướng dẫn) - thời gian làm việc theo sự sắp xếp của quản lý - chăm chỉ, chịu khó - tốt nghiệp: cđ/đh các chuyên ngành kinh tế","lương từ 8-20 triệu ( lương cứng + kpi ) - được đào tạo tất cả về bán hàng, vận hành sàn tiktok... - phỏng vấn và đi làm ngay nếu đạt yêu cầu - công việc ổn định và lâu dài."
"nhân viên sale phát triển thị trường, lương 10 triệu trở lên - không cần kinh nghiệm","kinh doanh các mặt hàng thực phẩm đông lạnh nhập khẩu: heo, bò, gà,... - xây dựng và thực hiện kế hoạch khảo sát thị trường theo chiến lược phát triển mở rộng thi trường kinh doanh của công ty - tìm kiếm kh duy trì, chăm sóc mối quan hệ với các đối tác đã tìm kiếm, khách hàng tiềm năng - thực hiện các báo cáo công việc theo yêu cầu của quản lý - thực hiện các công việc khác khi được sự chỉ đạo của quản lý - làm việc tại: số 357 lê văn khương, phường hiệp thành, quận 12, tp.hcm","có tinh thần cầu tiến, ham học hỏi, chinh phục những khó khăn trong công việc. - nhiệt tình, năng động và có trách nhiệm với công việc; - tốt nghiệp chuyên ngành tài chính kế toán - thành thạo word, excel - biết sử dụng phần mềm kế toán bán hàng - nhanh nhẹn, chịu khó, biết tư vấn sản phẩm, có trách nhiệm trong công việc - kỹ năng giao tiếp tốt. - tốt nghiệp trung cấp trở lên chuyên ngành: quản trị kinh doanh, tài chính,.. - ưu tiên đã làm công việc bán hàng sale văn phòng, sale thị trường,...hoặc đã làm quản lý nhóm sale là một lợi thế - ứng viên chịu khó, tích cực, năng động, yêu thích kinh doanh mảng thực phẩm - có tinh thần trách nhiệm cao, chính trực - có khả năng giao tiếp duy trì các mối quan hệ hợp tác","lương căn bản + phụ cấp: 10.000.000 - 12.000.000 đồng (chưa bao gồm tiền hoa hồng doanh số) - tham gia bhxh, bhyt, bhtn khi ký hợp đồng lao động sau thời gian thử việc - môi trường làm việc có tính chuyên nghiệp, năng động, thân thiện và cởi mở. cơ hội thăng tiến - cung cấp trang thiết bị đầy đủ để phục vụ công việc - nhân viên có năng lực tốt có thể ký hợp đồng chính thức khi chưa hết thời gian thử việc - thưởng theo chế độ đãi ngộ của công ty. - phỏng vấn và đi làm ngay nếu đạt yêu cầu - công việc ổn định và lâu dài, cơ hội thăng tiến"
nhân viên pha chế,"chuỗi nhà hàng cafe h'mong sister thuộc sở hữu của công ty tt global cargo. chúng tôi cần tuyển các vi trí sau : - 02 nhân viên pha chế (barista ): biết công thức pha chế các món cafe thuần việt. - 02 nhân viên pha chế nước detox, nước ép. - tuân thủ nghiêm ngặt quy trình chuẩn bị và chế biến cà phê hoặc nước ép, detox. - giám sát chất lượng cà phê hoặc nước ép, detox và đảm bảo chất lượng ổn định - thu ngân, giao tiếp, giới thiệu sản phẩm với khách hàng - giữ gìn và bảo quản tài sản, thiết bị máy móc sử dụng trong nhà hàng - duy trì môi trường nhà hàng sạch sẽ với bầu không khí dễ chịu, thân thiện - đảm bảo khách hàng được đón tiếp niềm nở khi ghé thăm nhà hàng bằng cách chào đón, kịp thời hỗ trợ khách hàng khi cần thiết - thực hiện các nhiệm vụ khác theo yêu cầu từ quản lý - địa chỉ làm việc: khu đô thị sadora ( quận 2 cũ), thành phố thủ đức , tp.hcm - địa chỉ phỏng vấn: lầu 4, tòa nhà perfect, 150 bis lê thị hồng gấm, p. cầu ông lãnh, q.1, tp.hcm","ứng viên trên 18 tuổi, không yêu cầu kinh nghiệm, bằng cấp - có khả năng xoay ca, 8 tiếng/ca theo lịch nhà hàng sắp xếp, bao gồm cuối tuần và các ngày nghỉ lễ tết. - có sức khỏe tốt, khả năng làm việc hiệu quả trong môi trường phục vụ nhanh - có tinh thần đồng đội và kỹ năng giao tiếp cơ bản - ưu tiên ứng viên có kinh nghiệm trong ngành dịch vụ nhà hàng - khách sạn, pha chế",mức lương theo thỏa thuận ( lương cố định hàng tháng ) - thưởng theo qui chế công ty - đồng phục được cấp phát miễn phí
thực tập sinh marketing lĩnh vực bất động sản tp.hcm,"thiết kế cơ bản: hình ảnh, poster, banner, backdrop quản trị fanpage viết content quản trị website viết content quản trị tiktok viết bài và thiết kế hình ảnh để tuyển dụng các công việc khác theo quản lý phân công, đa nhiệm yêu thích môi trường làm việc năng động, trẻ","thiết kế cơ bản: canvas, photoshop, cupcut,... có thế viết content tốt, quản trị fanpage ký hợp đồng thực tập sinh : 3-6 tháng","nghỉ thứ bảy, chủ nhật và ngày lễ xác nhận thực tập và hỗ trợ số liệu báo cáo thực tập được trải nghiệm môi trường làm việc năng động deal lại phụ cấp 3 tháng / lần phụ cấp thực tập từ 2 triệu + bonus được hỗ trợ ăn trưa"
chủ quản nhân sự/ trưởng phòng nhân sự,"quản lý, chấm công nhân viên, nhập hồ sơ nhận việc , nghỉ việc theo dõi, cập nhật số liệu tăng giảm bhxh, bhyt, bhtn và đối chiếu với cơ quan bhxh hàng tháng. hoàn thiện các hồ sơ, thủ tục và liên hệ cơ quan bhxh cho nlđ tham gia và hướng các chế độ bhxh, bhyt theo đúng quy định. soạn một số văn bản liên quan đến công tác bhxh, bhyt, bhtn. hỗ trợ tuyển dụng sắp xếp và quản lý hồ sơ nhân sự ,tổ chức lưu trữ, sắp xếp, cập nhật và bảo quản hồ sơ lương, các hồ sơ đề bạt thăng tiến, giấy đề nghị tăng lương, kỷ luật hạ lương, hồ sơ bàn giao khi thôi việc và các chứng từ khác liên quan đến lương. phối hợp theo dõi, quản lý hệ thống chính sách phúc lợi của doanh nghiệp. cập nhật các quy định của pháp luật về chế độ, chính sách, lương để kịp thời bổ sung, sửa đổi chế độ, chính sách của tập đoàn phù hợp với quy định của pháp luật. giải quyết thôi việc cho nhân viên.","tiếng trung giao tiếp là lợi thế có kinh nghiệm từ làm nhân sự c&b trên 3 năm thành thạo tin học văn phòng. am hiểu luật lao động, luật về bảo hiểm xã hội, luật thuế tncn.","lương thỏa thuận (cao ) chế độ bhxh, phép năm , thưởng lễ tết ... đầy đủ môi trường làm việc thân thiện, có cơ hội phát triển"
nhân viên kinh doanh vật tư y tế,"tiếp nhận chỉ tiêu của cấp trên trực tiếp giao phó và hoàn thành doanh số được giao. - tư vấn cho khách hàng về các sản phẩm của công ty, thuyết phục, đ à m phán khách hàng sử dụng sản phẩm, ký kết hợp đồng. - sắp xếp các cuộc hẹn để thảo luận và trình bày đến bác sỹ và các nhân viên y tế về sản phẩm của công ty. - xây dựng và duy trì mối quan hệ làm việc tốt với các bác sỹ và nhân viên y tế trong bệnh viện. - đạt (và vượt nếu có thể) chỉ tiêu kinh doanh hàng năm. - triển khai kế hoạch kinh doanh, tìm kiếm khách hàng - lập kế hoạch phát triển khách hàng, thị trường, doanh thu theo tháng/quý/năm - lập danh sách các khách hàng tiềm năng, đề xuất các kế hoạch/phương án tiếp cận, gặp gỡ, chăm sóc khách hàng nhằm quảng bá, giới thiệu sản phẩm/dịch vụ. - tham gia tổ chức các sự kiện, tham gia triển lãm, workshop nhằm quảng bá sản phẩm. - tiếp nhận thông tin, yêu cầu của khách hàng. liên hệ, giải đáp, tư vấn về chất lượng, giá cả sản phẩm…cho khách hàng","trình độ/ bằng cấp: đại học, cao đẳng trở lên chuyên ngành: điện tử y sinh, thiết bị y tế, y, dược; kỹ sư y sinh - có ít nhất 1 năm kinh nghiệm tại vị trí tương đương trong ngành - ưu tiên ứng viên học chuyên ngành công nghệ sinh học, sinh học, y sinh và biết tiếng anh - có kiến thức về lĩnh vực y tế, dược, công nghệ sinh học - có đam mê với lĩnh vực kinh doanh, chịu được áp lực công việc. * kỹ năng chuyên môn: - kỹ năng giao tiếp, đàm phán ngoại giao tốt; - khả năng lập kế hoạch công việc và tư duy logic tốt; - khả năng làm việc dưới áp lực cao; - làm việc theo phân công được giao từ trưởng nhóm","được tham gia đầy đủ bhxh, bhyt,bhtn,cđ theo quy định - thường lương tháng thứ 13 - được xét duyệt nâng lương và thăng chức theo năng lực - được thưởng thêm nếu đạt doanh số đưa ra ngoài huê hồng bán hàng"
kỹ sư giám sát công trình xây dựng,"thực hiện kiểm tra, đo đạc, khảo sát mặt bằng; lập kế hoạch, tiến độ công việc và công tác chuẩn bị tổ đội, vật tư trước khi thi công; quản lý triển khai thi công công trình, hướng dẫn thi công theo đúng bản vẽ, tiêu chuẩn kỹ thuật và biện pháp thi công; giám sát các tổ đội và nhân công của công ty về kỹ thuật thi công cho các mục hoàn thiện. trực tiếp quản lý các công việc kiểm tra, giám sát, đánh giá quá trình thi công tại hiện trường nhằm đảm bảo an toàn lao động và tiến độ công trình; chủ động giải quyết các vấn đề kỹ thuật phát sinh thực tế tại công trình và báo cáo kịp thời khi cần phê duyệt xử lý. giao nhận, kiểm tra đối chiếu và quản lý vật tư/hàng hoá/trang thiết bị tại công trình; kiểm tra quy cách, chất lượng sản phẩm tại xưởng sản xuất, đảm bảo được thực hiện theo đúng các bản vẽ, yêu cầu kỹ thuật, chất lượng & số lượng đã được phê duyệt. nghiệm thu hoàn thành công trình cho các tổ đội, nhà thầu phụ, chủ đầu tư, khách hàng...theo đúng khối lượng hoàn thành thực tế tại công trình. hoàn thiện các thủ tục đăng kí thi công tại công trình, hoàn thiện hồ sơ nghiệm thu tại công trình với các bên liên quan. báo cáo tiến độ công trình và công việc hàng ngày thông qua nhóm làm việc và nhật ký công trình các công việc khác khi được phân công.","tốt nghiệp chuyên ngành k inh tế xây dựng hoặc xây dựng dân dụng và công nghiệp … có kinh nghiệm trong giám sát thi công và am hiểu về vật liệu; nắm vững kiến thức về hệ thống quy trình giám sát thi công theo đúng tiêu chuẩn. đọc được các bản vẽ thiết kế và sử dụng các phần mềm kỹ thuật chuyên môn phục vụ cho công việc trung thực, nhiệt tình trong công việc . có khả năng làm việc độc lập. khả năng giao tiếp tốt , sẵn sàng tăng ca để đảm bảo tiến độ đề ra. có thể đi tỉnh yêu cầu: tối thiểu 2 năm kinh nghiệm trở lên","lương cứng 12 -15 triệu (thoả thuận theo năng lực) phụ cấp công trình theo quy định công ty từng thời kỳ. thưởng lễ tết, hiếu hỉ, sinh nhật; thường dự án, năng suất làm việc. tham gia bhxh, bhyt, bhtn và các chế độ ngày lễ, ngày phép theo quy định. làm việc trong môi trường thân thiện, năng động, chủ động và sáng tạo."
"nhân viên thiết kế nhà thép, công trình dân dụng công nghiệp","lập phương án thiết kế công trình công nghiệp, công trình nhà thép tiền chế. - tính toán, triển khai bản vẽ, lập thuyết minh, lập dự toán hồ sơ chào giá. - thiết kế bản vẽ shop bằng phần mềm telak.","nam/ nữ, độ tuổi từ 25 đến dưới 40. - tốt nghiệp đại học chuyên ngành xây dựng dân dụng và công nghiệp, kiến trúc. - biết sử dụng phần mềm tekla. - nhanh nhẹn, chủ động, không ngại tiếp xúc với khác hàng. - thật thà, trung thực, tuân thủ các nội quy, quy định & các quy trình của công ty. - chịu được áp lực công việc & sẵn sàng tăng ca nếu có yêu cầu.","thu nhập: lương cố định + lương khoán doanh số. + trên 5 năm kinh nghiệm: tổng thu nhập từ 15 - 20 triệu/ tháng + dưới 5 năm kinh nghiệm: tổng thu nhập từ 10 - 15 triệu/ tháng - môi trường làm việc chuyên nghiệp, năng động, được đào tạo với các chuyên gia huấn luyện, cơ hội thăng tiến. - được tham gia các hoạt động chung của công ty: du lịch, teambuilding, sự kiện… - thưởng các ngày lễ, tết, đóng bhxh, bhyt, bhtn theo quy định. - quyền lợi khác theo chính sách chung của công ty và theo quy định của pháp luật."
"kế toán tổng hợp tại lĩnh nam, hoàng mai, hà nội","tổ chức ghi chép, tính toán và phản ánh chính xác, trung thực, kịp thời, đầy đủ toàn bộ tài sản, nguồn vốn của các đơn vị trực thuộc; - xác định và phản ánh chính xác, kịp thời, đúng chế độ kết quả kiểm kê tài sản hàng kỳ và đề xuất các biện pháp giải quyết, xử lý khi có các trường hợp thất thoát xảy ra - kiểm tra, kiểm soát tính hợp pháp, hợp lý, hợp lệ của hệ thống chứng từ, sổ sách kế toán trong các đơn vị trực thuộc - kiểm tra, kiểm soát tính tuân thủ, tính trung thực của các kế toán viên mảng nội bộ đối với toàn bộ các nghiệp vụ kinh tế phát sinh - thực hiện, tổ chức thực hiện việc nhập liệu lên phần mềm thuế với các phát sinh ở đơn vị trực thuộc, chịu trách nhiệm về chuẩn mực chứng từ và theo phương án hạch toán của công ty - tổ chức bảo quản, lưu trữ các tài liệu kế toán, giữ bí mật các tài liệu và số liệu kế toán của công ty - chịu trách nhiệm trong công tác xuất hồ sơ, xuất xe tại các đơn vị trực thuộc, phối hợp với kế toán doanh thu – công nợ phải thu, bộ phận kinh doanh trong việc xuất hồ sơ, xuất xe. - quyết toán thuế, lên báo cáo thuế, báo cáo tài chính.","kinh nghiệm. + có kinh nghiệm từ 3-4 năm trở lên giữ vị trí kế toán tổng hợp, phụ trách kế toán hoặc tương đương - yêu cầu về kiến thức, kỹ năng: + am hiểu các quy định của pháp luật hiện hành về kế toán, thuế, luật lao động... + sử dụng thành thạo các phần mềm kế toán thông dụng, các ứng dụng cho văn phòng như word, excel... + có kỹ năng phân tích, tổng hợp tốt. -ưu tiên đã có kinh nghiệm quyết toán thuế, lên báo cáo thuế, báo cáo tài chính -có khả năng làm việc dưới áp lực, kỹ năng tổng hợp, báo cáo, ..","thu nhập: 12,000,000 – 18,000,000 - thưởng hiệu quả công việc và hiệu quả kinh doanh chi nhánh - hưởng các chính sách, chế độ bảo hiểm theo đúng quy định của luật lao động việt nam. - được vimid xây dựng một lộ trình công danh chi tiết. - được thăm khám sức khỏe định kỳ. - tham gia các hoạt động gắn kết nội bộ hằng quý, hằng năm, hay các dịp lễ tết, du lịch, sinh nhật, team building,…. - mỗi năm có 12 ngày nghỉ phép năm hưởng nguyên lương. - thưởng các dịp lễ tết trong năm và sinh nhật từ 500,000-1,000,000đ. - thời gian làm việc: 8h00 - 17h00, từ thứ 2 - sáng thứ 7."
chuyên viên / kiến trúc sư thiết kế nội thất - kiến trúc,"cần tuyển vị trí 3d (lên concept, diễn họa) hoặc 2d (bổ kỹ thuật, triển khai hstk) kiến trúc, nội thất. - khảo sát, đo đạc hiện trạng mặt bằng cần thiết kế; - lên mb công năng, concept bản vẽ phối cảnh thiết kế 3d, triển khai thiết kế theo yêu cầu của khách hàng (đồi với vị trí 3d); - triển khai bản vẽ kỹ thuật 2d dựa trên mặt bằng và thiết kế 3d đã được phê duyệt (đối với vị trí 2d);.","trình độ học vấn :tốt nghiệp cao đẳng, đại học trở lên chuyên ngành thiết kế nội thất. - sử dụng thành thạo các phần mềm thiết kế (3d max, auto cad, sketchup … và các phần mềm liên quan); - kinh nghiệm thực tế: 2 năm trở lên, có ""gu"" trong thiết kế nội thất. - ưu tiên ứng viên có am hiểu nội thất, đồ gỗ. - khả năng sáng tạo, tưởng tượng phong phú, khiếu thẩm mỹ tốt - am hiểu bố trí không gian, lựa chọn màu sắc, hệ thống chiếu sáng, nguyên vật liệu, tùy chỉnh đồ nội thất và lắp đặt …","thu nhập: từ 13.000.000 – 30.000.000 đồng/tháng (tùy theo năng lực bản thân, không giới hạn thời gian và mức tăng) - phụ cấp ăn trưa: từ 25.000 – 40.000đ/ngày (theo quy định của công ty) - được thưởng theo đánh giá hiệu quả công việc hàng tháng; - đóng bhxh, bhyt, bhtn theo quy định của nhà nước và công ty; - được làm việc trong môi trường năng động, chuyên nghiệp và hiện đại; - cung cấp đầy đủ trang thiết bị đầy đủ cho công việc; - được đào tạo, nâng cao nghiệp vụ thường xuyên; - thưởng lương tháng thứ 13, thưởng lễ tết theo tình hình kinh doanh của công ty."
nhân viên kinh doanh,"tìm kiếm khách hàng và đối tác qua các kênh ngân hàng, showroom, gara… - tư vấn, chào phí các gói sản phẩm bảo hiểm - quản lý hợp đồng và chăm sóc khách hàng","kỹ năng giao tiếp - kỹ năng làm việc nhóm - chịu khó, linh hoạt và có tinh thần trách nhiệm - ưu tiên nam nhân sự từ các ngành nghề liên quan","môi trường làm việc chuyên nghiệp và thân thiện - thưởng các dịp lễ tết, lương tháng 13 - được đóng bhyt, bhxh… - du lịch hằng năm và các hoạt động team building"
nhân viên thiết kế (đi làm ngay),"chuyên thiết kế các bản vẽ về dự án công trình điện nước - phối hợp các bộ phận khác để đảm bảo tính chính xác và thống nhất phương án - kiểm tra bản vẽ đảm bảo thực hiện theo đúng quy trình, quy phạm và độ chính xác cao - chi tiết thêm sẽ trao đổi trực tiếp khi phỏng vấn","hòa đồng thân thiện với đồng nghiệp chăm chỉ thật thà nghe theo sự chỉ đạo của cấp trên - trình độ: tốt nghiệp đại học chuyên ngành điện nước - kinh nghiệm: sinh viên mới ra trường hoặc đã có kinh nghiệm - thành thạo autocad, excel, word. chấp nhận đi công tác theo sự điều động của công ty. (ưu tiên: có kinh nghiệm vẽ bim, revit) - hòa đồng thân thiện với đồng nghiệp","tham gia bhxh, bhyt, bhtn đầy đủ theo quy định của nhà nước - lương thỏa thuận theo năng lực - thưởng theo hiệu quả của công việc - hỗ trợ tiền cơm trưa - môi trường làm việc chuyên nghiệp, tạo điều kiện thuận lợi để phát triển năng lực bản thân và hoàn thành công việc"
nhân viên kiểm nghiệm hóa lý (qc) tại tây ninh,"tham gia điều tra oos liên quan đến mẫu thử; - ghi chép và báo cáo những phát hiện bất thường trong quá trình kiểm nghiệm mẫu; - sử dụng và bảo quản thiết bị, dụng cụ thí nghiệm theo đúng qui định; - kiểm tra mẫu thử được phân công theo đúng tiêu chuẩn ban hành; - đề xuất cải tiến tiêu chuẩn chất lượng và các công việc khác của phòng kiểm nghiệm; - thực hiện các công việc quản lý được phân công: quản lý hóa chất/thuốc thử/chất chuẩn/thiết bị kiểm nghiệm/dụng cụ/ vật tư tiêu hao *địa chỉ làm việc: tổ 7, ấp hòa bình, xã hòa hiệp, huyện tân biên, tỉnh tây ninh","trình độ trung cấp trở lên ngành dược / hóa - có kinh nghiệm là 1 lợi thế - chủ động trong việc điều phối, triển khai công việc - kỹ năng giao tiếp cá nhân tốt, năng động, chịu được áp lực công việc cao","mức lương từ 7.000.000 - 10.000.000 - thưởng tháng lương 13, thưởng kinh doanh theo tháng/quý/năm, thưởng lễ tết. - phụ cấp cơm và các khoản phụ cấp khác (theo tính chất công việc) - đồng phục cho nhân viên hằng năm - khám sức khỏe định kỳ hằng năm - bảo hiểm xã hội; bảo hiểm chăm sóc sức khoẻ toàn diện - chương trình đào tạo và phát triển sự nghiệp. - môi trường làm việc chuyên nghiệp. - các họat động tập thể: team building, ngày hội gia đình, văn nghệ, clb thể dục thể thao, nghỉ mát… - các hoạt động công đồng: quà tặng nhân dịp 8/3, 20/10, quốc tế thiếu nhi 1/6, tết trung thu....."
kế toán nội bộ,"nhập phiếu xuất kho bán hàng, thực hiện các thủ tục để xuất hàng giao cho khách hàng - liên hệ nhà xe để đặt xe giao hàng cho khách - theo dõi hàng hóa được giao kịp thời gian đến kho khách hàng - hạch toán chi phí bán hàng (vận chuyển hàng, hoa hồng, bốc xếp,…) - hạch toán các khoản thu, chi phát sinh hàng ngày - theo dõi công nợ bán hàng, công nợ mua hàng lên lịch thu tiền bán hàng, lịch thanh toán các chi phí hành chính - một số công việc hành chính khác.","trình độ cao đẳng-đại học trở lên - ưu tiên có kinh nghiệm về kế toán, biết nhập phần mềm kế toán và thực hiện các báo cáo quản trị theo yêu cầu của lãnh đạo cty. - tuổi từ 25 – 32 - yêu thích công việc kế toán ,cẩn thận, tỉ mỉ và trung thực . - ưu tiên hồ sơ ứng viên có hình ảnh - tốt nghiệp cao đẳng/đại học trở lên chuyên ngành kế toán, kiểm toán, tài chính....và các chuyên ngành liên quan - có kinh nghiệm từ 1 năm trở lên ở vị trí kế toán bán hàng - nắm vững nguyên tắc kế toán, các quy định liên quan đến thuế, hóa đơn chứng từ. - thành thạo vi tính văn phòng - thái độ yêu cầu: nhiệt tình, cầu tiến, xử lý vấn đề nhanh","lương thưởng hấp dẫn tùy theo kinh nghiệm và năng lực của ứng viên - lương tháng 13 - được hưởng các chế độ bhxh, bhyt, bhtn, nghỉ phép năm, nghỉ mát theo quy định. - chế độ lương thưởng tết theo chính sách của công ty. - môi trường làm việc năng động,thân thiện - cơ hội làm việc gắn bó lâu dài và thăng tiến trong công ty"
nhân viên marketing (tiếng trung) (行銷專員職位描述),"1. 為產品擬定行銷策略、訂價策略、促銷計劃、撰寫行銷方案等。 2. 負責新產品行銷企劃案之撰寫、規劃與執行，蒐集市場情報，並擬定、分析行銷策略和價格策略 3. 建立線上產品介紹 4. 熟悉網路行銷操作 5. 企劃案的發想與撰寫 6. 提案及簡報技巧 7. 網路活動規劃及執行 8. 品牌行銷推廣與管理 9. 市場情報蒐集與分析能力 1 xây dựng chiến lược marketing, chiến lược định giá và kế hoạch chương trình khuyến mãi, lập kế hoạch tiếp thị cho sản phẩm. 2 chịu trách nhiệm viết, lập kế hoạch và thực hiện các kế hoạch tiếp thị sản phẩm mới, thu thập thông tin thị trường, xây dựng và phân tích các chiến lược tiếp thị và chiến lược giá cả. 3 xây dựng giới thiệu sản phẩm trực tuyến. 4 phụ trách về các hoạt động tiếp thị trực tuyến. 5 lên ý tưởng và viết đề xuất dự án mới 6 kỹ năng đề xuất và thuyết trình. 7 lập kế hoạch và thực hiện hoạt động trực tuyến 8 quản lý và quảng bá tiếp thị thương hiệu. 9 khả năng thu thập và phân tích thông tin thị trường.","1.工作經歷: 有相關工作經驗者优先錄取 2.學歷要求: 大專畢業或以上 3.語文條件: 越南文、中文、英文 1.kinh nghiệm công việc: ưu tiên có kinh nghiệm trong ngành 2.yêu cầu trình độ: tốt nghiệp trung cấp / đại học chuyên ngành 3.yêu cầu ngôn ngữ: tiếng việt, tiếng trung, tiếng anh 技能要求: yêu cầu kĩ năng: 1.熟練使用辦公室軟體word、powerpoint、excel 2.良好的交談技巧 3.有上進心、有團隊合作精神 1.thông thạo phần mềm văn phòng word、powerpoint、excel 2.kỹ năng đàm phán tốt 3.lạc quan, tích cực, hòa đồng","福利制度 1. 員工社會、醫療保險(按越南國家勞動辦法) 2. 年終獎金 3. 生日禮金 4. 不定期聚餐 5. 年度員工旅遊(依公司年度營運情況) phúc lợi 1. bhxh, bhyt (theo luật lđtbxhvn) 2. thưởng cuối năm 3. thưởng sinh nhật 4. tổ chức tiệc 5. du lịch hàng năm (theo tình hình hoạt động kinh doanh) 1.上班時段 thời gian làm việc : 8h-17:30h nghỉ trưa 1,5 tiếng 2.上下班時間: 08 :00-17:30 (中午休息1.5小時) 3.休假制度 ngày nghỉ: 週日休假nghỉ chủ nhật 4.工作時間 thời gian làm việc: 週一至週六từ thứ hai đến thứ bảy"
nữ bán hàng tại trung tâm thương mại bình dương (aeon sora garden ii - aeon binh duong canary),"tư vấn, hỗ trợ khách chọn sản phẩm - trưng bày, sắp xếp hàng hóa gọn gàng - giữ gìn hình ảnh cửa hàng sạch đẹp, tạo trải nghiệm mua sắm tốt - làm việc xoay ca linh hoạt 8h/ ngày. nghỉ 1 ngày/ 1tuần","nữ 22 - 45 tuổi (không nhận sinh viên hoặc ứng viên mới ra trường) - ngoại hình sáng, giọng nói dễ nghe - giao tiếp lịch sự, trung thực, gọn gàng, cầu tiến - ưu tiên có kinh nghiệm bán hàng trong tttm","thu nhập được thỏa thuân theo năng lực và đươc trao đổi kỹ trong quá trình phỏng vấn từ 7-10tr/tháng hoặc hơn theo năng lực - đóng đầy đủ bhxh - bhyt - bhtn theo quy định nhà nước - phụ cấp ăn và phí gửi xe - giảm 25% khi mua sản phẩm công ty - du lịch nước ngoài cho nhân viên xuất sắc - tiệc top tuần, tháng, quý dành cho nhân viên bán hàng xuất sắc - thưởng sinh nhật, sinh con, các ngày lễ 8/3, 20/10, 19/11, giỗ tổ, 30/4, 1/5, 1/6, trung thu, tết lên đến 1,1 triệu đồng - quà cho con chuyển cấp: 500.000đ từ lớp 1 đến đại học - hỗ trợ tài chính: nhân viên làm việc trên 15 tháng vay không lãi suất dành cho cưới hỏi, lễ tang, học tập - thưởng giới thiệu nhân sự: 1.000.000đ nếu làm >3 tháng +1.000.000đ nếu làm >6 tháng - chia thưởng đặc biệt lên đến hàng tỷ đồng - nghỉ việc tặng voucher tính theo thời gian làm việc chính thức: từ 3-6 tháng: voucher 300.000đ từ 6 tháng - 1 năm: voucher 600.000đ từ 1 năm trở lên: voucher 1.000.000đ"
video editor,"xây dựng kế hoạch và lên ý tưởng cho video định hướng nội dung và hình ảnh trong video biên tập, chỉnh sửa nội dung video thiết kế phần hình ảnh cho video","sử dụng thành thạo các phần mềm chỉnh sửa, biên tập video có sự nhạy bén, cảm nhận tinh tế với hình ảnh, âm thanh và màu sắc tư duy sáng tạo, nắm bắt các xu hướng nội dung video cẩn trọng, tỉ mỉ trong công việc","được tham gia bhxh, bhyt, bhtn,…theo luật lao động được thưởng năng lực hàng tháng, l thưởng tháng 13. được phụ cấp ăn trưa môi trường làm việc thân thiện, năng động, chuyên nghiệp cơ hội thăng tiến cao có cơ hội làm việc với người nổi tiếng"
nhân viên kinh doanh,"tuyển dụng đi làm ngay - chuyên viên kinh doanh bđs nhà phố việt nam. cần tuyển 500 ae về đội cùng kiếm tiền không yêu cầu kinh nghiệm, được đào tạo từ a - z(miễn phí) nguồn hàng đa dạng. môi trường trẻ trung, năng động, hoà đồng. thu nhập tiền tỉ, hoa hồng chia ngay. không áp lực gò bó thời gian. chỉ cần nhanh nhẹn, chăm chỉ, ham học hỏi. địa chỉ: 102 thái thịnh, đống đa, hà nội. liên hệ trực tiếp 0867563507 (zalo)",không yêu cầu,"được đào tạo nghiệp vụ, kĩ năng chuyên nghiệp. - đãi ngộ tốt. - du lịch. - khen thưởng. - thu nhập ổn định. - cơ hội phát triển."
(hcm) nhân viên kinh doanh thi trường - đi làm ngay (không yêu cầu lên văn phòng),"​phát triển thị trường: chủ động tìm kiếm, tiếp cận khách hàng tại các khu vực được giao; khảo sát và đánh giá nhu cầu thực phẩm sạch tại địa bàn. ​tư vấn &amp; bán hàng: giới thiệu danh mục sản phẩm của công ty (trái cây tươi), hướng dẫn khách hàng trải nghiệm đặt hàng qua các kênh online. đảm bảo chỉ tiêu doanh số cá nhân. ​quản trị trải nghiệm khách hàng: xây dựng tệp khách hàng thân thiết; đóng vai trò đầu mối tiếp nhận phản hồi và phối hợp xử lý các vấn đề phát sinh (giao hàng, đổi trả, chất lượng) nhanh chóng để bảo vệ uy tín thương hiệu. ​điều phối vận hành: theo sát quy trình giao nhận ""last-mile"", phối hợp với các bộ phận liên quan để đảm bảo sản phẩm đến tay khách đúng khung giờ và chất lượng cam kết. không yêu cầu lên văn phòng. yêu cầu công việc: ​độ tuổi: 22 - 35 tuổi. tác phong nhanh nhẹn, chỉn chu, giao tiếp tự tin. ​thái độ: trung thực, trách nhiệm và có tinh thần ""làm chủ"" trong công việc. ​ưu tiên ứng viên có kinh nghiệm trong mảng fmcg, thực phẩm hoặc các ngành dịch vụ khách hàng cao cấp. làm việc ở khu vực hcm","​độ tuổi: 22 - 35 tuổi. tác phong nhanh nhẹn, chỉn chu, giao tiếp tự tin.","​thu nhập: 8.000.000-15.000.000 (lương cứng + phụ cấp + hoa hồng minh bạch theo doanh số tháng). không giới hạn ​chế độ đãi ngộ: thưởng nóng theo chiến dịch, quà tặng dịp lễ/tết và tham gia đầy đủ bhxh, bhyt sau khi ký hđ chính thức. thời gian &amp; địa điểm: ​thời gian: 10h00 – 19h00 (nghỉ 1 ngày/tuần linh hoạt). ​địa điểm: làm việc linh động tại khu vực thị trường được giao và văn phòng điều hành (khu vực hcm)"
nhân viên bảo trì hệ thống máy lạnh - điều hòa không khí (nhân viên bảo trì cơ điện lạnh),"chịu trách nhiệm bảo hành, bảo dưỡng để đảm bảo hệ thống máy lạnh - điều hoà của toà nhà được hoạt động tốt. - vệ sinh, sửa chữa các hệ thống ngưng hoạt động. - xử lý các vấn đề về điện lạnh; đảm bảo các phụ tùng cần thiết luôn đầy đủ để cung cấp cho tiến trình bảo dưỡng hệ thống máy lạnh - điều hoà. - nâng cao hiệu quả bảo dưỡng hệ thống -chi tiết công việc và mức lương sẽ trao đổi cụ thể khi phỏng vấn . - ngày làm việc từ thứ 2 đến thứ 7 hàng tuần.","tốt nghiệp trung cấp hoặc cao đẳng cơ điện lạnh. - có kinh nghiệm và kiến thức về điện lạnh ( loại vrv ) 1 năm trở lên. - có kinh nghiệm bảo trì hệ thống máy lạnh âm trần toà nhà. - tinh thần làm việc tích cực,có trách nhiệm. -yêu cầu nam: tuổi từ 25 – 35 nhanh nhẹn hoạt bát và có sức khỏe tốt,có trách nhiệm trong công việc, biết sử lý về hệ thống điện, nước.","công việc ổn định lâu dài. - thực hiện hợp đồng lao động có chế độ bhxh, bhyt theo luật định. -thưởng lễ, tết, lương tháng 13 -lương thỏa thuận thêm khi phỏng vấn"
nhân viên marketing (quay dựng phim),hỗ trợ triển khai chiến lược marketing – thúc đẩy doanh số & tăng nhận diện thương hiệu. - hỗ trợ quay & biên tập video bằng phần mền capcut - hỗ trợ thiết kế hình ảnh - video... - thực hiện các công việc khác theo phân công.,"tốt nghiệp chuyên ngành marketing, video maker/editor bằng điện thoại - có laptop - cẩn thận, tỉ mỉ, và có kỹ năng giải quyết vấn đề tốt","được tập võ muay, kickboxing, boxing miển phí tại clb, ưu tiên biết võ thuật & lái ô tô. - được đào tạo và phát triển kỹ năng chuyên môn. - cơ hội làm việc trong môi trường chuyên nghiệp, năng động, sáng tạo. - tham gia các hoạt động team, công ty - có cơ hội làm việc chính thức nếu kết quả thực tập tốt"
nhân viên sản xuất,"tổ chức sản xuất hàng hóa theo kế hoạch được giao kiểm tra, giám sát quá trình thực hiện của công nhân báo cáo quá trình thực hiện hàng ngày, hàng tuần lên quản lý tham gia vệ sinh, bão dưỡng, sữa chữa máy móc thiết bị","am hiểu về hóa chất trong lĩnh vực sản xuất phân bón lá là 1 lợi thế tinh thần học hỏi, cầu tiến trong công việc siêng năng, chịu khó và năng động trong công việc gắn bó lâu dài với công ty","mức lương: 8.000.000 đồng - 12.000.000 đồng thưởng theo hiệu quả công việc thưởng lễ, tết nghỉ phép theo qui định tham gia bhxh, bhyt, bhtn theo qui định chế độ nghỉ dưỡng theo qui định của công ty"
[ba vì - sơn tây - phúc thọ] nhân viên thị trường - dược phẩm,"tư vấn và bán sản phẩm thực phẩm chức năng - chăm sóc khách hàng & duy trì mối quan hệ lâu dài - chạy doanh số theo kế hoạch của công ty - làm việc trực tiếp ngoài thị trường tại các nhà thuốc theo sự phân công của công ty ở khu vực ba vì, sơn tây, phúc thọ - hà nội. * quyền lợi: - thu nhập hấp dẫn - chế độ phúc lợi đầy đủ theo quy định của công ty & nhà nước - môi trường công ty trẻ, năng động, nhiệt huyết,.. - được đào tạo kỹ năng bán hàng bài bản, chuyên nghiệp, hiệu quả. - tâm huyết, thiện chiến, nhiệt tình, năng động - kỹ năng giao tiếp tốt. - có kinh nghiệm là một lợi thế, chưa có kinh nghiệm được hỗ trợ đào tạo. - các ứng viên quan tâm vui lòng gửi hồ sơ trực tuyến , gửi kèm file hoặc trực tiếp đến tại công ty công ty cổ phần dược phẩm jsun hoạt động trong lĩnh vực buôn bán dược phẩm","tâm huyết, thiện chiến, nhiệt tình, năng động - kỹ năng giao tiếp tốt. - có kinh nghiệm là một lợi thế, chưa có kinh nghiệm được hỗ trợ đào tạo.",
nhân viên kiểm hàng - ngành giày dép,nhận mẫu đúng từ qc phòng sản xuất . kiểm tra nguyên phụ liệu sản xuất dựa vào bảng màu và mẫu đã duyệt . kiểm tra công đoạn lẫn thành phẩm trên chuyền dựa vào toàn bộ tài liệu và mẫu đã duyệt ( kiểm % ) . kiểm tra và góp ý hàng đầu chuyền kiểm tra hướng dẫn khâu hoàn thành theo tài liệu được cấp . chịu trách nhiệm về chất lượng sản phẩm đơn hàng trước quản lý sản xuất . chủ động đề xuất những giải pháp cải tiến quy trình làm việc hiệu quả hơn cho chuyền sản xuất . thực hiện tất cả các công việc khác khi được cấp trên phân công .,"biết tiếng anh - có tinh thần cầu tiến, năng động, nhiệt huyết với công việc - có kinh nghiệm kiểm hàng giày dép ít nhất 1 năm - siêng năng, kiên trì, trung thực","thu nhập từ 8-10 triệu - lương cơ bản + hoa hồng + thưởng kpi - được hưởng đầy đủ chế độ bảo hiểm theo quy định - du lịch, nghỉ mát, teambuilding - chế độ tăng lương hàng năm - môi trường làm việc năng động, trẻ trung, nhiệt huyết"
chuyên viên hoạch định & phân tích tài chính,"kiểm soát hiệu quả dự án, xây dựng báo cáo quản trị & thực hiện các hoạt động lập ngân sách và phân tích tài chính của công ty để đảm bảo tính hiệu quả và mục tiêu kinh doanh và lợi nhuận của công ty. - lập/cập nhật fs dự án định kỳ/theo yêu cầu, kiểm soát chương trình bán hàng, phân tích doanh thu, chi phí, dòng tiền dự án và đề xuất các cảnh báo sớm nhằm đảm hiệu quả dự án. - xây dựng báo cáo quản trị, đưa ra các cảnh báo và đề xuất giải pháp nhằm đảo bảo hiệu quả chi phí, mục tiêu lợi nhuận của công ty. - quản lý và kiểm tra kết quả thực hiện ngân sách hoạt động (hàng tháng, quý và năm) theo kế hoạch được duyệt. - thực hiện các nhiệm vụ khác theo yêu cầu của cấp trên yêu cầu công việc:","đại học trở lên chuyên ngành tài chính, ngân hàng, bất động sản - có kiến thức chuyên sâu trong các lĩnh vực: tài chính/kế toán/ngân hàng, bất động sản, đầu tư - tối thiểu 3 năm kinh nghiệm trong lĩnh vực tài chính - quản lý rủi ro, nhạy bén về tài chính - kỹ năng phân tích, giải quyết vấn đề - hiệu quả, chính trực, chuyên nghiệp - tiếng anh cơ bản (nghe, nói, đọc, viết)","thử việc 100% lương, phụ cấp cơm 50.000/ngày làm việc - bhxh, bảo hiểm tai nạn 24/24 , bảo hiểm sức khỏe - thưởng tháng 13,14,15, thưởng lễ, sinh nhật,.... - teambuilding, yep, khám sức khỏe, đồng phục, đào tạo,...."
kế toán tổng hợp / nội bộ (đi làm ngay),"hạch toán các nghiệp vụ kế toán phát sinh hằng ngày và định kỳ - quản lý, theo dõi, đối chiếu công nợ, hóa đơn, tồn kho, chứng từ, sổ sách, số liệu; - quản lý bhxh, bhyt, chấm công,… - theo dõi xử lý đơn hàng và thủ tục kho vận có liên quan; - các công việc khác theo sự phân công của cấp trên - thời gian làm việc: thứ hai – thứ sáu (8h00 – 12h00 và 13h30 – 17h00); thứ bảy: 8h00 – 12h00","nữ. tốt nghiệp cao đẳng, đại học chuyên ngành kế toán – tài chính - có từ 5 năm kinh nghiệm vị trí kế toán, 2 năm ở vị trí tương đương - sử dụng thành thạo tin học văn phòng; misa và các công cụ phục vụ công việc kế toán - cẩn thận, kỹ lưỡng, trung thực, khả năng phân tích, giải quyết vấn đề, sắp xếp công việc tốt - tháo vát, có tinh thần ham học hỏi - chủ động, có trách nhiệm trong công việc","môi trường làm việc thân thiện, năng động - tham gia bhxh, bhyt - phụ cấp, lương tháng 13, thưởng - cơ hội học hỏi và phát triển chuyên môn nghề nghiệp - được cung cấp đầy đủ để thực hiện công việc liên quan - nghỉ phép 12 ngày/ năm, được nghỉ ngày lễ, tết theo quy định của nhà nước và theo chế độ của công ty"
nhân viên chăm sóc khách hàng - ila trần não,"quản lý hồ sơ và thông tin các lớp. chuẩn bị các tài liệu, hồ sơ, bài thi, giáo cụ, dụng cụ trực quan phục vụ cho việc dạy của giáo viên. thực hiện khảo sát ý kiến phụ huynh và học viên về công tác giảng dạy. tư vấn học tập và chăm sóc học viên tái ghi danh. quản lý lịch phòng. giải quyết các phát sinh liên quan.","tốt nghiệp cao đẳng trở lên. tiếng anh giao tiếp khá. có kinh nghiệm telesale, cskh, là một lợi thế","thu nhập trung bình trên 10.000.000đ gồm: lương cơ bản + lương bonus kpi hàng tháng được đóng bhxh, bhyt, bhtn, có thẻ bảo hiểm tư nhân được cấp bảo hiểm sức khỏe cao cấp cho nhân viên và khám sức khỏe định kỳ 1 năm/ lần. được giảm đến 90% học phí học tiếng anh. được đào tạo định kỳ, được tham gia các chương trình và khóa học đặc biệt khác từ trụ sở cơ hội thăng tiến, thuyên chuyển qua nhiều vị trí khác."
nhân viên sales admin,"tiếp nhận thông tin xử lý hợp đồng, đơn hàng từ kinh doanh thực hiện bảo lãnh thực hiện hợp đồng, bảo lãnh bảo hành (nếu có). thực hiện yêu cầu xuất hàng hóa, hóa đơn và lập bbbg, nt và thanh lý thực hiện các loại công văn giấy tờ trong quá trình thực hiện dự án theo yêu cầu khách hàng . hỗ trợ dự án theo dõi và thu hồi công nợ: hoàn tất thủ tục thanh quyết toán chi phí triển khai và thông báo tình hình kết thúc dự án cho kinh doanh. chuyển giao hồ sơ, biên bản cho các bp liên quan và lưu trữ hồ sơ da đôn đốc khách hàng và thanh toán công nợ đối với khách hàng. các công việc khác do tbp giao.","k inh nghiệm làm việc 3 năm có liên quan cho vị trí này giới tính: nữ tự tin giao tiếp, thuyết trình và làm việc nhóm tốt tinh thần trách nhiệm cao, nhanh nhẹn, năng động, nhiệt tình, trung thực trong công việc sử dụng thành thạo ms office","chế độ lương + thưởng doanh số môi trường làm việc trẻ trung, chuyên nghiệp, có sự thăng tiến, đánh giá tăng lương hàng năm được làm việc cùng đội ngũ nhân sự chất lượng cao, năng động được tham gia các chương trình đào tạo phát triển năng lực và kĩ năng chuyên môn có cơ hội thể hiện bản thân và trở thành lực lượng nòng cốt trong tổ chức đang phát triển mạnh mẽ thu nhập cạnh tranh và được tham gia đầy đủ bhxh, bhyt, bhtn theo đúng quy định phúc lợi: ốm đau, kết hôn, hiếu hỉ, ngày lễ, ngày sinh nhật, vv theo quy định của công ty chế độ khám sức khỏe và du lịch thường niên theo quy định của công ty chế độ nghỉ phép theo quy định của nhà nước."
tp. vũng tàu_nhân viên xử lý hồ sơ_làm thời vụ,"dán mã vạch, scan hồ sơ - sắp xếp, đóng gói hồ sơ, lưu kho hồ sơ/ tài liệu theo quy cách yêu cầu - các công việc khác theo hướng dẫn của quản lý - thời gian làm việc: thứ 2 - thứ 7 từ 7h-17h (nghỉ trưa 1 tiếng) -dự án làm thời vụ 5 tháng bắt đầu từ 26/07/2023 đến dự kiến giữa tháng 12/2023 - địa chỉ làm việc tại: 475 nguyễn an ninh, phường 9, thành phố vũng tàu, tỉnh bà rịa - vũng tàu","tốt nghiệp thpt trở lên - siêng năng, cẩn thận, chịu khó - không yêu cầu kinh nghiệm, được đào tạo miễn phí - độ tuổi từ 18-35 - tốt nghiệp từ thpt - siêng năng, cẩn thận, chịu khó - không yêu cầu kinh nghiệm, được đào tạo miễn phí - độ tuổi từ 18-35",lương 6.750.000 đồng/ tháng - thưởng năng suất: 0-1.200.000 đ/ tháng (tính theo số lượng hồ sơ xử lý+ chuyên cần) - sẽ được đào tạo công việc miễn phí
[paula's choice] chuyên viên beauty advisor (ba) tư vấn bán hàng mỹ phẩm,"chịu trách nhiệm tư vấn và bán hàng tại cửa hàng được chỉ định. - chăm sóc khách hàng. - đảm bảo vệ sinh quầy tủ kệ, hàng hóa được sắp xếp và bài trí theo đúng tiêu chuẩn paula’s choice. - cập nhật các báo cáo theo yêu cầu đúng thời hạn cho cấp trên. - chi tiết công việc trao đổi khi phỏng vấn.","làm việc tại các chỗi cữa hàng của hasaki, guardian, glam, beauty box… - nam/nữ từ 18 tuổi trở lên. - da mặt đẹp, ngoại hình ưa nhìn. - giọng nói rõ ràng, dễ nghe, thân thiện, lịch sự. - năng động và có tinh thần trách nhiệm cao. - có khả năng thích nghi cao và sẵn sàng học hỏi. - có mong muốn gắn bó lâu dài với công ty. - ưu tiên ứng viên có kinh nghiệm và kiến thức về ngành hàng mỹ phẩm.","thu nhập lên đến 12.000.000 vnđ/tháng. - đóng bhxh, bhyt, bhtn sau khi đạt thử việc, đóng bảo hiểm full lương. - thưởng quý, năm theo năng lực. - tham gia các hoạt động đào tạo, nâng cao nghiệp vụ. - chế độ đánh giá, khen thưởng. - cơ hội thăng tiến và phát triển bản thân. - môi trường làm việc năng động, sáng tạo và đề cao giá trị năng lực nhân viên."
nhân viên kinh doanh - thu nhập từ 10-25 triệu / tháng,"● nghiên cứu nhu cầu và xu hướng của sản phẩm đá nội thất. ● tìm kiếm khách hàng trên đa kênh, và dựa trên data cũ của công ty. ● quảng cáo, giới thiệu sản phẩm trên các kênh xã hội ( facebook, youtube, tiktok,) các diễn đàn, hiệp hội, hoặc trực tiếp tại công ty khách hàng. ● tập hợp thông tin tư liệu về sản phẩm để truyền tải tới khách hàng ( quay phim, chụp hình, gửi hồ sơ năng lực, những dự án đã làm.. ) ● gửi mẫu mã, phối hợp với kỹ thuật để triển khai yêu cầu của khách hàng. ● lập bảng báo giá gửi khách hàng và theo dõi báo giá ● chốt lại hợp đồng và truyền tải thông tin của khách hàng tới bộ phận sản xuất. ● theo dõi đơn hàng tới khi bàn giao hoàn thành cho khách hàng. ● theo dõi đơn hàng và tổng hợp những phản hồi của khách để cùng cải tiến cho các đơn hàng sau được tốt hơn. ● thường xuyên thăm hỏi để tìm ra nhu cầu mới, đơn mới. ● gửi mẫu mã theo định kỳ và theo sát các dự án, tìm khách hàng mới theo kpi","số năm kinh nghiệm: trên 2 năm trong lĩnh vực vật liệu xây dựng, tư vấn nội thất, yêu cầu bằng cấp: trung cấp, cao đẳng, đại học của những ngành liên quan tới xây dựng nội thất, vật liệu xây dựng yêu cầu khác: - ưu tiên tốt nghiệp chuyên ngành nội thất, vật liệu xây dựng, kiến trúc.. - biết đọc bản vẽ, phân tích vật liệu là một lợi thế. - nhanh nhẹn, hòa đồng, làm việc đội nhóm, cẩn thận, giao tiếp tốt. - có phương tiện đi lại, máy tính cá nhân.","thu nhập cao: hưởng lương cứng + (% doanh số bán hàng) +( % doanh số nửa năm) + (% doanh số 1 năm) thưởng tết, thưởng ngày lễ thời gian làm việc: thứ 2 – sáng thứ 7 (nghĩ cn). năm có 12 ngày nghỉ phép. môi trường làm việc năng động, nhiệt tình, thân thiện, có cơ hội trau dồi thêm các kỹ năng văn phòng và học hỏi chuyên môn của công ty, được làm việc với các đối tác nước ngoài, tập đoàn lớn chuyên nghiệp. du lịch thường niên cùng công ty. hưởng các chính sách đãi ngộ đặc biệt từ công ty (bhxh, công tác phí, thưởng….)"
nhân viên phiên dịch tiếng hàn (thu nhập 10-15 triệu / tháng),"phiên dịch trao đổi công việc hàng ngày giữa quản lý hàn quốc với công nhân viên và ngược lại. các công việc khác theo sự phân công của cấp trên. kỹ năng nghe, nói tiếng hàn tốt. chấp nhận ứng viên đi xuất khẩu lao động về sử dụng tiếng hàn tốt. địa chỉ làm việc:lô cn5 cụm cn cầu yên, phường ninh phong, thành phố ninh bình","kỹ năng nghe, nói tiếng hàn tốt. không yêu cầu bằng cấp , ưu tiên ứng viên đã có kinh nghiệm","mức lương thỏa thuận theo năng lực. các chế độ khác theo luật lao động. môi trường làm việc năng động, sáng tạo"
nhân viên qc (nguyên vật liệu),"kiểm soát chất lượng nguyên vật liệu đầu vào - xử lí hàng trả về - lên kế hoạch, mục tiêu cho công việc - kiểm soát chất lượng nguyên vật liệu mới - sáng kiến, cải tiến nhằm nâng cao hiệu quả sản xuất và những công việc khác được giao - đảm bảo tất cả các yếu tố có liên quan, ảnh hưởng đến chất lượng nguyên vật liệu đầu vào được kiểm tra, giám sát chặt chẽ","tốt nghiệp chuyên ngành hóa học, sinh học, dược - có kinh nghiệm trong việc xây dựng quy trình hệ thống quản lý chất lượng (iso, gmp, ...) là lợi thế - chịu khó trong công việc, ham học hỏi","lương 7 - 11 triệu/tháng (theo năng lực) - được hưởng các quyền lợi và chế độ theo luật quy định (các ngày nghỉ lễ, bhxh, bhyt…); - thưởng lễ, tết, các chế độ đãi ngộ dành cho người thân, du lịch hàng năm - cơ hội thăng tiến cao, tăng lương theo thâm niên - làm việc trong môi trường năng động và chuyên nghiệp"
chuyên viên tuyển dụng thu nhập 10-15 triệu,"tiếp nhận yêu cầu từ các phòng ban và lên kế hoạch tuyển dụng theo tuần, theo tháng, theo quý. - quản lý các kênh tuyển dụng. - chịu trách nhiệm sàn lọc hồ sơ và chọn ứng viên phù hợp với yêu cầu công việc. - duy trì và phát triển hệ thống dữ liệu thông tin ứng viên. - làm việc với các phòng ban nhằm cập nhật thông tin tuyển dụng và đảm bảo tiến trình tuyển dụng. - các công tác sau tuyển dụng: hướng dẫn thủ tục nhận việc, hoàn thành hồ sơ nhân viên mới và hoàn tất đánh giá phỏng vấn. - báo báo tình hình tuyển dụng hàng tuần, hàng tháng cho trưởng phòng nhân sự.","1. kiến thức - am hiểu về lĩnh vực tuyển dụng nói riêng và lĩnh vực nhân sự nói chung, am hiểu về luật lao động. - ưu tiên ứng viên có kinh nghiệm làm việc trong mảng tuyển dụng, đặc biệt là recruit mass. - có kiến thức về truyền thông, marketing là một lợi thế. - có kiến thức tâm lý học (tính cách, tâm lý, mức độ phù hợp của ứng viên). - yêu cầu tiếng anh tương đương bằng b trở lên. 2. kỹ năng - kỹ năng tổ chức, quản lý, phối hợp công việc và xử lý các vấn đề phát sinh tốt. - lập kế hoạch tốt và chủ động trong công việc. - sử dụng vi tính thành thạo: word, excel, powerpoint, outlook. 3. thái độ - tính cách - nhiệt tình trong công việc, có tinh thần trách nhiệm cao. - có khả năng chịu được áp lực công việc. - yêu thích công việc tuyển dụng. - vui vẻ, hòa đồng, cẩn thận và tỉ mỉ. - tuổi từ 27 trở lên","lương: 10,000,000 - 15,000,000 vnd + phụ cấp (cơm trưa + thẻ gửi xe). - được hưởng chế độ bảo hiểm xã hội theo quy định. - được hưởng phép tháng, phép năm. - được hưởng lương tháng 13. - môi trường làm việc năng động và hòa đồng. - thời gian làm việc: thứ 2 - thứ 6 (08h30 - 17h30) - nơi làm việc: [hal group] công ty cp trường xuân việt (tòa nhà paragon, lầu 8) _03 nguyễn lương bằng, p. tân phú, quận 7"
kỹ sư điện công nghiệp (m&e),"khảo sát để vẽ hiện trạng hệ thống điện của nhà máy. thiết kế bản vẽ để báo giá. bốc tách khối lượng, vật tư để thi công biết sửa chữa khắc phục các sự cố về điện của nhà máy. biết chuẩn đoán, phán đoán các nguy cơ có thể xảy ra về điện của nhà máy. giám sát/ trực tiếp thi công hoặc hỗ trợ thi công khi cần thiết làm việc có sự hỗ trợ và hướng dẫn từ trưởng bộ phận","ưu tiên tốt nghiệp trung cấp, cao đẳng chuyên ngành điện công nghiệp. không yêu cầu bằng cấp. có sức khỏe, nhanh nhẹn, trung thực. làm việc trong tp và các tỉnh thành lân cận. công ty lo chỗ ở khi đi tỉnh. có thể đi công trình trong nước và nước ngoài làm việc có sự hỗ trợ và hướng dẫn từ trưởng bộ phận tốt nghiệp đại học các chuyên ngành: điện công nghiệp... và các chuyên ngành liên quan. ít nhất 2 năm kinh nghiệm ở vị trí tương đương sử dụng thành thạo tin học văn phòng (word, excel…) sử dụng thành thạo phần mềm chuyên dụng thiết kế 2d (autocad) khả năng giao tiếp tốt, giải quyết vấn đề linh hoạt. kỹ năng làm việc nhóm. kỹ năng lập kế hoạch.","thưởng lễ, tết & theo quy định của pháp luật việt nam và quy định của công ty có chế độ nghỉ phép đóng đầy đủ bhxh theo quy định."
người lập kế hoạch sản xuất,"– theo dõi, lập kế hoạch sản xuất – theo dõi thông tin nguyên vật liệu, thành phẩm sản xuất – kiểm tra báo cáo của các bộ phận – làm các báo cáo theo yêu cầu của cấp trên – hỗ trợ công việc của các phòng ban khác nếu có","tốt nghiệp cao đẳng, đại học trở lên. - thành thạo tin học văn phòng - có kinh nghiệm vị trí tương đương","– mức lương thỏa thuận – môi trường làm việc dân chủ, hiện đại, chuyên nghiệp, có cơ hội thăng tiến và ổn định lâu dài. – bảo hiểm xã hội, bảo hiểm y tế, bảo hiểm thất nghiệp theo luật lao động – được hưởng các quyền lợi khác theo chính sách của công ty thời gian làm việc: - từ thứ 2 đến thứ 7 hàng tuần (từ 7h30- 16h30)"
nhân viên kế toán thuế đi làm ngay,"• trực tiếp xử lý và hạch toán các nghiệp vụ kế toán; • theo dõi và quản lý các tài khoản ngân hàng, thực hiện giao dịch với ngân hàng; • theo dõi, kiểm tra và kiểm soát tất cả các khoản thanh toán trước khi thực hiện; • kiểm tra, đối chiếu số liệu, sổ sách thu – chi; • kiểm tra, định khoản nghiệp vụ phát sinh; • hạch toán, quyết toán thu nhập, chi phí, khấu hao, tscđ, công nợ, thuế gtgt và báo cáo thuế; • theo dõi kiểm tra tất cả các hóa đơn khai thuế hàng tháng; • hạch toán nghiệp vụ phát sinh, chứng từ, sổ sách kế toán trên phần mềm; • đảm bảo tất cả các vấn đề thuế được xử lý đúng và phù hợp với quy định hiện hành; • lập báo cáo tài chính theo từng quý, 6 tháng, năm và các báo cáo giải trình chi tiết. nộp báo cáo thuế và tncn theo quý theo qui định/yêu cầu của cơ quan quản lý nhà nước; • thực hiện nhiệm vụ khác theo sự phân công của giám đốc.","• có ít nhất 02 năm kinh nghiệm ở vị trí tương đương; • tốt nghiệp trung cấp, cao đẳng, đại học chuyên ngành: kế toán, kiểm toán, tài chính ngân hàng hoặc các chuyên ngành liên quan; • trung thực, cẩn thận, nhiệt tình và chủ động trong công việc","mức lương chính : 10.000.000đ -13.000.000đ phụ cấp ăn ca : 30.000đ/ ngày - ngay sau khi kết thúc thời gian thử việc, công ty cam kết đảm bảo đủ quyền lợi của người lao động theo quy định pl hiện hành ( tham gia bhxh, yt, tn) - được nghỉ ngày chủ nhật và các ngày lễ theo quy định - thưởng lễ, tết, hiệu quả công việc theo kq kinh doanh công ty."
nhân viên bán hàng hisense [ thái nguyên],"ca xoay theo quản lý sắp xếp, phù hợp với siêu thị: 8h - 16h, 9h- 17h, 13h-21h - nghỉ 1 ngày/tuần (trừ thứ 6,7 và chủ nhật) - chịu trách nhiệm trưng bày sản phẩm, vệ sinh khu vực làm việc, kiểm soát được sản phẩm tồn tại cửa hàng - giới thiệu và quản bá sản phẩm đến khách hàng - tư vấn và thuyết phục khách mua hàng - giải quyết những khiếu nại của khách hàng về sản phẩm - ghi nhận thông tin bán hàng, cập nhật những thay đổi của thị trường với quản lý cấp trên - hỗ trợ công việc khác tại tại shop, xây dựng mối quan hệ với nhân viên của shop - hoàn thành chỉ tiêu bán hàng và báo cáo công việc cuối ngày đến quản lý ""","nam từ 1m65 trở lên, nữ từ 1m58 trở lên, ngoại hình đẹp cân đối - tốt nghiệp thpt trở lên (đã nhận bằng) - có kinh nghiệm bán hàng trong lĩnh vực điện máy , điện tử, công nghệ, điện thoại - nhanh nhẹn, giao tiếp tốt, ứng xử và giải quyết tình huống tốt - nam/nữ từ: 18 - 28 tuổi","thử việc 2 tháng, hưởng đủ 100% lương và thưởng thực đạt - tham gia bhxh, bhyt, bhtn sau 2 tháng thử việc - sau thử việc ký hợp đồng với công ty greenspeed (công ty tuyển dụng và quản lý nhân sự cho hisense)"
nhân viên it,"quản trị hệ thống mạng: quản lý, vận hành hệ thống mạng nội bộ và internet, triển khai lắp đặt, nâng cấp hạ tầng khi có yêu cầu, xử lý các sự cố về mạng lan và internet. - quản trị hệ thống server máy chủ: quản lý, nâng cấp, khắc phục sự cố, bảo hành bảo trì hệ thống máy chủ server định kỳ,... - sửa chữa và khắc phục sự cố: hệ thống chấm công tay, camera, thiết bị văn phòng, hỗ trợ cài đặt phần mềm,... - quản lý dữ liệu, email: phân quyền sử dụng và back up thường xuyên dữ liệu cho người dùng, quản lý hệ thống email nội bộ. - quản trị website, facebook, tiktok, fanpage: lưu trữ thông tin tên miền, đơn vị cung cấp tiên miền, định kỳ xem xét lại nội dung website, yêu cầu các phòng ban update thông tin sản phẩm.","tốt nghiệp đại học, cao đẳng chuyên ngành cntt. - kinh nghiệm tối thiểu 2 năm. - có kiến thức cơ bản về nghiệp vụ hệ thống mạng. - nhiệt tình và có trách nhiệm trong công việc. - có kỷ luật bản thân, có khát vọng thành công và thăng tiến trong sự nghiệp. - có mong muốn gắn bó lâu dài với công ty.","lương: 10 - 15 triệu - thưởng hấp dẫn bao gồm: thưởng lễ tết + thưởng lương tháng thứ 13, thưởng cuối năm dựa trên hiệu quả công việc - tham gia đầy đủ bhxh, bhyt, bhtnlđ & bnn, bhtn, bh pvi care khi ký hđlđ chính thức - các chế độ, chính sách khác theo quy định của công ty: hiếu hỉ, sinh nhật cá nhân, du lịch hàng năm và các hoạt động tập thể do công ty tổ chức… - cơ hội thăng tiến, phát triển nghề nghiệp theo năng lực không giới hạn - các chế độ phúc lợi khác theo quy định của công ty"
nhân viên bảo vệ,"đảm bảo an ninh trật tự tại các khu đô thị của vinhomes đảm bảo hỗ trợ tốt nhất cho cư dân tại khu đô thị vinhomes thời gian làm việc: theo ca 8h/ngày; 6 ngày/tuần. địa điểm làm việc: vinhomes ocean park 1, đa tốn, gia lâm, hà nội vinhomes ocean park 2, nghĩa trụ, văn giang, hưng yên vinhomes ocean park 3 the crown, văn giang, hưng yên","nam, độ tuổi từ 18 - 45 tuổi. tốt nghiệp thcs trở lên. chiều cao từ 1m65, cân nặng từ 55kg trở lên sức khỏe tốt, không dị tật, không cận thị, không hình xăm lộ ra ngoài. không tiền án tiền sự, không dương tính với ma túy đáp ứng được thời gian làm việc xoay ca ưu tiên ứng viên đã có kinh nghiệm bảo vệ làm việc tại các tòa nhà văn phòng, khách sạn, nhà hàng… ưu tiên ứng viên là bộ đội/công an xuất ngũ","mức thu nhập hấp dẫn phụ cấp nhà ở/đi lại (theo chính sách) nhân viên được hưởng đầy đủ chế độ bhxh, bhyt, bhtn sau khi ký hợp đồng lao động chính thức. ứng viên được cấp đồng phụckhi vào làm việc. nhân viên được đào tạo, nâng cao trình độ chuyên môn, được làm việc trong môi trường chuyên nghiệp, năng động và văn minh. lương, thưởng và các chế độ phúc lợi, đãi ngộ hấp dẫn; được đặc biệt ưu đãi khi sử dụng các hệ thống dịch vụ cao cấp của tập đoàn vingroup như:vinmec, vinschool...; được ký hđlđ chính thức sau thời gian học việc theo quy định."
nhân viên kế toán - đi làm ngay,"thực hiện phát hành hóa đơn gtgt. tiếp nhận, kiểm tra, kiếm soát chứng từ kế toán và thực hiện ghi chép, phản ánh chính xác, kịp thời, đầy đủ các nghiệp vụ kinh tế phát sinh theo quy định của kế toán và các chế độ, chính sách thuế hiện hành. theo dõi công nợ thành theo dõi tạm ứng, hoàn ứng. thực hiện các công việc khác và báo cáo theo yêu cầu của trưởng phòng kế toán. chi tiết sẽ trao đổi cụ thể trong quá trình phỏng vấn","tốt nghiệp đại học hoặc cao đẳng chuyên ngành về tài chính kế toán (ưu tiên ứng viên đã có kinh nghiệm). có khả năng làm việc độc lập, năng động, nhiệt tình, có trách nhiệm chủ động và có khả năng chịu được áp lực công việc cao. thành thạo tin học văn phòng, biết tiếng anh là một lợi thế. tuổi 23 - 29","được đóng bhxh, bhyt, bhtn và được hưởng các chính sách theo luật lao động của việt nam - mức lương sẽ thỏa thuận trong quá trình phỏng vấn - thưởng theo kết quả kinh doanh tương xứng với năng lực nếu hoàn thành"
nhân viên quản lý khu vực bán hàng,1. bán hàng bán hàng và chăm sóc khách hàng trong khu vực được giao triển khai đúng chương trình bán hàng cho khách sỉ và lẻ phát triển doanh số và điểm bán mới thực hiện đúng các nghĩa vụ hành chính 2. dịch vụ khách hàng không để khách hàng phàn nàn về thái độ phục vụ hướng dẫn và hỗ trợ các đại lý mới gia tăng doanh số,tốt nghiệp thpt trở lên sử dụng thành thạo phone di động có kinh nghiệm về bán hàng fmcg là một lợi thế có xe máy di chuyển bán hàng,"lương cứng + hoa hồng từ bán hàng + hoa hồng từ quản lý điểm bán hỗ trợ đầy đủ công cụ bán hàng từ đồng phục, dụng cụ, công nghệ quản lý … đảm bảo thu nhập từ tháng đầu tiên (10 triệu) dưới 10 triệu công ty bù thu nhập có thể lên trên 50tr/tháng vì không có cận trên, càng siêng năng thu nhập càng cao"
nhân viên kinh doanh online,"sản phẩm: đồ gia dụng, mỹ phẩm nhập khẩu 100 % hàn quốc tìm kiếm khách hàng trên các nền tảng mạng xã hội. tư vấn về dịch vụ, sản phẩm cho khách hàng. chốt đơn hàng online. chăm sóc, duy trì mối quan hệ với khách hàng cũ.","đã có kinh nghiệm sale. có khả năng giao tiếp tốt. là người có trách nhiệm, chủ động trong công việc. có laptop cá nhân, phương tiện đi lại.","lương cứng: 6 - 8 tr/tháng (có thể thỏa thuận) + % doanh thu. part time: 3 - 4 tr/tháng (tùy vào kinh nghiệm) + % doanh thu tham gia bhxh và các chế độ nghỉ lễ, tết khác. văn phòng mới, rộng rãi, làm việc thoải mái. môi trường trẻ trung, 9x, 2k. được cấp điện thoại làm việc. mặt hàng sạch, dễ chốt đơn. thời gian làm việc: ca sáng: 8h00 - 12h00; ca chiều 13h00 - 17h00 từ thứ 2 - thứ 7."
nhân viên booking (koc / kol),"mô tả công việc - phối hợp với team nhằm xây dựng và triển khai chiến lược truyền thông (chủ yếu trên tiktok) nhằm phát triển thương hiệu - tìm kiếm, đánh giá và lựa chọn kol/koc phù hợp với định hướng thương hiệu (các lĩnh vực như gia dụng, mỹ phẩm, nhà cửa, đời sống) - có phần mềm hỗ trợ công việc - thương lượng, đàm phán và kí kết hợp đồng hợp tác với kol/koc - quản lý và chăm sóc kol/koc trong quá trình triển khai các chiến dịch, theo dõi tiến độ và đảm bảo influencer hoàn thành kpi - phối hợp với team ads, marketing nhằm đánh giá hiệu quả chiến dịch và làm báo cáo định kỳ - theo dõi xu hướng thị trường, cập nhật kol/koc tiềm năng và đề xuất giải pháp truyền thông thích hợp","ưu tiên sinh viên đại học/ cao đẳng chuyên ngành marketing, truyền thông,… và các chuyên ngành có liên quan - có tư duy tốt về marketing, định hướng làm việc lâu dài - ưu tiên ứng viên đã có kinh nghiệm - có kỹ năng giao tiếp, thương lượng, đàm phán - chăm chỉ, chủ động, có tư duy và có khả năng nắm bắt xu hướng trên tiktok - có khả năng lập kế hoạch, quản lý thời gian tốt","thu nhập: lc (8 triệu/tháng) + pc (2 triệu/tháng) + thưởng nóng được hướng dẫn, đào tạo bài bản nếu chưa có kinh nghiệm đóng bhxh, nghỉ lễ tết, nghỉ phép theo quy định môi trường làm việc trẻ trung, năng động, khuyến khích sáng tạo và phát triển cá nhân được tăng lương định kỳ môi trường làm việc trẻ trung, năng động, thăng tiến cao"
nhân viên sản xuất,"cần nhiều nhiều cộng tác viên trên mọi tỉnh : bắc ninh, bắc giang, cao bằng, bắc kạn ,hà giang, lai châu , sơn la, lạng sơn , tuyên quang , lào cai , yên bái ......... chiết khấu tận máu , nói chung là khá cao ✌️ công việc tuyển công nhân nam nữ làm tại các kcn bắc ninh, quế võ 1,2,3 bắc giang lh nhận thông tin chi tiết 0869536933","k yêu cầu kinh nghiệm, được đào tạo miễn phí","hoa hồng cao, tuyển được nhiều có thưởng thêm"
quận 1 - nhân viên bán hàng thời trang,"tư vấn bán hàng các sản phẩm quần áo thời trang - sắp xếp, trưng bày sản phẩm, vệ sinh quầy kệ - kiểm đếm số lượng hàng hóa tại cửa hàng theo yêu cầu cửa hàng trưởng/ giám sát/ quản lí",tốt nghiệp thpt trở lên - trung thực và có trách nhiệm trong công việc - độ tuổi : 18 - 30 tuổi,"quyền lợi: - thu nhập: trao đổi khi phỏng vấn,. - các chế độ: + bảo hiểm xã hội, bảo hiểm y tế, bảo hiểm thất nghiệp theo quy định của pháp luật, bảo hiểm sinh mạng. + thưởng ngày lễ, tết và các chế độ phúc lợi khác sẽ được trao đổi trực tiếp khi phỏng vấn."
kỹ thuật viên sửa chữa điện thoại,"thực hiện công tác sửa chữa bảo hành điện thoại di động; - phối hợp với tiếp tân/điều phối thẩm định chính xác tình trạng máy, thiết bị của khách hàng khi nhận bảo hành, sửa chữa (tình trạng, nguyên nhân lỗi,…); - thực hiện việc sửa chữa điện thoại đảm bảo tiến độ, chất lượng","nam: từ 20 đến 30 tuổi; - trình độ chuyên môn/ bằng cấp: tốt nghiệp trung cấp trở lên các ngành kỹ thuật, điện tử,… - có khả năng làm việc độc lập, chủ động; - chịu được áp lực công việc cao và tinh thần trách nhiệm cao; - kỹ năng làm việc theo nhóm tốt; - cẩn thận, trung thực, tỉ mỉ.","lương từ 8-12 triệu/tháng - lương tháng 13, thưởng cuối năm. - được tham gia bhxh, bhyt, bhtn đầy đủ theo quy định của pháp luật. - được làm việc trong môi trường trẻ trung, năng động và linh hoạt. - được training, học hỏi và phát triển bản thân, môi trường làm việc có nhiều cơ hội thăng tiến"
nhân viên it - quản lý web,"chịu trách nhiệm cập nhật sản phẩm của công ty lên website (hình ảnh và thông tin cần đạt mức chuẩn mực và chính xác). - đảm bảo hệ thống website chạy ổn định không gặp lỗi - phát triển, cài các tính năng mới cho website - quản trị hệ cơ sở dữ liệu - cập nhập tin tức lên website (tin tức tại chuyên mục tin thương hiệu, tin khuyến mại…) - chịu trách nhiệm làm việc với các đối tác online (ngân lượng…). - hỗ trợ theo dõi seo của website. - chịu trách nhiệm về hiệu quả phát triển của từng site - thống kê và báo cáo chất lượng website từ đó đưa ra đề xuất sao cho phù hợp với tình hình thực tế và đạt được mục tiêu đặt ra.","có tinh thần học hỏi, làm việc độc lập và theo nhóm - kỹ năng: quản trị website/ seo / quản trị website wordpress & php / hosting linux / google adwords / - có kinh nghiệm làm việc với các hệ quản trị sql server - tối ưu hóa công cụ tiềm kiếm kỹ thuật (seo) - chiến lực nội dung quản trị website - có kiến thức cơ bản tốt về: lập trình hướng đối tượng - biết thiết kế ấn phẩm cho du lịch (được ưu tiên)","lương theo thỏa thuận và các khoản thưởng theo doanh số đạt được - thưởng lễ, tết theo qui định công ty - phép, hiếu hỷ, lễ tết, tháng 13 - có cơ hội thăng tiến - cơ hội đi công tác trong và ngoài nước - được tham gia du lịch nghỉ mát thường niên - được đào tạo tất cả nghiệp vụ, hướng dẫn chi tiết công việc - được hưởng đầy đủ chế độ làm việc tốt nhất."
"tân bình, tân phú - nhân viên kinh doanh – thu nhập từ 10 – 20 triệu","tìm kiếm thông tin, tiếp cận các khách hàng tiềm năng. tư vấn, giải thích cho khách hàng về dịch vụ internet, truyền hình, camera do fpt telecom đang cung cấp. thực hiện các thủ tục ký kết hợp đồng với khách hàng. tạo ra những tương tác, trải nghiệm cá nhân hóa tới người dùng/ khách hàng trên các điểm tiếp xúc, các kênh tiếp xúc online/ offline.","nam, tuổi từ 20 - 30 tốt nghiệp t rung cấp trở lên, tất cả các chuyên ngành. chấp nhận bằng thpt nếu có kinh nghiệm liên quan như kinh doanh, bán hàng, tiếp thị,... yêu thích và đam mê công việc liên quan kinh doanh, bán hàng. có kỹ năng giao tiếp, đàm phán tốt. ưu tiên ứng viên đã có kinh nghiệm kinh doanh, bán hàng hoặc từng làm qua các công việc như: tiếp thị, nghiên cứu thị trường,… là một lợi thế. có tư duy ""khách hàng là trọng tâm"".","thu nhập trung bình: 8 - 20 triệu/ tháng tuỳ theo năng lực. chế độ thưởng đa dạng: lương tháng 13, thưởng tết, thưởng kinh doanh, du lịch,… đầy đủ các chế độ theo luật lao động hiện hành. được tham gia các khóa đào tạo nâng cao kiến thức, kỹ năng. chính sách phúc lợi theo quy định của công ty đa dạng: chăm sóc sức khỏe định kì hàng năm; gói bảo hiểm sức khoẻ cao cấp fpt care; các hoạt động tri ân, chăm lo đời sống tinh thần cbnv và thân nhân. cơ hội làm việc và thăng tiến ở các vị trí cấp cao, quản lý tại tập đoàn công nghệ hàng đầu việt nam với hơn 30.000 nhân viên. môi trường làm việc thân thiện, cởi mở. cơ sở vật chất và công cụ làm việc hiện đại, tiện nghi. văn hóa doanh nghiệp đặc sắc, sinh động bậc nhất với nhiều các hoạt động hấp dẫn: tân binh, 72 giờ trải nghiệm, teambuilding, thi trạng, hội làng, hội diễn sao chổi, sinh nhật fpt, ngày 08/03, ngày 11/11,… hưởng các gói ưu đãi cước khi sử dụng dịch vụ của fpt telecom."
giám sát kinh doanh hàng tiêu dùng - kênh gt (đại lý - tạp hóa - chợ) _ tại biên hòa đồng nai,"thiết lập và quản lý hướng làm việc cho đội ngũ sales bên dưới. - đàm phán, thương lượng hợp đồng mua bán hàng hóa kênh tạp hoá tại khu vực phụ trách. - xây dựng mối quan hệ tốt với cửa hàng tạp hoá , chợ... - có khả năng giải quyết các vấn đề phát sinh tại cửa hàng (với đội ngũ sales, hàng hóa) - quản lý skus, phát triển doanh số, phân tích đối thủ cạnh tranh. - phối hợp với bộ phận marketing về các chương trình khuyến mãi hàng tháng, quý và thống nhất với từng hệ thống. - quản lý các quy trình ( kế hoạch bán hàng, điều động sales, xử lý sự cố...) của kênh bán hàng gt. - quản lý hàng tồn tại npp, cập nhật thường xuyên những mặt hàng bán mạnh và chậm. - làm các loại báo cáo (báo cáo doanh số, báo tháng ngày tháng quý, báo cáo tình hình sales, v..v)","có ít 01 năm kinh nghiệm giám sát trong lĩnh vực hàng tiêu dùng. - có kinh nghiệm quản lý đội ngũ sales. - có mối quan hệ tốt với các cửa hàng tại khu vực phụ trách; - sử dụng vi tính văn phòng làm báo cáo tuần/tháng/quý. - năng động, nhiệt huyết, chăm chỉ. - khả năng giao tiếp tốt.",trong thời gian 2 tháng thử việc vẫn đảm bảo 100% lương và các chế độ bảo hiểm liên quan. - bảo hiểm theo quy định - phụ cấp - đồng phục - thưởng+ chăm sóc sức khỏe - đào tạo - tăng lương - công tác phí - chế độ nghỉ phép
chuyên viên tư vấn - chăm sóc khách hàng,"– tư vấn và chăm sóc khách hàng về sản phẩm của công ty trên data khách hàng có sẵn qua các kênh điện thoại, nhắn tin zalo, facebook, gửi email,… – gửi thông tin sản phẩm và báo giá qua zalo, facebook, email cho khách. – xác nhận thông tin để làm hợp đồng điện tử từ hệ thống và hoàn thành hồ sơ thanh toán. – tạo mối quan hệ, chăm sóc và duy trì mối quan hệ lâu dài với khách hàng. – quy trình công việc cụ thể sẽ được hướng dẫn chi tiết trong các buổi training.","– tốt nghiệp thpt - trung cấp - cao đẳng – đại học chuyên ngành quản trị kinh doanh, makerting,… – ưu tiên các ứng viên có kinh nghiệm trong lĩnh vực tư vấn, chăm sóc khách hàng – khả năng ăn nói lưu loát, nhanh nhẹn, chăm chỉ và có định hướng rõ ràng trong công việc – ứng viên chưa có kinh nghiệm sẽ được đào tạo.","– được đào tạo ban đầu và từng đợt trong suốt quá trình làm việc. – mức lương: cố định + doanh số từ 7tr – 15tr, tuỳ năng lực và sự đóng góp sẽ được xét tăng tiếp. – ký hợp đồng lao động và hưởng các quyền lợi theo đúng luật lao động (đóng bhxh, bhyt, bhtn…) – có cơ hội luân chuyển, thay đổi công việc cho phù hợp với năng lực, sở trường. – được hưởng các phúc lợi như nghỉ mát hàng năm, quà tặng các dịp lễ, tết, ngày sinh nhật… – phần thưởng giá trị cao hàng tháng, hàng quý cho cá nhân xuất sắc – có nhiều cơ hội thăng tiến và phát triển nghề nghiệp. – làm việc trực tuyến 100% tại văn phòng, không đi thị trường"
nhân viên vận hành nhà máy thủy điện,"vận hành thiết bị của dây chuyền sản xuất trong ca, kíp và phạm vi quản lý theo sự phân công của trưởng ca, gồm có: + phòng điều khiển trung tâm; trạm biến áp 110kv, hệ thống điện một chiều; + hệ thống các thiết bị nâng hạ, công trình cửa nhận nước và đập tràn; - vận hành hệ thống khối máy phát và các thiết bị liên quan khối máy quản lý, thiết bị phụ trợ nhà máy: khí nén, cứu hỏa, bơm tháo cạn, nước sinh hoạt, thống gió, điều hòa không khí, máy lọc dầu,… - thực hiện các công việc theo sự chỉ đạo của ban quản lý nhà máy.","giới tính: nam; - độ tuổi: 22 - 50 tuổi; sức khỏe tốt; - yêu cầu: + trình độ, chuyên môn: có bằng nghề điện từ bậc 3/7 trở lên các trường trung cấp, cao đẳng nghề chuyên ngành điện, cơ khí. ưu tiên ứng viên có kinh nghiệm vận hành nhà máy thủy điện. + phẩm chất: nhanh nhẹn, nhiệt tình, có trách nhiệm, có ý thức bảo quản thiết bị được giao; - công ty sẽ bố trí đào tạo kỹ năng nghề vận hành nhà máy thủy điện cho người lao động.","mức lương: 10,000,000 - 13,000,000 vnđ/tháng - công ty hỗ trợ chỗ ở và ăn trưa; - cung cấp đầy đủ trang thiết bị làm việc; - phụ cấp công tác, thưởng thâm niên, thưởng các ngày lễ tết, cuối năm; - chế độ tăng lương, du lịch, bhxh, bhyt, bhtn."
kế toán trưởng,"quản lý tài chính: lập kế hoạch tài chính , tư vấn sử dụng vốn hiệu quả; quản lý dòng tiền. kiểm soát hệ thống kế toán: tổ chức, kiểm tra và tối ưu hệ thống tài chính kế toán; đối chiếu số liệu thực tế, xử lý sai sót và đảm bảo tính chính xác. lập báo cáo quản trị nội bộ: thực hiện và trình bày các báo cáo tài chính, kinh doanh, quản trị trên excel google sheet; kiểm tra, rà soát các chỉ tiêu trên báo cáo tài chính đảm bảo thông tin chính xác . phân tích và cảnh báo các chi phí về giá vốn, chi phí quản cáo, chi phí nhân sự... để giảm thiểu rủi ro tài chính và tối ưu chi phí cho công ty. lập báo cáo thuế: kiểm soát việc ghi nhận và hạch toán kế toán trên phần mềm misa các nghiệp vụ phát sinh hàng ngày về thuế và lập báo cáo tài chính, kết quả kinh doanh ... theo chuẩn mực kế toán và các quy định hiện hành. xây dựng quy trình: xây dựng các quy trình nghiệp vụ kế toán phù hợp với luồng hoạt động kinh doanh hiện tại của doanh nghiệp để kiểm soát tài chính 1 cách chặt chẽ. quản lý nhân sự: phân công, hướng dẫn và đào tạo nhân viên kế toán; giám sát hoạt động, đánh giá hiệu quả và cải tiến quy trình làm việc. theo dõi lưu trữ hợp đồng kinh tế và các chứng từ kế toán: kiểm soát các hợp đồng và kiểm duyệt thanh toán, đảm bảo tuân thủ quy định pháp luật và quy trình nội bộ. lưu trữ toàn bộ chứng từ kế toán khoa học đảm bảo chứng từ không bị thất lạc. hỗ trợ lãnh đạo: thực hiện các nhiệm vụ khác theo yêu cầu của lãnh đạo và phối hợp với các bộ phận khác khi cần.","học vấn và kinh nghiệm: tốt nghiệp đại học chuyên ngành kế toán, tài chính; tối thiểu 5 năm kinh nghiệm ở vị trí kế toán, ưu tiên trong lĩnh vực bán lẻ; thành thạo tin học văn phòng đặc biệt là excel và phần mềm kế toán; kỹ năng quản lý, phân tích báo cáo, giao tiếp và đàm phán tốt; cẩn thận, trung thực, có trách nhiệm, tinh thần đoàn kết, khả năng làm việc độc lập và theo nhóm; có kỹ nang tuy duy tốt tư duy toán học tư duy logic; có kỹ năng kiểm soát số liệu tốt; có kỹ năng phân tích tài chính, khả năng lập và phân tích báo cáo kế toán cũng như quản trị tài chính doanh nghiệp... am hiểu về pháp luật như luật thương mại, các luật về thuế...","mức lương từ 20-30 triệu, chế độ phúc lợi đầy đủ theo quy định của công ty trong từng thời điểm cơ hội thăng tiến, phát triển sự nghiệp trong môi trường chuyên nghiệp. hưởng các chế độ bhyt, bhxh, bhtn và các phúc lợi khác theo đúng quy định của luật lao động và của công ty. được đi du lịch và tham gia các hoạt động vui chơi, giải trí khác do công ty tổ chức hàng năm. môi trường làm việc trẻ, năng động, sáng tạo, chuyên nghiệp, được tạo điều kiện để phát huy tối đa năng lực bản thân."
thực tập sinh nhân sự,nhập hồ sở nhân sự nhập cơ sở dữ liệu nhân sự lên phần mềm nhân sự thực hiện các công việc khác theo hướng dẫn của phòng nhân sự,"trung thực, nhanh nhẹn, cẩn thận","xe đưa đón, đào tạo"
giám sát hệ thống bán hàng & quản lý hỗ trợ,"công ty cp kinh doanh tm &sx anh khôi tuyển dụng ✅mô tả công việc 1. theo dõi vận hành của các điểm bán hàng trong hệ thống (trên 500 điểm) - phân tích đánh giá được kết quả bán hàng để duy trì/ cập nhật/ cải tiến kế hoạch bán hàng để có kết quả kinh doanh tối ưu. - chủ động đề xuất những chương trình, hoạt động nhằm thúc đẩy hoạt động tại các điểm bán hàng hiệu quả 2. chăm sóc khách hàng - chăm sóc các điểm bán hàng theo lịch trình. - kiểm tra trưng bày hàng hoá/ tồn kho/ ctkm/ posm/ giá bán ... - duy trì mối quan hệ chặt chẽ với khách hàng; tương tác thường xuyên với nhân viên, quản lý trong hệ thống để kịp thời xử lý những công việc phát sinh. 3. training kiến thức sản phẩm nhân viên bán hàng. 4. báo cáo công việc định kỳ/ đột xuất theo yêu cầu của quản lý trực tiếp. 5. thực hiện các nhiệm vụ khác do quản lý trực tiếp phân công.",yêu cầu ứng viên - tốt nghiệp cao đẳng trở lên các chuyên ngành kinh tế... - tin học: sử dụng tốt microsoft office - kinh nghiệm công tác: có từ 1 – 3 năm làm việc tại vị trí tương đương . - ưu tiên các ứng viên sử dụng xe ô tô để di chuyển,"lương 15-20 triệu + thưởng kpi + thưởng trực tiếp theo hiệu quả công việc - tham gia các buổi team building, du lịch - các chế độ thưởng các ngày lễ tết (tết dương lịch, âm lịch, 8/3, 2/9/ 20/10…), tháng lương 13 - được tham gia các chế độ bảo hiểm theo quy định và hưởng đầy đủ các chế độ phúc lợi (hiếu hỉ, sinh nhật…)"
tài xế lái xe,"lái xe đưa đón, chuyên chở ban giám đốc và cbcnv hoặc khách hàng theo yêu cầu của ban giám đốc. - bảo quản, giữ gìn xe, đảm bảo xe luôn sẵn sàng thực hiện tốt nhiệm vụ được giao. - theo dõi, bảo trì, bảo dưỡng và sửa chữa xe - thực hiện các công việc khác theo yêu cầu của ban giám đốc. - làm việc tại: c6/4c, ấp 3, vĩnh lộc b, bình chánh, tp.hcm","tuổi từ 20-35, làm việc tại tp hcm ổn định, lâu dài - kinh nghiệm lái xe 01 năm trở lên - sức khỏe tốt, trung thực chăm chỉ - giới tính: nam - độ tuổi: dưới 40 tuổi - trình độ : + 9/12 + bằng lái dấu c","mức lương: từ 8.000.000 - 12.000.000 đồng/ tháng hoặc thỏa thuận theo năng lực - thưởng sáng kiến - thưởng thâm niên - thưởng năng suất - bhxh, bảo hiểm an toàn cá nhân 24/24 - thưởng tháng 13 theo quy định"
giao dịch viên tài chính - làm việc tại cửa hàng pnj,"người bạn vàng là đối tác chiến lược của pnj - chuỗi mua bán đồ hiệu (kim cương, đồng hồ cao cấp, túi xách hàng hiệu) và cầm đồ trong pnj... các bạn giao dịch viên sẽ làm việc bên trong cửa hàng trang sức pnj khu vực trung tâm hà nội. công việc chính của giao dịch viên bao gồm: hỗ trợ khách hàng trong dịch vụ kiểm định, mua - bán kim cương, túi xách hàng hiệu, đồng hồ cao cấp. triển khai các chương trình phát triển khách hàng mảng cầm đồ, phát triển doanh số cửa hàng các bước để hoàn tất 1 giao dịch cầm cố cho khách: đón tiếp khách -> nhận sản phẩm kiểm tra (có công cụ hỗ trợ) -> định giá sản phẩm -> tư vấn, thuyết phục -> hỗ trợ làm hợp đồng -> hỗ trợ khách đóng lãi, chuộc, chăm sóc khách hàng... thực hiện giao dịch với với khách hàng tại phòng giao dịch chính và các điểm giao dịch lân cận. thời gian làm việc: làm việc ca xoay, ca 1: 8:30 - 16:30, ca 2: 16:00 - 20:30. mỗi tuần nghỉ 01 ngày, làm full 01 ngày.","độ tuổi: từ 21 đến 30. tốt nghiệp từ trung cấp/ cao đẳng/ đại học, ưu tiên các chuyên ngành về kinh tế/ kinh doanh,... có kinh nghiệm từ 6 tháng trở lên sử dụng tin học văn phòng cơ bản. yêu thích làm việc trong lĩnh vực dịch vụ khách hàng. có kỹ năng giao tiếp, tư vấn, chăm sóc, thuyết phục khách hàng tốt.","thu nhập: lương cơ bản (8 triệu) + thưởng. thu nhập trung bình: 10 - 20tr. được đào tạo từ đầu về tài chính, dịch vụ khách hàng, trang sức, các kỹ năng mềm cần thiết khác... có lộ trình thăng tiên, phát triển nghề nghiệp rõ ràng môi trường: xây dựng trên giá trị tin cậy - tận tâm - thân thiện. đồng nghiệp trẻ, năng động, thân thiện. có chế độ bảo hiểm xã hội, bhyt, lương tháng 13, thưởng cuối năm, hoạt động team-building và các hoạt động hàng tuần, hàng tháng..."
chuyên viên marketing online,"xây dựng các kế hoạch và ngân sách cho các chiến dịch quảng cáo facebook, google ads, và các kênh marketing online khác. - trực tiếp triển khai các chiến dịch quảng cáo trên facebook, google theo ngân sách được duyệt. - báo cáo, đánh giả kết quả của các chiến dịch quảng cáo và truyền thông mà mình thực hiện. - theo dõi các xu hướng của thị trường và thông tin về đối thủ cạnh tranh trên các trang mxh. - phối hợp với các bộ phận khác để cùng triển khai kế hoạch chạy quảng cáo hiệu quả. - lên ý tưởng và phối hợp với các bộ phận khác để biên soạn nội dung quảng cáo (bao gồm: viết nội dung, trình bày nội dung, ý tưởng hình ảnh). làm các video clip, hình ảnh,... để quảng cáo dịch vụ sản phẩm.","độ tuổi: 25 – 35 tuổi. tốt nghiệp cđ/ đh chuyên ngành marketing, qtkd,... - tính cách cẩn thận, vui vẻ, nhiệt tình, có tính thẩm mỹ - ưu tiên người có kinh nghiệm cứng tối thiểu 1 năm về chạy facebook ads và các thủ thuật triển khai facebook ads, google ads - biết sử dụng các phẩm mềm chỉnh sửa ảnh, làm video clip,...","lương cơ bản : 8 triệu/ tháng (thỏa thuận dựa theo năng lực) - thu nhập : lương cb + hoa hồng kinh doanh ( theo doanh số ). không giới hạn theo năng lực. - bhxh - du lịch, team building hàng năm."
[miền bắc] nhân viên tư vấn tín dụng,"tự do tìm kiếm và thiết lập quan hệ với khách hàng; tư vấn và thuyết phục khách hàng sử dụng các sản phẩm cho vay tiền mặt, cho vay mua trả góp của công ty; hỗ trợ, hướng dẫn khách hàng hoàn tất hồ sơ vay; chăm sóc khách hàng sau bán hàng; lập kế hoạch kinh doanh độc lập, đảm bảo hoàn thành chỉ tiêu đề ra; đóng góp ý kiến để xây dựng đội ngũ kinh doanh; báo cáo cho cấp trên đúng quy định; địa điểm làm việc: toàn quốc và tất cả các tỉnh khu vực miền bắc.","nam/nữ, nhiệt tình, năng động, yêu thích công việc kinh doanh, tư vấn các sản phẩm tín dụng trong ngành tài chính ngân hàng… ưu tiên cho các ứng viên có kinh nghiệm kinh doanh các sản phẩm cho vay tín dụng, tiêu dùng có khả năng giao tiếp, đàm phán và giải quyết vấn đề tốt trung thực, có khả năng làm việc độc lập và tinh thần làm việc đồng đội có tinh thần cầu tiến, khát vọng thành công và khả năng làm việc dưới áp lực cao","được tham gia các khóa huấn luyện và đào tạo về kiến thức sản phẩm, kỹ năng bán hàng, kỹ năng làm việc nhóm, và các kỹ năng mềm khác. được hỗ trợ và tạo nhiều điều kiện để phát triển thị trường, khách hàng. thu nhập: lương căn bản + các khoản thưởng theo doanh số và các chế độ đãi ngộ hấp dẫn khác. hưởng chế độ nghỉ phép năm theo quy định. thời gian làm việc linh động. môi trường làm việc thân thiện, năng động. cơ hội thăng tiến và phát triển bản thân. sau mỗi 6 tháng làm việc được xem xét tăng lương, các mức thưởng và cơ hội trở thành trưởng nhóm, giám sát kinh doanh với chế độ đãi ngộ cao cho từng vị trí."
nhân viên chăm sóc khách hàng online,"tiếp nhận & giải đáp, tư vấn sản phẩm, hỗ trợ thông tin cho khách hàng thông qua hotline/online/ email/ văn bản - thực hiện các cuộc gọi khách hàng theo chiến lược của công ty; nhận và trả lời các cuộc gọi đến - làm rõ và hỗ trợ khách hàng trước và sau khi giải quyết các khiếu nại - báo cáo, thực hiện công việc theo nội quy, quy định của công ty trên trang công việc chung, phần mềm. - thực hiện các công việc được phân công sắp xếp từ ban lãnh đạo và tổ trưởng","ưu tiên có kinh nghiệm về chăm sóc khách hàng, sử dụng thành thạo hệ thống sop, crm - trung thực, cẩn thận, và có tinh thần trách nhiệm cao trong công việc - có khả năng tư duy nghiệp vụ, tư duy dịch vụ khách hàng và quản trị rủi ro trong vận hành","1. chế độ lương, thưởng - lương cơ bản từ 7.000.000-10.000.000 triệu/tháng + phụ cấp + thưởng - hoa hồng theo doanh số hấp dẫn - thưởng lễ, tết, thưởng doanh thu, du lịch hàng năm 2. phúc lợi - đầy đủ các chế độ bảo hiểm theo đúng quy định của pháp luật - có lộ trình thăng tiến, phát triển rõ ràng - môi trường làm việc trẻ trung, năng động"
kế toán bán hàng,"tiếp nhận chăm sóc khách hàng lên đơn hàng, ra hoá đơn bán hàng, theo dõi tiến độ sản xuất và giao hàng. - cập nhật thu – chi hàng ngày lên phần mềm kế toán. - theo dõi công nợ của khách hàng. - theo dõi kho hàng, xuất - nhập.","khả năng giao tiếp tốt. - sử dụng tốt phần mềm kế toán - có kinh nghiệm kế toán bán hàng là lợi thế. - tốt nghiệp trung cấp trở lên các khối ngành kinh tế: qtkd, kế toán, tài chính,... - chịu khó, có khả năng chịu áp lực tốt.",lương cứng: 7.000.000 - đóng bảo hiểm xh - thưởng chuyên cần - thời gian làm việc trong giờ hành chính - được nghỉ lễ tết theo quy định nhà nước - nghỉ 3 ngày/ tháng - làm được 1 đến 2 chủ nhật/ tháng
nhân viên kinh doanh vật tư y tế (product specialist),"lên kế hoạch và triển khai thực hiện kế hoạch kinh doanh theo tháng/quý/năm; cập nhật dữ liệu bán hàng, báo cáo doanh số tuần/tháng/quý/năm, thực hiện báo cáo chi tiết doanh số bán hàng; nghiên cứu, thu thập và phân tích thông tin về thị trường, nhu cầu khách hàng; duy trì, phát triển mạng lưới khách hàng hiện tại, thúc đẩy và mở rộng thị trường; làm báo giá, thư chào hàng, hồ sơ thầu và theo dõi tiến độ thực hiện hồ sơ thầu; tư vấn, tiếp nhận các câu hỏi của khách về nhóm sản phẩm công ty phân phối; xây dựng, đề xuất các chính sách nâng cao hiệu quả kinh doanh; thực hiện các công việc liên quan khác theo yêu cầu của ban giám đốc","tốt nghiệp cao đẳng, đại học. kỹ năng thuyết trình, đàm phán, giao tiếp tốt. năng động, cầu tiến. khả năng làm việc độc lập và làm việc theo nhóm. tiếng anh giao tiếp, đọc hiểu tài liệu chuyên môn. thành thạo tin học văn phòng. đi công tác tỉnh khi có yêu cầu từ công việc.","thời gian thử việc: 02 tháng. mức lương thử việc: 85% lương chính thức. mức lương chính thức: thỏa thuận. thời gian làm việc chính thức: toàn thời gian, từ 8h sáng đến 5h chiều, thứ hai đến sáng thứ bảy hằng tuần. tùy theo tính chất công việc sẽ có sự linh hoạt về thời gian. được làm việc trong môi trường chuyên nghiệp, ổn định và phát triển được đảm bảo các chế độ về bhxh, bhyt, bhtn và các quyền khác theo quy định của pháp luật và quy chế công ty. được đào tạo định kỳ về các kỹ năng làm việc."
kỹ sư giám sát (nhận việc ngay),"· khảo sát, lập kế hoạch, tiến độ công việc và công tác chuẩn bị thi công; · nghiên cứu và triển khai chính xác bản vẽ, tiêu chuẩn kỹ thuật và biện pháp thi công; · triển khai trực tiếp công tác thi công, quản lý và giám sát các đội/nhóm thi công, thầu phụ và nhà cung cấp; · đảm bảo công tác thi công theo đúng quy trình quản lý chất lượng, an toàn vệ sinh lao động và tiến độ đối với khu vực được phân công đảm trách; · quản lý vật tư, thiết bị, tính toán và xác nhận khối lượng thi công. · báo cáo tiến độ công việc thực hiện trong ngày, tuần, tháng… yêu cầu công việc: · tốt nghiệp cao đẳng, đại học chuyên ngành xây dựng dân dụng và công nghiệp. · sử dụng thành thạo ms project để lập tiến độ thi công. · thành thạo các phần mềm vi tính chuyên môn và văn phòng để thực hiện các nhiệm vụ khác khi được cấp trên giao. · trung thực, nhiệt huyết, có trách nhiệm cao với công việc. · khả năng chịu được áp lực công việc và sẵn sàng công tác xa.","· tốt nghiệp cao đẳng, đại học chuyên ngành xây dựng dân dụng và công nghiệp.","· lương 8,000,000 - 20,000,000 đồng hoặc cao hơn, tùy theo năng lực &amp; trình độ của ứng viên. · thưởng theo năng lực. · cơ hội thăng tiến trong môi trường chuyên nghiệp, năng động; · chính sách bhxh, bhyt và các phúc lợi khác theo đúng quy định của luật lao động; · hưởng các chế độ thưởng lễ, tết, được đi du lịch hàng năm (theo quy định của công ty); · được xét tăng lương hàng năm; hỗ trợ chi phí đi công tác…"
classyc hotel - tuyển restaurant hostess,"tiếp nhận các cuộc điện thoại và nhận yêu cầu đặt bàn cho khách. - đưa thực đơn cho khách và giới thiệu thực đơn tự chọn đặc biệt hàng ngày, chú ý đến yêu cầu - cung cấp đầy đủ các thông tin về hoạt động của nhà hàng và của khách trong nhà hàng... của khách. - liên hệ với khách để quảng bá các chương trình đặc biệt của nhà hàng. - chịu trách nhiệm việc ghi lại những yêu cầu đặc biệt của khách - và các công việc khác",có kinh nghiệm - ngoại ngữ thành thạo - có khả năng chịu áp lực trong công việc. - tác phong làm việc khoa học và chuyên nghiệp. - khả năng làm việc độc lập và theo nhóm.,"lương cơ bản cạnh tranh/ lương tháng thứ 13./ svc,.. - tham gia các hoạt động chung của công ty : teambuilding, liên hoan, sự kiện- môi trường làm việc trẻ trung năng động. - phụ cấp ăn ca + phí gửi xe - môi trường làm việc chuyên nghiệp - các chính sách khác theo chính sách của khách sạn và luật bảo hiểm xã hội hiện hành. - được đóng bhxh, bhyt, bhcn - được nghỉ 1 ngày trong tuần"
trưởng nhóm bán hàng lương từ 14 - 40 triệu đi làm ngay -tân bình,"quản lý và chịu trách nhiệm công việc team theo ngày, tuần và tháng. - đảm bảo chỉ số kpi của team theo giờ và ngày (kiểm tra kpi theo giờ để nắm bắt hỗ trợ team kịp thời) - thúc đẩy hiệu quả đạt target doanh số. - hỗ trợ hướng dẫn các thành viên trong team khi có các tính huống/ cuộc gọi khó xử lý. - làm báo cáo hoạt động của team, công việc hàng ngày và hỗ trợ cần thiết. - ghi nhận feedback từ team khi khách hàng phản ánh về sản phẩm, quà tặng, vận chuyển,… - làm 1 số công tác từ quản lý. - thời gian: 8h00 - 17:00 - thứ 2 – thứ 7 (nghỉ chủ nhật) yêu cầu công việc: - tốt nghiệp từ cao đẳng trở lên. - có kinh nghiệm tối thiếu 1 năm tại các vị trí tương đương như telemarketing team leader/ supervisor, telesales team leader/ supervisor. - kinh nghiệm lead team tối thiểu từ 10 nhân viên trở lên. - có kinh nghiệm quản lý team, đào tạo hỗ trợ các thành viên trong team. - có kinh nghiệm làm báo cáo, lên kế hoạch làm việc. - không ngại khó khăn trong công việc.",tốt nghiệp từ cao đẳng trở lên.,"thu nhập cạnh tranh, trao đổi cụ thể trong buổi phỏng vấn (lương cứng + thưởng kpi) - cung cấp các thiết bị cần thiết trong quá trình làm việc, miễn phí gửi xe. - thử việc: 2 tháng. - lương tháng 13, thưởng kpi và hiệu quả kinh doanh. - xem xét lương theo năm. - tham gia các khóa đào tạo nâng cao nghiệp vụ và kỹ năng. - đóng đầy đủ bhxh, bhyt và các chế độ theo luật lao động. - tham gia các hoạt động nội bộ: team building, year end party, tiệc sinh nhật hàng tháng, giáng sinh,... - quà sinh nhật, quà tặng ngày lễ cho nhân viên và gia đình (8/3, 1/6, 20/10, trung thu,...)."
nhân viên kỹ thuật sơn,"kiểm tra vật tư nguyên liệu đầu vào. - theo dõi sản xuất sơn hệ dung môi, sơn hệ nước (qc) - đo kiểm, đánh giá các chỉ tiêu kỹ thuật của sơn hệ dung môi, sơn hệ nước - kiểm tra sản phẩm khách hàng trả về, sản phẩm không phù hợp - thực hiện công tác khác theo yêu cầu của trưởng phòng.","tốt nghiệp cao đẳng trở lên các ngành marketing-quản trị kinh doanh. - kinh nghiệm 2 năm trong công tác tiếp thị, bán hàng. - có kỹ năng giao tiếp tốt, giữ mối quan hệ tốt với đại lý, cửa hàng. - biết sử dụng các phần mềm bán hàng. - kỹ năng về tiếp thị, quản lý và chăm sóc khách hàng. - có khả năng đi công tác dài ngày theo yêu cầu công việc - các kỹ năng mềm khác theo yêu cầu công việc. - tốt nghiệp trung cấp hóa trở lên - kinh nghiệm 2 năm","thu nhập trung bình từ 8 - 10 triệu/ tháng - mức lương - thưởng cạnh tranh, sẽ xứng đáng với năng lực làm việc, sẽ trao đổi trong quá trình phỏng vấn - phụ cấp - đồng phục - thưởng lễ tết,... - nghỉ phép năm, lễ tết theo qui định - xem xét tăng lương theo năng lực - du lịch cùng công ty - được đảm bảo các quyền lợi, chế độ theo quy định của pháp luật lao động và các chính sách phúc lợi của công ty. - tham gia đầy đủ bảo hiểm, chăm sóc sức khỏe theo qui định - môi trường làm việc chuyên nghiệp, năng động, hiện đại. - được đào tạo hướng dẫn nhằm nâng cao kiến thức, chuyên môn. cơ hội thăng tiến - quyền lợi cụ thể hơn sẽ được trao đổi khi phỏng vấn"
trợ lý kinh doanh tiếng trung - quận 7,soạn thảo và phiên dịch các tài liệu từ tiếng việt sang tiếng trung và ngược lại phiên dịch trong các cuộc họp liên hệ với khách hàng bằng tiếng trung các công việc khác theo yêu cầu của cấp trên,"tuổi: 18t – 35t - biết sử dụng máy tính, word, excel…đã từng đăng tin trên các trang mạng là một lợi thế. - có xe máy , làm việc tại: hồ chí minh hoặc bình dương (linh động lựa chọn) - không cần bằng cấp, không cần kinh nghiêm, sẽ được đào tạo - lịch sự, làm việc có trách nhiệm. - giới tính: nam/nữ/lgpt tiếng trung thành thạo 4 kỹ năng biết sử dụng vi tính văn phòng kỹ năng giao tiếp tốt chịu khó, chăm chỉ có ý chí cầu tiến trong công việc vui vẻ hòa đồng, có trách nhiệm trong công việc","lương thỏa thuận theo năng lực hưởng mọi chế độ theo quy định của luật lao động, đóng bhxh, các chế độ khác như: sinh nhật; ốm đau, hiếu hỷ; thai sản tham quan, du lịch, nghỉ mát hàng năm. làm việc trong môi trường năng động, có cơ hội thăng tiến."
nhân viên editor,"thiết kế thumbnail cho video và cover channel; đề xuất các ý tưởng, sáng tạo liên quan đến kịch bản nhằm mang lại hiệu quả. thiết kế tạo hình ảnh, nội dung, hiệu ứng cho video. biên tập, chỉnh sửa, cắt ghép hình ảnh, âm thanh thành video hoàn chỉnh để đăng trên các kênh youtube phối hợp cùng các phòng ban: nghiên cứu, phân tích, đánh giá thị trường để đưa ra kế hoạch công việc phù hợp; thực hiện các công việc liên quan khác theo yêu cầu của cấp trên","nam, nữ độ tuổi từ 21 – 28 tuổi chấp nhận sinh viên vừa mới ra trường, chưa có kinh nghiệm được đào tạo làm việc bài bản được cung cấp thiết bị làm việc tốt nghiệp cao đẳng, đại học chính quy sử dụng thành thạo máy tính, ưu tiên ứng viên biết sử dụng các phần mềm chỉnh sửa ảnh, video như photoshop, premiere có khả năng làm việc nhóm, có tinh thần trách nhiệm, chịu được áp lực công việc và chịu khó; có mong muốn gắn bó lâu dài với công ty","lương cơ bản 7-10 triệu + thưởng doanh thu hàng tháng phụ cấp xăng xe 200.000đ; trợ cấp ăn trưa 500.000đ và có chỗ nghỉ tại công ty. được cung cấp thiết bị làm việc hiện đại. thưởng các ngày lễ, tết, chúc mừng sinh nhật, thăm hỏi ốm đau, hiếu hỉ,… các chế độ đãi ngộ, phúc lợi khác theo quy định của nhà nước và công ty (bhxh, bhyt, bhtn, nghỉ phép năm...). tham gia các hoạt động du lịch, nghỉ mát, teambuilding của công ty. văn hóa cởi mở, tích cực, hướng tới mục tiêu chung. văn phòng, cơ sở vật chất, trang thiết bị làm việc đầy đủ và hiện đại"
gs tttd,"tham gia xây dựng chính sách tuân thủ/khung tuân thủ, bộ chỉ tiêu tuân thủ của ocb. tham gia xây dựng quy định về nhận diện, đánh giá, đo lường, kiểm soát tuân thủ (bao gồm cả chế tài tuân thủ); lập hồ sơ tuân thủ và các biện pháp giảm thiểu rủi ro tuân thủ. tham gia xây dựng quy định, quy trình, hướng dẫn tuyến bảo vệ thứ nhất thực hiện nhận diện, đánh giá, đo lường kiểm soát tuân thủ và lập hồ sơ tuân thủ tại các đơn vị ocb. tham gia xây dựng, hướng dẫn áp dụng, tiếp nhận và quản lý hệ thống báo cáo tuân thủ, báo cáo kết quả tự kiểm tra đánh giá kiểm soát nội bộ, báo cáo phòng chống gian lận và báo cáo hành vi vi phạm pháp luật nghiêm trọng được lập và báo cáo bởi các đơn vị thuộc tuyến bảo vệ thứ nhất. tiếp nhận các thông tin vi phạm tuân thủ, gian lận; phối hợp với đơn vị nghiệp vụ có liên quan điều tra gian lận, đánh giá vi phạm tuân thủ, gian lận; kiến nghị và đề xuất các giải pháp xử lý liên quan. phối hợp với khối qlrr để triển khai đánh giá rủi ro tuân thủ, rủi ro gian lận, đề xuất các giải pháp kiểm soát, phòng ngừa, giảm thiểu rủi ro tuân thủ, rủi ro gian lận. tham gia cập nhật, bổ sung và điều chỉnh chính sách, quy định của ocb phù hợp quy định của pháp luật hiện hành liên quan đến công tác nội bộ của phòng","tốt nghiệp đại học trở lên chuyên ngành ngân hàng, tài chính, kế toán, kinh tế, luật hoặc các chuyên ngành khác có liên quan. có kinh nghiệm từ 3 - 5 năm ở vị trí tương đương. có kiến thức chuyên sâu về tín dụng, quản trị rủi ro tín dụng. am hiểu sản phẩm, dịch vụ, quy trình, quy định tín dụng ngân hàng kỹ năng phân tích và tổng hợp thông tin, đề xuất các phương án thực hiện sẵn sàng, chủ động và có tinh thần trách nhiệm cao trong công việc sẵn sàng đi công tác",phúc lợi máy tính xách tay bảo hiểm du lịch phụ cấp đồng phục thưởng chăm sóc sức khỏe đào tạo tăng lương công tác phí phụ cấp thâm niên chế độ nghỉ phép tùy theo chích sánh trong từng thời kỳ.
kế toán tổng hợp,"thu thập, kiểm tra tính hợp lệ của chứng từ hóa đơn đầu vào và thực hiện hạch toán các nghiệp vụ phát sinh hàng ngày. - phối hợp với bộ phận kỹ thuật, bp.thanh toán để cập nhật tiến độ công trình kịp thời và theo dõi chi phí, doanh thu từng hạng mục công trình. cân đối doanh thu - chi phí theo từng công trình. - theo dõi, hạch toán khấu hao tscđ, ccdc và phân bổ chi phí thực tế theo tháng. - theo dõi công nợ: công nợ phải thu, công nợ phải trả và kiểm tra công nợ từng hợp đồng trước khi thanh toán. - giao dịch làm việc với ngân hàng: lập giấy nộp tiền thuế, bảo hiểm và làm hồ sơ giải ngân - địnhh kỳ hàng quý: kê khai thuế gtgt, tncn. - định kỳ hàng năm: lập bctc, quyết toán thuế tndn, tncn nộp cho cơ quan thuế theo quy định. giải trình số liệu và cung cấp hồ sơ, số liệu cho cơ quan thuế, kiểm toán theo yêu cầu của kế toán trưởng và ban giám đốc. - kiểm soát các báo cáo, tờ khai thuế trước khi trình cấp trên. - lưu trữ dữ liệu, hồ sơ kế toán theo quy định.","tốt nghiệp cao đẳng trở lên các ngành kế toán, kiểm toán, tài chính... - tối thiểu 3-5 năm kinh nghiệm làm kế toán tổng hợp hoặc kế toán thuế tại công ty xây dựng. - sử dụng thành thạo: microsoft word, excel, phần mềm kế toán: misa - hiểu biết về hệ thống thuế, bao gồm gtgt, thuế tncn và các loại thuế khác liên quan đến hoạt động kinh doanh. - khả năng tư duy, giao tiếp, sắp xếp quản lý thời gian; làm việc độc lập, làm việc nhóm. - là người trung thực, luôn tuân thủ các quy tắc đạo đức và chuẩn mực chuyên nghiệp trong công việc kế toán. - ưu tiên: ứng viên có kinh nghiệm, đã làm qua cty thi công về lĩnh vực pccc, cơ điện và hệ thống cấp thoát nước.","a. thời gian làm việc: thứ 2 - thứ 7 b. địa điểm làm việc: 15 bến lội, phường bình trị đông a, quận bình tân, tp. hcm c. mức lương và chế độ phúc lợi: - mức lương: 15-17tr - thưởng lễ, tết, tháng lương 13,... - được tham gia bảo hiểm xã hội, bảo hiểm y tế theo quy định công ty. - môi trường làm việc chuyên nghiệp, năng động và thân thiện"
nhân viên content marketing,"phụ trách nội dung cho fanpage, content website tối ưu seo, ... lên kế hoạch triển khai nội dung cho các chiến dịch trên các kênh social: facebook, youtube, tiktok, ... viết bài, đăng bài lên các blog, diễn đàn, mạng xã hội để quảng bá có kỹ năng phân tích, đánh giá hiệu quả của nội dung phối hợp với nhóm & phòng ban liên quan để đảm bảo công việc các công việc khác theo sự phân công của leader","nam/ nữ, tuổi từ 22 - 35 ứng viên có kinh nghiệm từ 1 năm trở lên có kỹ năng giao tiếp, làm việc nhóm, quản lý thời gian trung thực, nhiệt tình, chủ động và có trách nhiệm với công việc hiểu biết về content marketing, content seo biết sử dụng các công cụ cơ bản hỗ trợ sáng tạo nội dung: chat gpt, gemini, canva,... ưu tiên đã có kiến thức hiểu biết về lĩnh vực mẹ và bé","mức lương: 9 -15tr++ thời gian làm việc: giờ hành chính, thứ 2 - thứ 7. tháng được nghỉ 01 ngày phép năm khi lên chính thức được làm việc trong môi trường chuyên nghiệp, năng động. được tham gia đóng bảo hiểm xã hội, bảo hiểm y tế theo quy định sau khi hết thời gian thử việc. thưởng lễ, tết và các ngày kỷ niệm theo quy định chung của công ty. được làm việc trong môi trường chuyên nghiệp, năng động."
nhân viên telesale ngành giáo dục lương 15-20 triệu,"bạn biết đấy: bạn có kinh nghiệm, có kỹ năng, bạn cho rằng mình giỏi nhưng vẫn chưa kiếm được nhiều tiền như kỳ vọng? bạn cần phải lựa chọn một công ty phù hợp để có đầy đủ điều kiện để phát triển sự nghiệp của bạn một cách lâu dài và biến ước mơ giàu có của bạn trở thành hiện thực. - chúng tôi có sản phẩm tốt, những chuyên gia số 1 trong lĩnh vực, hệ thống quản lý chăm sóc khách hàng thông qua crm, call center vô cùng hiện đại, chuyên nghiệp, đội ngũ sáng lập, điều hành rất giỏi và dày dặn kinh nghiệm.... - chúng tôi áp dụng mô hình bán hàng thông qua hội thảo vô cùng hiệu quả đã chứng mình trong suốt 8 năm rồi. - nếu bạn rơi vào trường hợp trên thì bạn chính là cộng sự mà công ty chúng tôi muốn tìm kiếm. vậy công việc cụ thể của bạn là gì: - bạn cần gọi điện thoại mời khách hàng tham dự các chương trình hội thảo của công ty (khách hàng công ty đưa) - bạn cần có mặt tại hội thảo để tư vấn và chốt deal - bạn cần gọi điện thoại chăm sóc lại cho khách hàng sau khi sự kiện kết thúc. - bạn phải có kỹ năng xây dựng mối quan hệ tốt với khách hàng nhé. - chúng tôi sẽ trao đổi cụ thể hơn trong buổi phỏng vấn với bạn.","bạn đã tốt nghiệp trung học trở lên, đam mê nghề sales, có kỹ năng, kinh nghiệm tốt. - bạn trung thực, nhiệt huyết, sẵn sàng giành mọi ưu tiên giành cho công việc. - bạn sẵn sàng làm việc ngoài giờ hoặc cuối tuần khi có sự kiện hoặc công ty yêu cầu. - có giọng nói rõ ràng, dễ nghe - kỹ năng giao tiếp tốt, - luôn tự tin, đầy năng lượng, lịch sự, thân thiện; năng động; - bền bỉ, kiên cường; - sử dụng thành thạo vi tính cơ bản; tiếng anh tốt là một điểm cộng.","lương cố định 7-10 triệu + thưởng doanh số. thu nhập ổn định 15-20 triệu/ tháng (không giới hạn thu nhập), - lương tháng 13, thưởng tết, nghỉ phép 12 ngày/ năm - review điều chỉnh lương mỗi năm. nếu bạn làm việc vượt trên kỳ vọng thì bạn có thể được tăng lương nhiều lần/ năm. - thời gian làm việc từ thứ 2 - thứ 6, sáng thứ 7. - làm việc trong khu đô thị hiện đại bậc nhất việt nam ""vinhomes central park"", có hồ bơi, phòng tập gym, vườn nướng bbq, tòa nhà cao nhất việt nam, công viên rộng nhất đông nam á. - môi trường làm việc chuyên nghiệp, đồng nghiệp thân thiện, sếp dễ thương - giải thưởng nhân viên xuất sắc theo từng tháng/ quý. - tham gia các hoạt động team building hàng năm do công ty tổ chức...v.v. - chắc chắn rằng bạn sẽ được học vô vàn những kiến thức về tiền mà cả đời bạn chưa bao giờ được nghe đến, đây sẽ là một môi trường làm việc tốt gia tăng cơ hội xây dựng sự nghiệp giàu có cho bạn. - nhận offer công việc và đi làm ngay."
nhân viên tuyển dụng,"tiếp nhận & giải đáp, tư vấn sản phẩm, hỗ trợ thông tin cho khách hàng thông qua hotline/online/ email/ văn bản - thực hiện các cuộc gọi khách hàng theo chiến lược của công ty; nhận và trả lời các cuộc gọi đến - làm rõ và hỗ trợ khách hàng trước và sau khi giải quyết các khiếu nại - báo cáo, thực hiện công việc theo nội quy, quy định của công ty trên trang công việc chung, phần mềm. - thực hiện các công việc được phân công sắp xếp từ ban lãnh đạo và tổ trưởng","nhanh nhẹn và vui vẻ , thật thà có trách nhiệm với công việc","thu nhập: 8.000.000 - 10.000.000đ=lương cơ bản + các hệ số lương trách nhiệm, hoa hồng trách nhiệm và hoa hồng lợi nhuận trực tiếp theo cơ chế của bộ phận - hưởng các chế độ bhxh, bh sức khoẻ 24/7, khám sức khoẻ định kỳ,... - tạo điều kiện phát huy tối đa giá trị bản thân - hỗ trợ các trang thiết bị cần thiết cho công việc"
nhân viên kinh doanh,"tiếp nhận danh sách khách hàng hiện có của công ty, làm đầu mối liên hệ giữa khách hàng và insy food tìm kiếm, phát triển kênh đại lý là các cá nhân, doanh nghiệp phù hợp với sản phẩm và thị trường tư vấn và lên đơn hàng cho khách hàng cá nhân và đại lý chăm sóc khách hàng cá nhân và đại lý thực hiện các nhiệm vụ khác theo phân công của ban giám đốc","yêu thích trái cây ứng viên có kinh nghiệm làm việc trong vị trí nhân viên kinh doanh, chăm sóc khách hàng từ 6 tháng trở lên, ưu tiên ứng viên đã làm trong ngành thực phẩm, nông sản có kỹ năng giao tiếp, kỹ năng tư vấn, chăm sóc khách hàng, phân tích và tổng hợp thông tin tốt nhạy bén trong kinh doanh, năng động, sáng tạo và cầu tiến thành thạo các phần mềm văn phòng có laptop cá nhân, phương tiện đi lại","lương cứng từ 7-9 triệu + bonus không giới hạn môi trường làm việc năng động, thân thiện được tạo điều kiện làm việc chủ động, nâng cao hiệu suất, làm thật - được thật được đào tạo nâng cao kỹ năng và chuyên môn từ chuyên gia cố vấn doanh nghiệp nghỉ mát hàng năm do công ty phối hợp cùng công đoàn tổ chức"
nhân viên phát triển kinh doanh (toàn quốc),"· hàng tuần lập kế hoạch công tác chi tiết cho tuần, tháng, quý gởi trưởng phòng duyệt · thực hiện công tác bán hàng, hỗ trợ các tdv theo đúng kế hoạch bán hàng. · báo cáo kết quả bán hàng theo ngày theo yêu cầu của quản lý. · tiếp nhận ý kiến, phản hồi từ khách hàng, thị trường và các đối thủ để cập nhật tình hình kinh doanh. · đánh giá kết quả làm việc của tdv và thị trường · đi công tác tại các tỉnh thành cả nước theo yêu cầu của quản lý. thời gian làm việc : 8h00 – 17h00 (thứ 2 đến thứ 6 và sáng thứ 7)","· nam tuổi · tốt nghiệp trung cấp, cao đẳng trở lên các ngành liên quan, ưu tiên ngành dược · có ít nhất 02 năm kinh nghiệm bán hàng, am hiểu thị trường ngành dược là một lợi thế · kỹ năng giao tiếp, giải quyết vấn đề tốt · kỹ năng làm việc nhóm tốt, chịu khó, siêng năng, chấp nhận làm việc ngoài thị trường · không vướng bận gia đình, có thể đi công tác dài ngày tại các tỉnh thành trong cả nước.","· lương cứng: 10.000.000-12.000.000 triệu /tháng · trợ cấp xăng xe, điện thoại, công tác phí, nhà ở và ăn uống, thưởng doanh thu bán hàng…theo quy định và chính sách công ty · được hưởng lương tháng 13, thưởng năm theo chính sách của công ty · đóng bhxh-yt-tn theo quy định nhà nước · nghỉ lễ - tết hưởng lương theo quy định của nhà nước · môi trường trẻ trung, năng động, nhiều cơ hội thăng tiến"
nhân viên kinh doanh dự án,"chăm sóc khách hàng cũ đang giao dịch với công ty; - làm việc trực tiếp nhà thầu, đối tác khách hàng; - xây dựng kế hoạch bán hàng tại khu vực, nhóm công trình được phân công; - xây dựng, tổ chức, phát triển khách hàng mới tại khu vực, nhóm công trình; - thực hiện các báo cáo trực tiếp cho quản lý; - thực hiện các công việc theo yêu cầu khác.","tốt nghiệp trung cấp trở lên các chuyên ngành có liên quan. - có kinh nghiệm lĩnh vực kinh doanh trên 2 năm. ưu tiên ứng viên có kinh nghiệm, hiểu biết liên quan vật liệu xây dựng, công trình dự án và kinh doanh sắt thép. - có khả năng đọc hiểu tiếng anh cơ bản; - có khả năng giao tiếp, thương lượng, thuyết phục,…; - năng động, sáng tạo, nhiệt tình,…","thưởng doanh số, hoa hồng theo dự án, tương xứng theo khả năng, năng lực làm việc. - áp dụng đầy đủ các chế độ, phúc lợi bhyt, bhxh - hỗ trợ điện thoại, công tác phí,.. - nghỉ phép năm, thưởng lương tháng 13 theo quy định công ty - môi trường làm việc vui vẻ, năng động, sáng tạo."
nhân viên hoàn công quyết toán (qs),"mô tả công việc -bóc tách và tính toán khối lượng, lập dự toán và quyết toán các công trình hạ tầng kỹ thuật (giao thông, hạ tầng kỹ thuật, ngầm hoá điện lực, viễn thông, ...) - lập dự toán và quyết toán các công trình tổng hợp, lập biên bản nghiệm thu công việc và giai đoạn, biên bản bàn giao các hạng mục của công trình để đưa vào sử dụng. lập hồ sơ khối lượng và chất lượng các hạng mục công việc của dự án. phối hợp làm việc với các bộ phận liên quan về hồ sơ, chất lượng và thanh toán công trình. hợp tác cùng với ban quản lý dự án và tư vấn giám sát về hồ sơ chất lượng và khối lượng.","tốt nghiệp đại học trở lên chuyên ngành kinh tế xây dựng, kỹ sư giao thông cầu đường, hạ tầng kỹ thuật kinh nghiệm: 02 năm kinh nghiệm làm việc trong lĩnh vực dự toán, thanh quyết toán, đấu thầu. kỹ năng/kiến thức : am hiểu về luật xây dựng, am hiểu về quá trình đầu tư xây dựng, am hiểu về quá trình thanh toán, quyết toán, am hiểu về bản vẽ xây dựng kỹ năng thương lượng và đàm phán kỹ năng làm việc với chủ đầu tư kỹ năng bao quát công việc, lãnh đạo kỹ năng giao tiếp kỹ năng quản lý, lập kế hoạch tốt","môi trường làm việc chuyên nghiệp với mức thu nhập cạnh tranh tham gia bhxh, bhyt đầy đủ theo quy định đồng phục công sở,chương trình nghỉ mát, team building chính sách thưởng dự án, thưởng hiệu quả kinh doanh"
python developer,"xây dựng data pipeline phục vụ xử lý và phân tích dữ liệu. thiết kế và phát triển restful api/backend service, tích hợp với các hệ thống nội bộ. đóng góp ý tưởng, đề xuất giải pháp kỹ thuật và cải tiến quy trình làm việc hiện có.","trình độ tương đương đại học trở lên các chuyên ngành liên quan. có từ 2 năm kinh nghiệm vị trí tương đương. có kiến thức tốt về sql, khả năng xây dựng và tối ưu data pipeline cho phân tích dữ liệu. nắm vững nguyên lý lập trình, cấu trúc dữ liệu và thuật toán. đọc hiểu tốt tài liệu tiếng anh, có khả năng tự học, nghiên cứu công nghệ mới. tư duy logic tốt, kỹ năng làm việc nhóm và tinh thần trách nhiệm cao trong công việc. ưu tiên ứng viên thành thạo ngôn ngữ javascript, có kinh nghiệm phát triển frontend với reactjs, nextjs. ưu tiên ứng viên có kinh nghiệm làm việc với hệ điều hành và sử dụng thành thạo linux.","gói thu nhập cạnh tranh (thưởng tháng 13, thưởng kinh doanh...) đầy đủ các chế độ theo luật lao động hiện hành. chính sách phúc lợi theo quy định của công ty đa dạng: chăm sóc sức khỏe định kì hàng năm; gói bảo hiểm sức khỏe chuyên biệt (fpt care – khám chữa bệnh miễn phí tại tất cả các bệnh viện); các hoạt động tri ân, chăm lo đời sống tinh thần cbnv và thân nhân ... môi trường làm việc thân thiện, cởi mở. cơ sở vật chất và công cụ làm việc hiện đại, tiện nghi. ​nhiều cơ hội phát triển và thăng tiến. văn hóa doanh nghiệp đặc sắc, sinh động bậc nhất với nhiều các hoạt động hấp dẫn: tân binh, teambuilding, thi trạng, hội làng, hội diễn sao chổi, sinh nhật fpt, ngày 08/03, ngày 11/11... hưởng các gói ưu đãi cước khi sử dụng dịch vụ của fpt telecom."
phụ tá nha khoa,"phụ bác sĩ trong điều trị, - xử lý hấp và đóng gói dụng cụ, - công việc chi tiết sẽ trao đổi cụ thể khi phỏng vấn.","tốt nghiệp trung cấp y, dược - nhanh nhẹn, chịu khó trong công việc - tinh thần ham học hỏi","lương + phụ cấp ăn trưa, chiều - hưởng đầy đủ bhxh, bhyt, bhtn.. - thưởng các dịp lễ, tết, lương tháng 13. - được làm việc trong môi trường chuyên nghiệp, năng động - các quyền lợi khác theo luật lao động: nghĩ lễ tết... - được tham gia các đợt tập huấn, học tập nâng cao tay nghề."
công nhân may mặc,"công nhân xưởng may mặc - không phòng sạch, không cửa từ, không áp lực, không ép sản lượng. - có ký túc xá, chỗ ăn ở gần xưởng làm việc. - lương cơ bản từ 1000$-3000$","nam/nữ (18-45 tuổi) - không mắc các bệnh truyền nhiễm, viêm gan b… đủ sức khoẻ làm việc. - không cần học tiếng vì công xưởng toàn người việt. cty cho mượn toàn bộ chi phí đi lại. - bay ngay sau khi làm xong visa (khoảng 2 tuần)","lương cơ bản + tăng ca(ăn theo sản phẩm) - hỗ trợ: + chi phí vé máy bay + thủ tục làm visa + chỗ ăn ở - tổng mức lương : đút túi 35-50tr/tháng sau khi trừ các chi phí sinh hoạt, ăn tiêu … - được đóng bảo hiểm lao động - cơ hội được đi du lịch châu âu."
trợ lý phiên dịch tiếng trung,"phiên dịch trực tiếp (trung – việt – trung) trong các cuộc họp, làm việc với đối tác, khách hàng và ban giám đốc. biên dịch các tài liệu, văn bản nội bộ và từ đối tác có liên quan đến hoạt động sản xuất, kinh doanh của công ty. hỗ trợ giám đốc trong các công việc hành chính, quản lý lịch làm việc, sắp xếp cuộc họp, đặt lịch công tác. ghi chép và tổng hợp nội dung cuộc họp, soạn thảo và gửi báo cáo theo yêu cầu. làm cầu nối giữa giám đốc và các phòng ban trong công ty nhằm đảm bảo thông tin được truyền đạt chính xác, đầy đủ và kịp thời. thực hiện các công việc khác được giao bởi giám đốc.","tốt nghiệp đại học trở lên. có khả năng đọc hiểu và viết tiếng trung thành thạo. có kỹ năng dịch thuật tốt, đảm bảo tính chính xác và lưu loát của bản dịch. có khả năng làm việc độc lập và theo nhóm. có tinh thần trách nhiệm cao, cẩn thận và tỉ mỉ trong công việc. có khả năng làm việc dưới áp lực cao và đáp ứng tiến độ. quen thuộc với các phần mềm hỗ trợ biên dịch (cat tools) là một lợi thế (như trados studio, memoq, sdl trados). nắm vững các quy tắc chính tả và ngữ pháp tiếng trung.","môi trường làm việc năng động, chuyên nghiệp và thân thiện. được đào tạo và phát triển kỹ năng chuyên môn. cơ hội thăng tiến và phát triển nghề nghiệp. chế độ lương, thưởng cạnh tranh và hấp dẫn. được hưởng đầy đủ các chế độ bảo hiểm theo luật lao động. tham gia các hoạt động team building, du lịch nghỉ mát hàng năm"
cộng tác viên tuyển dụng,"hỗ trợ công tác tuyển dụng, tìm kiếm giáo viên nước ngoài - liên hệ ứng viên, phỏng vấn, theo dõi, đánh giá ứng viên","yêu cầu: - tiếng anh giao tiếp thành thạo - nhiệt tình, biết tự tạo động lực cho bản thân - giao tiếp hiệu quả, điềm tĩnh - kỹ năng xử lí tình huống, thái độ chuyên nghiệp thời gian và địa điểm làm việc: - thời gian làm việc linh động, có thể làm online hoặc đến văn phòng làm việc (khuyến khích đến văn phòng) - thời gian training 1 tuần - tại văn phòng quyền lợi được hưởng: - hoa hồng 1.000.000đ/ giáo viên nước ngoài (bảo hành 1 tháng) - hỗ trợ dấu thực tập - được làm việc trong môi trường chuyên nghiệp, hiện đại, năng động và trẻ trung - team building và liên hoan hàng tuần - có cơ hội thăng tiến lên làm nhân viên chính thức sau 1 tháng đạt yêu cầu","quyền lợi được hưởng: - hoa hồng 1.000.000đ/ giáo viên nước ngoài (bảo hành 1 tháng) - hỗ trợ dấu thực tập - được làm việc trong môi trường chuyên nghiệp, hiện đại, năng động và trẻ trung - team building và liên hoan hàng tuần - có cơ hội thăng tiến lên làm nhân viên chính thức sau 1 tháng đạt yêu cầu"
thủ kho công trình - kcn thạch thất quốc oai,"tiếp nhận chứng từ nhập hàng từ nhà cung cấp và thực hiện nhập kho tại dự án. - xuất kho vật tư, hàng hóa cho các cá nhân/bộ phận liên quan theo quy định của công ty. - theo dõi, sắp xếp và quản lý tồn kho vật tư tại công trình, đảm bảo tính chính xác. - mua sắm vật tư, hàng hóa theo yêu cầu của dự án, đảm bảo tiến độ công trình. - chấm công cho cán bộ, công nhân viên tại công trình, quản lý ngày công. - tổng hợp hồ sơ hoàn ứng hàng tháng cho dự án, đảm bảo tính minh bạch. - báo cáo tồn kho định kỳ hàng tháng gửi phòng vật tư, cung cấp thông tin kịp thời. yêu cầu công việc: - tốt nghiệp cao đẳng/đại học các chuyên ngành kinh tế, kỹ thuật hoặc các chuyên ngành liên quan. - thành thạo tin học văn phòng (word, excel), kỹ năng văn phòng cơ bản. - có khả năng làm việc độc lập và phối hợp nhóm, chịu được áp lực công việc cao. - nhanh nhẹn, chủ động, có tư duy logic tốt trong công việc. - ưu tiên ứng viên có kinh nghiệm thủ kho công trình, lĩnh vực xây lắp và sử dụng phần mềm kế toán fast. - có thể nhận việc ngay là một lợi thế.","tốt nghiệp cao đẳng/đại học các chuyên ngành kinh tế, kỹ thuật hoặc các chuyên ngành liên quan.","mức lương thỏa thuận từ 8-12 triệu/tháng (thỏa thuận khi phỏng vấn). - phụ cấp tăng ca và các phụ cấp khác theo quy định của công ty. - xét tăng lương định kỳ hàng năm dựa trên hiệu quả công việc. - thưởng tháng 13 và thưởng hiệu suất công việc theo quy định. - nghỉ chủ nhật hàng tuần và 12 ngày phép/năm. - tham gia đầy đủ bhxh, bhyt, bhtn theo quy định của pháp luật. - chế độ thưởng lễ, tết; nghỉ mát, team building, khám sức khỏe định kỳ. - môi trường làm việc chuyên nghiệp, ổn định, có cơ hội thăng tiến lâu dài."
"nhân viên kinh doanh part time, full - time","tìm kiếm và phát triển khách hàng tiềm năng sắp xếp lịch hẹn hợp lý với khách hàng để trao đổi về nhu cầu truyền thông của khách hàng thu thập thông tin về nhu cầu của khách hàng (brief) và gửi cho bộ phận liên quan thực hiện thuyết trình, tư vấn và đàm phán các giải pháp truyền thông phù hợp theo dõi và hỗ trợ khách hàng trong việc thực hiện các chiến dịch truyền thông chăm sóc khách hàng, đàm phán các sản phẩm mới báo cáo kết quả hàng ngày","có laptop cá nhân năng động, ham học hỏi, từng hoạt động clb ở các vị trí event, đối ngoại là một lợi giao tiếp tiếng anh cơ bản một tuần có thể làm việc tối thiểu 24 tiếng (đối với part time) kĩ năng giao tiếp và tin học văn phòng tốt. chấp nhận sinh viên năm 2 hoặc năm 3","thu nhập từ 2-4 triệu/ tháng (part time) và 6-8 triệu/ tháng (full time) được tham gia các khóa học phát triển chuyên môn phù hợp (chi phí 100% do công ty tài trợ) tham gia các chuyến du lịch của công ty hỗ trợ đóng dấu, tư vấn báo cáo với các vị trí thực tập"
kế toán bán hàng,"nhận đơn đặt hàng của phòng kinh doanh, khách hàng. - lập phiếu bán hàng. - in đơn hàng và hóa đơn bán hàng. - theo dõi tình trạng giao hàng hóa. - theo dõi tồn kho kế toán, đối chiếu với thủ kho công ty. - thu tiền mặt và quản lý giấy nợ của khách hàng. - các công việc khác theo yêu cầu của quản lý.","không yêu cầu kinh nghiệm - sử dụng tốt vi tính văn phòng thành thạo đặc biệt là excel. - ứng viên sử dụng tốt phần mềm kế toán misa, bravo…","lương từ 8 - 10 triệu - được hưởng các chế độ theo luật lao động và các chế độ đãi ngộ khác. - được tham gia bhxh - bhyt - bhtn ngay khi ký hợp đồng chính thức - hưởng các chế độ phục lợi 8/3; 20/10; 30/4; 1/5, 2/9, sinh nhật bản thân, công ty…. - làm việc trong một môi trường chuyên nghiệp, thường xuyên được đào tạo về kỹ năng và nghiệp vụ chuyên môn."
nhân viên telemarketing / telesales đặt lịch hẹn (hỗ trợ 100% data - thu nhập lên đến trên 30 triệu + phụ cấp),"gọi điện thoại mời khách hàng đến tham dự sự kiện của công ty theo data có sẵn. - xác nhận lịch hẹn sự kiện phù hợp với thời gian của khách hàng - nhắc nhở khách hàng về thời gian diễn ra sự kiện trước thời gian bắt đầu sự kiện. - hướng dẫn, hỗ trợ khách hàng về địa điểm diễn ra sự kiện. - báo cáo lại danh sách khách hàng tham dự sự kiện cho quản lý. - hỗ trợ 100% data","giọng nói dễ nghe, không nói ngọng, nói lắp hay nói tiếng địa phương. - khả năng giao tiếp và xử lý tình huống tốt. - ưu tiên đã có kinh nghiệm làm telesales, tư vấn…(không kinh nghiệm sẽ đào tạo) - không yêu cầu về bằng cấp, độ tuổi từ 20-35 - nhiệt tình, mong muốn làm việc gắn bó lâu dài","lương cứng 6 - 7 triệu + pc + thưởng ( thu nhập từ 10-20 triệu ) - nhận đủ 100% lương cứng và pc khi không hoàn thành chỉ tiêu - tăng lương định kỳ hàng năm - cung cấp trang thiết bị làm việc như máy tính, tai nghe - môi trường làm việc năng động, trẻ trung, lộ trình thăng tiến rõ ràng - đóng bhxh sau khi kết thúc 2 tháng thử việc và hưởng các ngày nghỉ phép, nghỉ lễ hàng năm theo quy định công ty - được hưởng các quyền lợi theo chính sách của công ty (team building, company trip,..)"
trưởng ca sản xuất,"quản trị chi phí: đảm bảo chi phí sản xuất của phòng điều hành sản xuất tối ưu nhất, giảm các lãng phí tại xưởng sản xuất quản trị nhân sự: tuyển dụng – đào tạo – đánh giá – giám sát – tạo động lực các nhân sự phòng điều hành sản xuất (công nhân, tổ trưởng). tính lương sản xuất quản trị chuyên môn, nghiệp vụ, quy trình: + quản lý công nghệ sản xuất: hệ thống quản lý chất lượng luôn đảm bảo an toàn, không có sự cảnh cáo hay xử phạt bởi cơ quan chức năng về lỗi vi phạm theo các quy định về đo lường, chất lượng, bảo quản sản phẩm. + quản lý kế hoạch sản xuất: tổ chức, điều hành mọi hoạt động sản xuất, đảm bảo năng suất, chất lượng đúng tiến độ, chi phí, vật tư theo yêu cầu, đảm bảo mục tiêu sản xuất về số lượng, chất lượng sản phẩm. tối ưu hóa năng suất của máy móc, thiết bị, nguồn nhân lực + quản lý máy móc, thiết bị: kiểm soát việc thực hiện quy trình, quy định, hướng dẫn ... về thiết bị, máy móc, công nghệ sản xuất trong xưởng sản xuất, đảm bảo máy móc, thiết bị hoạt động đúng chất lượng, đúng năng suất + quản lý nguyên vật liệu sản xuất: giám sát việc sử dụng nguyên vật liệu theo đúng định mức, đúng chất lượng, theo dõi việc thống kê nguyên vật liệu, kiến nghị và thực hiện giải pháp giảm hao hụt nguyên liệu trong sản xuất tương tác với các khách hàng: nội bộ và bên ngoài đáp ứng các dịch vụ liên quan","trình độ: cao đẳng, đại học trở lên. ưu tiên chuyên ngành về công nghệ thực phẩm hoặc kinh tế - kế toán – tài chính kinh nghiệm: có kinh nghiệm ít nhất 2 năm trở lên đảm trách công việc trưởng ca/ giám sát sản xuất/ qc chuyền khả năng: khả năng thuyết phục; sẵn sàng làm việc bất cứ khi nào được yêu cầu; khả năng chịu áp lực cao trong công việc; quyết đoán, kỹ năng giải quyết vấn đề nhanh chóng và hiệu quả; sử dụng tố máy tính và thành thạo các phần mềm excel, word, amis hoặc phần mềm hỗ trợ sản xuất. thời gian làm việc: theo ca sản xuất 6h00 – 14h00 hoặc 7h00 – 16h00 hoặc 14h00 – 22h00 (trong các giai đoạn cao điểm). không làm ca đêm 22h00 – 6h00 hôm sau","mức lương 11.000.000 – 15.000.000 vnđ/tháng + phụ cấp cơm 30.000 vnđ/ngày + phụ cấp điện thoại + phụ cấp nhà trọ được trang bị máy tính làm việc, dụng cụ, bảo hộ lao động được tham gia các khóa đào tạo nội bộ/bên ngoài theo đề xuất/kế hoạch tài chính của công ty thưởng lương tháng 13; thưởng mục tiêu chất lượng phòng ban/công ty; thưởng vào các dịp lễ, tết; thưởng đột xuất cho cá nhân có thành tích xuất sắc; thưởng theo kết quả kinh doanh công ty được tham gia đầy đủ các loại bảo hiểm về chế độ phúc lợi theo quy định của pháp luật; chế độ công đoàn và công ty"
nhân viên điều phối vận chuyển - làm tại nhà bè,"điều động xe theo kế hoạch phân công. - bố trí và sắp xếp công việc, lộ trình tuyến đường hợp lý cho tài xế, phân công cụ thể công việc cho từng nhân viên tài xế chở hàng hóa khắp tp.hcm và các tỉnh lân cận. - đảm bảo lộ trình giao hàng được tối ưu, đảm bảo cam kết thời gian giao hàng với khách hàng. - báo cáo công việc hằng ngày cho trưởng bộ phận.","ưu tiên ứng viên ở quận 4,7,8, nhà bè, long hậu, cần giuộc. - kỹ năng excel tốt để thực hiện các báo cáo và tổng hợp, gửi thông tin dữ liệu được chính xác. - cẩn thận, trung thực.","mức lương thỏa thuận theo kinh nghiệm. - phụ cấp + hỗ trợ bữa ăn tại nhà ăn của nhà máy. - lương tháng 13 + thưởng cuối năm + lễ, tết. - chế độ bhxh, bhyt nếu gắn bó lâu dài. - chế độ nâng lương định kỳ hàng năm. - chế độ du lịch định kỳ hàng năm. - các phúc lợi khác theo quy định hiện hành của công ty. - có cơ hội học hỏi và phát triển kỹ năng chuyên môn, làm việc trong môi trường chuyên nghiệp, năng động. ►"
nhân viên kế toán nhà hàng,"xử lý số liệu nhập kho, bán hàng, xuất kho từ phần mềm bán hàng lập và tính giá thành sản phẩm, kiểm soát giá cả hàng hóa nhập vào báo cáo doanh thu - giá vốn, báo cáo tổng quát lợi nhuận hàng tuần, tháng theo dõi công nợ phải thu, phải trả, đảm bảo thanh toán công nợ nhà cung cấp đúng hạn hạch toán các nghiệp vụ kế toán phát sinh, kiểm tra sự cân đối giữa số liệu chi tiết và tổng hợp báo cáo doanh thu, thu chi hàng ngày và các báo cáo phát sinh theo chỉ đạo của ban giám đốc . xuất hóa đơn gtgt hàng ngày quản lý định mức tồn kho thực hiện tính giá thành và lên giá vốn cho sản phẩm lập báo cáo liên quan theo quy định các công việc phát sinh khác theo sự yêu cầu của ban giám đốc","tốt nghiệp cao đẳng trở lên, chuyên ngành tài chính kế toán có kinh nghiệm 2 năm trở lên vị trí kế toán và ưu tiên làm trong ngành f&b 01 năm trở lên cẩn thận, trung thực, chăm chỉ, chịu khó, nhanh nhẹn, chính xác trong công...","mức lương: thỏa thuận thu nhập gia tăng theo năng lực. nghỉ lễ, tết, phép năm theo quy định của pháp luật. làm việc trong môi trường thân thiện, chuyên nghiệp, hợp tác và có cơ hội thăng tiến."
chuyên viên tư vấn [ocean edu từ sơn],"giới thiệu, tư vấn và bán cho khách hàng các chương trình, khóa học tiếng anh phù hợp. chăm sóc, hỗ trợ, giải đáp các vấn đề liên quan cho khách hàng. tham gia các chương trình, sự kiện của chi nhánh để mở rộng thị trường. yêu cầu công việc: tốt nghiệp cao đẳng trở lên, không yêu cầu chuyên ngành. độ tuổi 22 - 35 có kỹ năng giao tiếp tốt, thuyết phục, không nói ngọng năng động, có tinh thần cầu tiến, chịu khó học hỏi có kỹ năng tư duy, xử lý vấn đề tốt kỹ năng tin học văn học cơ bản ưu tiên các bạn đã có kinh nghiệm làn nhân viên kinh doanh, tư vấn, bán hàng, chăm sóc khách hàng,...","tốt nghiệp cao đẳng trở lên, không yêu cầu chuyên ngành.","mức lương khởi điểm 10 triệu/tháng + thưởng xét tăng lương 2 lần/năm. được đóng bh đầy đủ sau 2 tháng thử việc. được làm việc trong môi trường năng động, chuyên nghiệp được tham gia các chương trình teambuilding, du lịch, nghỉ mát được thưởng nhân các ngày lễ, tết và các sự kiện đặc biệt của ocean edu. các chế độ đãi ngộ khác theo quy định."
nhân viên lễ tân (tòa nhà),"chào đón và hướng dẫn khách hàng, đối tác đến tòa nhà; cung cấp các thông tin cần thiết và hướng dẫn khách hàng, đối tác đến các phòng/ban hoặc người phụ trách liên quan; tiếp nhận, xử lý các cuộc gọi, email, thư, chứng từ, giấy tờ gửi đến tòa nhà. phân loại và chuyển đến các phòng/ban hoặc người phụ trách tương ứng; quản lý lịch trình cho các cuộc họp và chuẩn bị phòng họp; thu thập và cập nhật các tài liệu liên quan đến chi phí tòa nhà; quản lý sổ sách ghi chép khách ra vào tòa nhà; thực hiện các công việc khác theo yêu cầu của cấp quản lý.","giới tính: nữ; trình độ: tốt nghiệp thpt/trung cấp/cao đẳng/đại học; có kiến thức cơ bản về các sản phẩm, dịch vụ của ngân hàng, dịch vụ chăm sóc khách hàng; ngoại hình ưa nhìn; khả năng giao tiếp tiếng anh và ứng xử tốt; thân thiện, hòa đồng, nhiệt tình trong công việc; ưu tiên ứng viên có kinh nghiệm tại các vị trí có liên quan.","lương đúng hạn; thưởng mức độ thực hiện công việc hàng tháng, thưởng tháng 13, thưởng hoàn thành công việc cuối năm; hỗ trợ tiền ăn giữa ca; được tham gia đầy đủ chế độ bhxh, bhyt, bh thất nghiệp; tiền sinh nhật, cưới hỏi/ma chay, thăm bệnh, quốc tế thiếu nhi 1/6, học sinh giỏi, ... được tham gia bảo hiểm tai nạn 24/24, chăm sóc sức khỏe acb care; được cấp phát đồng phục, trang thiết bị làm việc đầy đủ; teambuilding; làm việc trong môi trường chuyên nghiệp, sạch sẽ, năng động, thân thiện."
chuyên viên tuyển sinh (ocean edu yên dũng),"giới thiệu, tư vấn cho khách hàng các chương trình, khóa học tiếng anh phù hợp. - chăm sóc, hỗ trợ, giải đáp các vấn đề liên quan cho khách hàng. - tham gia các chương trình, sự kiện của chi nhánh để mở rộng thị trường.","tốt nghiệp cao đẳng trở lên, không yêu cầu chuyên ngành. - độ tuổi 21 - 35 - có kỹ năng giao tiếp, thuyết phục tốt. không nói ngọng - có kỹ năng tư duy, xử lý vấn đề tốt - có khả năng làm việc độc lập và làm việc nhóm tốt. - ưu tiên các bạn đã có kinh nghiệm kinh doanh, tư vấn, bán hàng, chăm sóc khách hàng,...","mức lương khởi điểm 11-13 triệu/tháng + thưởng - xét tăng lương 2 lần/năm. - được đóng bh sau 2 tháng thử việc. - lộ trình thăng tiến luôn rộng mở. - được tham gia các chương trình teambuilding, du lịch, nghỉ mát - được thưởng nhân các ngày lễ, tết và các sự kiện đặc biệt của ocean edu. - các chế độ đãi ngộ khác theo quy định."
quản lý tiềm năng,"quản lý đội nhóm, hỗ trợ đào tạo nhân viên mới phát triển đội nhóm. - khai thác kh tiềm năng, tư vấn các gói sản phẩm phù hợp nhu cầu kh. - hoàn thành chỉ tiêu của bản thân. - hỗ trợ chăm sóc khách hàng sau khi ký hợp đồng một cách nhanh chóng. - hoàn thành đầy đủ các chứng chỉ, khóa học để có thể hoàn thành công việc tốt hơn","tốt nghiệp cao đẳng, đại học - từ 26 tuổi trở lên - có 1 năm kinh nghiệm. không có kinh nghiệm sẽ được đào tạo - có tinh thần cầu tiến, học hỏi. theo lưu trình đào tạo của công ty","mức hỗ trợ tài chính cao (mức lương mở lên đến 25.000.000/tháng tùy theo năng lực). - giờ giấc làm việc linh hoạt (từ 8h30 – 12h, nghỉ t7 & cn). - quy trình đào tạo chuyên nghiệp, hiện đại, đầy đủ. - môi trường làm việc thoải mái, năng động, thân thiện. - lộ trình thăng tiến rõ ràng, nhanh chóng. - hưởng 13 ngày phép năm, nghỉ lễ tết theo quy định của nhà nước"
nhân viên pr và khoa học - chi nhánh long khánh,"tuyên truyền đến người tiêu dùng lợi ích của sản phẩm yakult thông qua các hoạt động pr như thuyết trình tại hội thảo, bệnh viện, cơ quan… tham gia các hoạt động pr tại các hội chợ, triển lãm, seminar,... hoạt động pr tại các tổ chức, liên quan tới chuyên ngành. huấn luyện kiến thức sản phẩm cho nhân viên. gặp gỡ khách hàng. phụ trách mảng khoa học tạo mối liên hệ với các cơ quan đoàn thể, đơn vị, khách hàng opl thời gian thử việc: 2 tháng","tn các ngành sinh học, công nghệ sinh học, công nghệ thực phẩm và các khối ngành liên quan tiếng anh giao tiếp, đọc hiểu nghiên cứu khoa học thành thạo vi tính văn phòng word, excel, powerpoint trung thực, cẩn thận, nhanh nhẹn, có trách nhiệm và chủ động trong công việc sức khỏe tốt, nặng động vui vẻ hoạt bát, giao tiếp tốt và có khả năng giao tiếp với mọi đối tượng (người lớn, trẻ em, người cao tuổi,...) có kỹ năng thuyết trình và đàm phán tốt kỹ năng làm tài liệu tốt ngoại hình ưa nhìn","mức lương: tổng thu nhập (gross) : 10,000,000 ~ 15,000,000 đồng/tháng. trong đó: tổng thu nhập bao gồm lương cơ bản, phụ cấp, thưởng doanh số/ mục tiêu, khoản tiền đóng bhxh theo luật. mức lương trong thời gian thử việc: bằng 100% lương net * chế độ phúc lợi: tăng lương hằng năm. thưởng: 2 lần/năm thưởng thâm niên tham quan nghỉ mát hằng năm. phép năm theo luật lao động khám sức khỏe định kỳ hàng năm. mua bảo hiểm tai nạn lao động cho nhân viên. trang bị bảo hộ lao động đầy đủ, đúng qui định pháp luật. * điều kiện làm việc: thời gian làm việc: 08:00 – 17:30 (nghỉ trưa 1,5 giờ) được nghỉ các ngày chủ nhật và 2 ngày bất kỳ trong tháng. môi trường làm việc chuyên nghiệp, có tính học hỏi cao. * nơi làm việc: nhà số 7, khu phố 2, phường phú bình, tp. long khánh, t. đồng nai"
nhân viên kinh doanh khách sạn (online / remote working),"học thuộc và hiểu rõ các sản phẩm và dịch vụ của khách sạn, giá bán, chính sách ưu đãi trong từng kỳ, đối với từng đối tượng khách hàng. tuân thủ các quy trình chào hàng qua các phương tiện khác nhau (trực tiếp gặp khách hàng, qua điện thoại, qua email, thư tín) và kỹ năng bán hàng đã được huấn luyện. to learn by heart and thoroughly understand the products and services of the hotel, prices, preferential policies in each period, with each target customer. to comply with up-selling procedures by different means (meet customers in person, or via telephone, email, correspondence) and perform selling skills as trained. hiểu rõ những thông tin trong hồ sơ khách hàng hiện hữu được phân công phụ trách để thông tin đầy đủ về dịch vụ và sản phẩm của khách sạn, cập nhật những thông tin mới, chính sách giá cả,chiến lược ưu đãi. thường xuyên cập nhật những thay đổi địa chỉ của danh sách khách hàng cũ và phát triển nguồn khách hàng mới để bảo đảm chỉ tiêu doanh thu trên thị phần/ khu vực được phân công. to thoroughly understand information in existing customers’ profiles assigned to provide sufficient information of services and products of the hotel, update new information, pricing policies, promotion strategy. to regularly update changes in addresses of former customers and develop new sources of customers to ensure target revenues on market/ sector assigned. mở rộng mối quan hệ làm ăn với những khách hàng tiềm năng, uy tín. mỗi khách hàng đến sử dụng sản phẩm và dịch vụ của khách sạn, thết đãi và cám ơn khách theo quy định của khách sạn. to enlarge business relationships with potential and trustworthy clients. to kindly treat and appreciate customers coming to use products and service of the hotel upon regulations. nhận các đơn đặt phòng, đặt ăn trực tiếp từ khách hàng mình phụ trách. trả lời và xác nhận những thông tin liên quan cả phần đặt yến tiệc, đặt ăn của khách hàng mình phụ trách. chịu trách nhiệm theo dõi việc thực hiện các đặt hàng của khách từ khi bắt đầu đến khi kết thúc đảm bảo những cam kết được thực hiện tốt và cung cấp đầy đủ, kể cả việc lấy ý kiến đánh giá của khách hàng. to receive room reservation, dining bookings directly from customers. to reply and confirm relevant information of banquet, dining bookings of customers. to be responsible for keeping track of bookings from the beginning to the end to ensure all engagements are fully performed and provided, including getting feedback from customers.","ít nhất 2 năm kinh nghiệm tại vị trí tương đương ở các khách sạn/ khu nghỉ dưỡng 4-5*/ at least 2 years of experience in a similar position at 4-5* hotels/ resorts bằng cấp cao đẳng trong ngành du lịch, qtkd, hoặc các ngành có liên quan/ bachelor’s degree in hospitality, business administration or related field có kinh nghiệm về kinh doanh tiệc, hội nghị, sự kiện là 1 lợi thế/ proven experience in convention sales, event marketing, hospitality sale khả năng làm việc dưới áp lực cao/ have ability to work under pressure mạnh về kỹ năng đàm phán trong kinh doanh/ strong sale and negotiation skills khả năng xây dựng và duy trì mối quan hệ với khách hàng/ ability to build and maintain relationships with clients and industry professionals tiếng anh giao tiếp/ intermediate english","phụ cấp cơm ca, điện thoại, xe di chuyển/ duty meal, mobile-phone, transportation allowance lương cạnh tranh/ competitive salary and benefit package bhxh theo luật/ insurance contribution as per law làm việc online/ remote working"
nhân viên tư vấn bán hàng cao cấp (thu nhập từ 10 triệu),"tư vấn bán hàng tại showroom (đèn trang trí/thiết bị vệ sinh nhà tắm) - thực hiện sắp xếp, trưng bày và vệ sinh sản phẩm tại showroom/kho theo yêu cầu. - phối hợp chăm sóc khách hàng trước và sau bán hàng. - thực hiện các các công việc khác theo phân công của cấp trên.","giới tính: nữ - tuổi: 25-33 tuổi. - yêu thích công việc kinh doanh, bán hàng. - ưu tiên ứng viên có kinh nghiệm hoặc hiểu biết về thiết bị vệ sinh và đèn trang trí. - kỹ năng giao tiếp và thuyết phục khách hàng tốt. - tin học văn phòng cơ bản. thời gian làm việc: 7h45 đến 18h00 (nghỉ trưa 1 tiếng 30p)","thu nhập từ 8.000.000 đến 15.000.000 (lcb + %hoa hồng doanh số + thưởng quý) - được hưởng đầy đủ các chế độ của công ty và các chế độ bhxh, bhyt. - du lịch cùng công ty 1 lần/năm. - chế độ thưởng lễ và thưởng tết, lương tháng 13"
kế toán tổng hợp – có kinh nghiệm (mảng tmdt) hoặc có tiếng trung,"hạch toán các nghiệp vụ kế toán phát sinh hàng ngày. theo dõi công nợ phải thu, phải trả; đối chiếu công nợ với khách hàng và nhà cung cấp. lập các báo cáo tài chính, báo cáo thuế hàng tháng, quý, năm theo đúng quy định. kiểm tra, kiểm soát chứng từ, hóa đơn đầu vào – đầu ra. giao dịch ngân hàng, theo dõi dòng tiền, báo cáo quỹ tiền mặt – tiền gửi. phối hợp với các bộ phận khác trong công ty để đảm bảo hoạt động tài chính – kế toán diễn ra trôi chảy.","tốt nghiệp cao đẳng/đại học chuyên ngành kế toán, tài chính hoặc các ngành liên quan. có tối thiểu 2 năm kinh nghiệm ở vị trí kế toán tổng hợp hoặc kế toán thuế. thành thạo phần mềm kế toán và tin học văn phòng (excel, word…). trung thực, cẩn thận, có trách nhiệm và chịu được áp lực công việc.","mức lương hấp dẫn: 15 – 20 triệu/tháng, tùy theo năng lực. bao cơm tại công ty. thưởng lễ, tết và tháng 13. được tham gia bhxh, bhyt, bhtn đầy đủ theo quy định. môi trường làm việc thân thiện, chuyên nghiệp , nhiều cơ hội học hỏi và phát triển."
chỉ huy trưởng,"chịu trách nhiệm tổ chức, quản lý thi công công trình, đảm bảo tiến độ, chất lượng, chi phí và an toàn thi công trên công trường (dự án móng cọc. cọc khoan nhồi....) - tổ chức phân công công việc và điều hành ban chỉ huy công trường; - triển khai bố trí mặt bằng thi công, hoàn thiện biện pháp thi công; - kiểm soát máy móc thiết bị, vật tư trên công trường; - giải quyết các vấn đề hoặc đề xuất phương án giải quyết các sự cố xảy ra trong quá trình thi công; - chịu trách nhiệm với cấp trên về khối lượng nghiệm thu, thanh quyết toán.","tốt nghiệp đại học ngành xây dựng công trình hoặc các ngành liên quan; - ít nhất 2 năm làm chỉ huy phó, chỉ huy trưởng tại các công trường chuyên về móng cọc (cọc khoan nhồi); - có kinh nghiệm về làm móng cọc, cọc khoan nhồi là một lợi thế; - sẵn sàng đi dự án tỉnh; - kỹ năng giao tiếp và xử lý vấn đề tốt","bao ăn ở khi đi công trình, phụ cấp tiền cơm 100.000/ngày - chế độ phúc lợi theo quy định của nhà nước."
nhân viên kinh doanh (sử dụng tiếng anh),"tìm kiếm đối tác kinh doanh nước ngoài, tiếp cận - thương lượng - đàm phán - triển khai bán hàng qua các kênh mạng xã hội, website thương mại điện tử - chăm sóc khách hàng trước và sau bán hàng - tiếp đón hỗ trợ khách hàng nước ngoài đến việt nam công tác làm việc ngắn hạn - thời gian làm việc: 8:30 - 17:00 (t2 - t6 và t7 cách tuần) - địa điểm làm việc: khu đô thị nam thăng long (ciputra), đông ngạc, bắc từ liêm, hà nội.","tiếng anh cơ bản (ưu tiên nữ), chấp nhận sinh viên mới ra trường - tin học văn phòng cơ bản - ưu tiên: ứng viên có kinh nghiệm bán hàng, kinh doanh, biết chủ động, linh hoạt.","lương khởi điểm: 7.000.000 - 10.000.000 vnđ/tháng; thu nhập (lương cơ bản + doanh thu + thưởng) lên đến 30.000.000 vnđ hoặc hơn nữa tùy năng lực - được hưởng các chế độ của người lao động theo qui định của nhà nước (bhyt, bhxh, lễ tết, du lịch, nghỉ phép, thai sản, tôn vinh cá nhân xuất sắc... - lương tháng 13, thưởng riêng (theo thâm niên và hiệu quả công việc) - cơ hội công tác nước ngoài - được làm việc trong môi trường năng động, cởi mở, thoải mái, chuyên nghiệp, tiếp xúc với khách hàng nước ngoài thường xuyên."
tender specialist,"tiếp nhận thông tin dự án từ chủ đầu tư, tiến hành nghiên cứu và phân tích hồ sơ mời thầu - lập hồ sơ dự thầu; dự toán/báo giá dự thầu; báo giá phát sinh gửi các khách hàng của công ty - phân tích hồ sơ mời thầu để lên phương án chào giá. hoàn thiện hồ sơ thầu theo yêu cầu của chủ đầu tư - cập nhật e-hsdt lên hệ thống, theo dõi kết quả mở thầu, báo cáo, phân tích - quản lý các cơ sở dữ liệu liên quan đến đấu thầu - giám sát quá trình thực hiện hợp đồng với khách hàng. - xử lý các tình huống, công việc phát sinh trong quá trình triển khai dự án (chi tiết các công việc sẽ trao đổi khi phỏng vấn)","tốt nghiệp đại học trở lên chuyên ngành kinh tế, tài chính, hoặc các chuyên ngành có liên quan. - có ít nhất 3 năm kinh nghiệm tại lĩnh vực liên quan. có kinh nghiệm sử dụng phần mềm đấu thầu qua mạng. - hiểu biết về luật đấu thầu - chăm chỉ và chịu khó, chủ động và năng nổ trong công việc - có kỹ năng tổ chức, quản lý và phối hợp công việc tốt - kiên trì, thân thiện, cởi mở và có tinh thần trách nhiệm cao.","mức lương cứng: 15 triệu đồng - 25 triệu đồng, thỏa thuận phù hợp với kinh nghiệm và năng lực - đóng bhxh, bhyt, bhtn theo quy định. - thưởng lễ tết, lương tháng 13, du lịch hàng năm. - các chế độ phúc lợi: sinh nhật, hiếu, hỉ, thai sản, ... - đào tạo các nghiệp vụ liên quan đến công việc."
nhân viên kỹ thuật,"cài đặt, bảo trì và sửa chữa hệ thống trong nhà/dự án kiểm tra, giải quyết sự cố liên quan đến hệ thống đọc hiểu bản vẽ kỹ thuật và thực hiện kết nối hệ thống theo yêu cầu. đảm bảo hoạt động an toàn và hiệu quả phối hợp với các liên kết các bộ phận để hoàn thành công việc","tốt nghiệp trung cấp trở lêlên ưu tiên ứng viên có kinh nghiệm về viễn thông chăm chỉ, chịu khó, chuyên cầcần có thể đi công tác dài ngày","✅ hưởng đầy đủ chế độ bảo hiểm, bhtn ✅ * thưởng lễ, tết ✅ được đào tạo nâng cao nghề nghiệp ✅ hỗ trợ công tác phí ✅ môi trường làm việc chuyên nghiệp, thân thiện ."
kế toán viên,"nhập hóa đơn mua vào, bán ra và chứng từ liên quan - xuất hóa đơn gtgt bán hàng - lập phiếu thu, phiếu chi tiền mặt, ngân hàng - thực hiện các thủ tục bhxh cho nhân viên - lập báo cáo dòng tiền, báo cáo kết quả hoạt động kinh doanh theo kỳ - nhận chứng từ, kê khai thuế, làm sổ sách, lập báo cáo tài chính.","có từ 2 năm kinh nghiệm làm việc chuyên ngành trở lên - biết sử dụng phần mềm misa, thành thạo tin học văn phòng - có khả năng giao tiếp tốt - có thể làm việc dưới áp lực cao - trung thực, ngăn nắp, tỉ mỉ - có nhu cầu gắn bó lâu dài với công ty","lương thỏa thuận khi phỏng vấn theo năng lực ứng viên từ 10.000.000đ- 15.000.000đ - hưởng đầy đủ bhxh, bhyt, bhtn theo luật lao động - các phúc lợi khác theo chính sách của công ty (phép năm, thưởng lễ tết ...)"
nhân viên quản lý an toàn vệ sinh thực phẩm qa,"· kiểm tra, giám sát & báo cáo về việc thực hiện và tuân thủ các quy định về an toàn vệ sinh thực phẩm (atvstp) & an toàn lao động (atlđ). · kiểm tra & ghi nhận những tồn đọng về atvstp và atlđ. đề xuất hướng xử lý khắc phục, theo dõi & đánh giá hiệu quả của việc thực hiện những hành động khắc phục, phòng ngừa. · biên soạn tài liệu & tổ chức đào tạo liên quan đến các vấn đề về atvstp và atlđ. · theo dõi việc kiểm tra, hiệu chuẩn, kiểm định định kỳ các thiết bị, máy móc có yêu cầu kiểm định. · thực hiện giám sát và báo cáo công tác phòng chống cháy nổ (pccc), theo dõi atlđ tại nhà máy. · đánh giá & phân tích hiệu quả của việc kiểm soát động vật gây hại tại nhà máy. · hoàn thiện & chuẩn bị hồ sơ organic, hồ sơ pccc, và các hồ sơ có liên quan khác khi có đánh giá từ khách hàng hoặc bên thứ ba. · các yêu cầu và công việc khác từ quản lý sản xuất.","· tốt nghiệp trung cấp trở lên, ưu tiên ngành công nghệ thực phẩm. · ưu tiên có kinh nghiệm tại các công ty sản xuất. · nhanh nhẹn, sử dụng thành thạo máy vi tính, phần mềm excel, có hiểu biết về các hệ thống quản lý chất lượng.","· thời gian làm việc: 8 tiếng, từ thứ 2 – thứ 7, nghỉ cn · được hưởng đầy đủ các chế độ bảo hiểm bhxh, bhyt, bhtn theo quy định · được hưởng lương tháng 13, thưởng lễ, tết · hỗ trợ tiền ăn theo quy định của công ty · được đi du lịch, nghỉ mát hằng năm cùng công ty · làm việc trong môi trường thân thiện, chuyên nghiệp"
nhân viên kế toán tổng hợp,"kiểm tra đối chiếu số liệu giữa các đơn vị nội bộ, dữ liệu chi tiết và tổng hợp. - kiểm tra các định khoản nghiệp vụ phát sinh sao cho hợp lý, kịp thời và phù hợp các quy định của kế toán - kiểm tra số dư cuối kỳ có hợp lý và khớp đúng với các báo cáo chi tiết. - hạch toán thu nhập, chi phí, khấu hao, tscđ, công nợ, nghiệp vụ khác, thuế gtgt và báo cáo thuế khối văn phòng ct, lập quyết toán văn phòng công ty. - theo dõi công nợ khối văn phòng công ty, quản lý tổng quát công nợ toàn công ty. xác định và đề xuất lập dự phòng hoặc xử lý công nợ phải thu khó đòi toàn công ty. - in sổ chi tiết và tổng hợp khối văn phòng, tổng hợp theo công ty theo quy định - lập báo cáo tài chính theo từng quý, 6 tháng, năm và các báo cáo giải trình chi tiết - hướng dẫn xử lý và hạch toán các nghiệp vụ kế toán - tham gia phối hợp công tác kiểm tra, kiểm kê tại các đơn vị cơ sở - cải tiến phương pháp hạch toán và chế độ báo cáo - thống kê và tổng hợp số liệu kế toán khi có yêu cầu - cung cấp số liệu cho ban giám đốc hoặc các đơn vị chức năng khi có yêu cầu - làm báo cáo thuế và báo cáo nội bộ theo đúng quy định của công tu và pháp luật ( trước khi gửi báo cáo phải có sự đồng ý phê duyệt của trưởng phòng kế toán). yêu cầu công việc:","nam, nữ (tuổi từ 27 đến 40) - thường trú: duy xuyên, thăng bình, điện bàn,đại lộc - tốt nghiệp trung cấp chuyên ngành tài chính kế toán - sử dụng thành thạo vi tính, soạn thảo các văn bản, sử dụng được các loại phần mềm kế toán - nắm rõ luật kế toán hiện hành, các thông tư hướng dẫn liên quan","lương : từ 7.000.000đ -10.000.000 đ - được làm việc trong môi trường chuyên nghiệp, nhiệt tình, năng động - xét tăng lương một lần/năm phù hợp với sự nỗ lực, đóng góp cho sự phát triển công ty - được tham gia đầy đủ bhxh, bhyt,bh tn và các chế độ phúc lợi khác theo đúng quy định của luật lao động và quy chế công ty."
q10 - quản lý cửa hàng,"nhận cuộc gọi, tư vấn bán hàng cho khách thông qua số điện thoại của cửa hàng. phát triển sản lượng khách hàng mới và giữ được sản lượng cũ tại cửa hàng. gọi điện thoại theo data công ty cung cấp để chăm sóc, tiếp nhận thông tin nhằm giải quyết các yêu cầu và phổ biến các chương trình khuyến mãi đến khách hàng. làm báo cáo kinh doanh định kỳ. quản lý cơ sở vật chất tại cửa hàng. chấm công nhân viên giao hàng, nhân viên kinh doanh tại cửa hàng.","nam/ nữ độ tuổi: 20 – 45 tuổi kinh nghiệm: không yêu cầu. không có kinh nghiệm sẽ được đào tạo. ưu tiên các ứng viên có kinh nghiệm tại vị trí tương đương hoặc trong lĩnh vực bán lẻ, ngành gas.... kỹ năng chăm sóc khách hàng tốt. thành thạo tin học văn phòng: word, excel... trung thực, nhiệt tình, chịu khó. công việc toàn thời gian 9:00 am – 18:30 pm (có thể làm việc vào các ngày lễ, thứ bảy, chủ nhật mỗi tháng được nghỉ xoay tua 4 ngày).","lương = lương cơ bản + phụ cấp + doanh số bán hàng + thưởng doanh số phát triển khách hàng mới (thu nhập bình quân từ 10 – 15 triệu/ tháng). được trang bị đầy đủ phương tiện làm việc. được đào tạo về sản phẩm, kỹ năng bán hàng và sử dụng phần mềm bán hàng. được trang bị đồng phục trong quá trình làm việc. thưởng lễ, tết hàng năm, thưởng doanh số vượt mức. các chế độ khác theo quy định của công ty."
[gia lai] trình dược viên - lcb 5 triệu nhận việc ngay,chạy ram hàng độc quyền roussel resantis ( gia lai) - chăm sóc các điểm bán nhà thuốc trong khu vực - triển khai và hoàn thành các chương trình và kpi công ty đưa ra. - lập kế hoạch và phát triển taget trong địa bàn. - quản lý trực tiếp đi chung hướng dẫn công,"ưu tiên kinh nghiệm tại vị trí: trình dược viên, sales thị trường, nhân viên kinh doanh, phát triển thị trường... - kỹ năng giao tiếp, kỹ năng bán hàng - tinh thần làm việc đội nhóm tốt - chưa có kinh nghiệm sẽ được đào tạo","thu nhập từ 9 triệu trở lên: lương cơ bản + phụ cấp + thưởng sản phẩm+ thưởng kpi + % doanh số. - môi trường làm việc trẻ trung năng động, đoàn kết, chế độ phúc lợi đầy đủ;...... - được đào tạo kiến thức sản phẩm và kỷ năng bán hàng. - phúc lợi: bhyt, bhxh, bhtn theo quy định nhà nước. - du lịch hàng năm, teambuilding, event."
operation support - hỗ trợ vận hành,"responsible for 100% accuracy in daily/weekly/monthly/yearly operations reports coordinate with all stakeholders e.g. operation excellence, procurement, feature, bi… to ensure their understanding about hub operation and support them as assigned in specific projects develop a deep understanding of spx in general and their assigned hubs/region in particular to actively identify operational issues for improvement do onsite visits and investigate problems arisen to report to rom for their timely intervention and necessary guidance collaborate with teams in the region and take charge of administrative tasks for the whole region including but not limited to organizing events/parties, ordering stationery, controlling uniform, finalizing payment/receipts and other ad-hoc tasks prepare proposals, and presentations as assigned",1+ years of industry experience with proven business impact; previous administration experience is essential a passion for numbers and accuracy strong attention to detail is essential strong written and oral communication skills are essential experience working to and meeting targets is required,"20 ngày phép có lương (14 ngày phép năm và 6 ngày phép ốm) phụ cấp cơm trưa (30k/ca ngày, 50k/ca đêm) làm ca đêm trả thêm 30% lương xoay ca linh hoạt 1 tuần nghỉ 1 ngày thưởng tháng lương thứ 13 thưởng kết quả công việc hàng năm đóng tất cả các khoản bảo hiểm theo luật định theo mức lương thực tế thử việc trả 100% lương khám sức khỏe định kỳ hàng năm cung cấp đồng phục, công cụ, dụng cụ làm việc đào tạo phát triển kỹ năng thường xuyên xét thăng chức 6 tháng 1 lần"
nhân viên sales / telesales / tư vấn qua điện thoại / cskh xử lý data nóng (phỏng vấn trước tết - nhận việc sau tết),"tiếp nhận data khách hàng đã đăng ký mua sản phẩm (không cần tìm data khách hàng) gọi điện đến khách hàng tư vấn về công dụng, cách sử dụng và thuyết phục khách hàng sử dụng các sản phẩm chăm sóc sức khỏe, mỹ phẩm, sản phẩm hỗ trợ về bệnh lý nền,… cập nhật lên hệ thống: thông tin khách hàng, tình trạng tư vấn địa điểm làm việc: lầu 4-5 tòa nhà halo, số 290 hai bà trưng, phường tân định, quận 1 thời gian làm việc: làm việc fulltime 8 tiếng/ngày, 6 ngày/tuần; off 1 ngày không cố định ca 1: từ 8h00 - 17h00 ca 2: từ 8h30 - 17h30 ca 3: từ 14h00 - 22h00 (2 ca/tuần)","đáp ứng được thời gian làm việc linh hoạt (không vướn bận việc học, việc riêng) lợi thế: kinh nghiệm từ 3 tháng trở lên về sales, telesale, tư vấn trực tuyến, call center, tổng đài viên,… giọng nói lưu loát, rõ ràng, nhẹ nhàng, dễ nghe biết sử dụng cơ bản tin học văn phòng cơ bản chịu được áp lực cao trong công việc","nhận 100% lương trong thời gian thử việc 2 tháng. lương cứng: 8.4000.000 – 9.000.000 đồng/tháng (lcb + phụ cấp chuyên cần 1.200.000 đồng/tháng) thưởng bonus: tùy theo năng lực, không giới hạn. phụ cấp gửi xe => tổng thu nhập: 15.000.000 – 25.000.000 đồng/tháng trở cung cấp thiết bị làm việc: máy tính, điện thoại,.. được đào tạo kiến thức chuyên môn và kĩ năng bán hàng trong quá trình làm việc đảm bảo các chế độ phúc lợi theo quy định luật lao động (bhyt, bhxh, bhtn,…) các chế độ theo quy chế của công ty: khám sức khỏe định kỳ, tham quan, nghỉ mát, lương thưởng, nghỉ lễ tết… làm việc trong môi trường chuyên nghiệp và thân thiện cơ hội thăng tiến và phát triển review lương 2 lần/năm"
nhân viên kinh doanh làm việc tại thanh ba - phú thọ,"• tìm kiếm, tư vấn, giới thiệu các sản phẩm của công ty thông qua kênh facebook, điện thoại • liên hệ với khách hàng tiềm năng, chăm sóc khách hàng cũ. • quản lý khách hàng, cập nhật thông tin tình trạng khách hàng. • chủ động đề xuất và báo cáo kết quả công việc với cấp trên. • những nhiệm vụ khác theo sự phân công của cấp trên và công ty. • địa chỉ làm việc: nhà máy sản xuất: khu 5 -võ lao - thanh ba - phú thọ",• nam/nữ độ tuổi 20 trở lên. • ưu tiên ứng viên đã có kinh nghiệm làm thị trường hoặc kinh doanh • ngoại hình ưa nhìn và tự tin trong giao tiếp. • khả năng làm việc nhóm tốt.,"• mức lương 8- 15 triệu, không giới hạn tùy theo năng lực (lương cứng từ 6 triệu) • làm việc trong môi trường năng động, nhiều cơ hội. • có xe ô tô đưa đi thị trường • được hưởng đầy đủ các chế độ về lao động (bhyt, bhxh, bhtn) theo quy định của nhà nước. • được hưởng đầy đủ các quyền lợi theo quy định của công ty (lễ tết, sinh nhật, cưới hỏi, du lịch, team building...)."
nhân viên tổng vụ,"hỗ trợ công tác hành chính - nhân sự - kế toán - điều xe đưa rước, xe đi công tác cho nhân viên công ty - xác nhận số lượng phần ăn hàng ngày - quản lý thiết bị văn phòng, lên kế hoạch mua, cấp phát văn phòng phẩm - thực hiện các công việc liên quan đến bảng báo giá, hợp đồng, đề nghị thanh toán, biên nhận liên quan đến công việc của phòng ban. - liên hệ bộ phận liên quan hoặc nhà thầu sửa chữa các hư hỏng phát sinh trong khu vực văn phòng. - những yêu cầu khác theo chỉ thị cấp trên.","tốt nghiệp cao đẳng trở lên, ưu tiên ứng viên có kiến thức chuyên ngành về kế toán - nam/nữ 21~25 tuổi - không yêu cầu kinh nghiệm, mới tốt nghiệp ok - nhân viên giao tiếp được bằng tiếng nhật (n3 trở lên) - năng động, chăm chỉ, có tinh thần cầu tiến trong công việc.","trợ cấp tiếng nhật: n2 – 1tr5, n1 – 2tr5, trợ cấp chuyên cần: 300k, tiệc công ty, du lịch, bảo hiểm tai nạn 24/7, xe đưa rước (hướng từ hcm và hướng từ vt) hoặc trợ cấp đi lại, cơm trưa tại công ty. - ứng viên sẽ được đào tạo những công việc của tổng vụ - kế toán. thời gian làm việc: 8h~16:30 (nghỉ trưa 1 tiếng), t2~t7 ＊về cơ bản thì không phải lên cty làm việc vào ngày thứ 7 (làm ở nhà). nếu yêu cầu công việc bắt buộc phải lên cty thì công ty sẽ có chỉ thị."
hồ chí minh - nhân viên tư vấn tuyển sinh,"tư vấn ghi danh, tìm hiểu nhu cầu và lưu trữ thông tin khách hàng. - tư vấn học tập và chăm sóc học viên tái ghi danh. - tổ chức thi xếp lớp, coi thi, chấm điểm và thực hiện công tác điều phối học viên dự thi. - hướng dẫn thủ tục và nhận đăng ký thi quốc tế. - thực hiện các công tác khác theo sự sắp xếp của cấp trên.","tuổi từ 21 - 28 tuổi - tốt nghiệp trung cấp / cao đẳng / đại học. - thái độ hoà nhã, kỹ năng giao tiếp tốt, nhiệt tình với công việc. - ngoại hình thanh lịch. - công việc toàn thời gian, nghỉ ca 1,5 ngày/tuần - có thể linh hoạt trực theo ca & cuối tuần","mức lương và chế độ đãi ngộ hấp dẫn. - môi trường làm việc chuyên nghiệp, công bằng và hiện đại nhất. - được tham gia các khóa đào tạo chuyên sâu về kỹ năng chuyên môn. - cơ hội thăng tiến và phát triển cao. - tham gia đầy đủ bhxh, bhyt, bhtn."
nhân viên kinh doanh ngành cà phê,"đi thị trường sale mặt hàng cà phê của công ty tại khu vực đà nẵng phụ trách mở khách hàng và quản lý khách hàng cũ kiểm soát hàng hoá và đốc thúc khách stock hàng tạo mối quan hệ với khách xin vị trí trưng bày. yêu cầu công việc: nam, độc thân tốt nghiệp trung cấp/ cao đẳng/ đại học chuyên ngành liên quan có ít nhất 6 tháng kinh nghiệm các ngành liên quan giao tiếp tốt, tinh tế trong ứng xử; chăm chỉ, trách nhiệm, trung thực, nhanh nhẹn sẵn sàng di chuyển, khảo sát thị trường.","nam, độc thân","thu nhập: lương cứng từ 5 triệu đến 6 triệu/ tháng + hoa hồng doanh số. được hưởng đầy đủ chế độ, quyền lợi của người lao động theo quy định. môi trường làm việc năng động, thân thiện. công ty có trụ sở tại hồ chí minh, có văn phòng tại huế, các ứng viên sẽ được phỏng vấn online và sẽ được quản lý sale khu vực hướng dẫn công việc."
nhân viên tư vấn trực tiếp,"hiểu rõ về dịch vụ, quy trình hoạt động của công ty. giữ liên lạc tương tác thường xuyên để thuyết phục khách hàng lên công ty ký hợp đồng trực tiếp. phối hợp với phòng marketing để có phương án tối ưu trong việc tìm kiếm, thuyết phục khách hàng sử dụng dịch vụ công ty. xác thực và cập nhật thông tin đầy đủ lên hệ thống. báo cáo thông tin/tình hình công việc cho quản lý. có thể linh hoạt chọn ca làm 4 tiếng hoặc 8 tiếng","ứng viên trong độ tuổi từ 20 – 40 tuổi. nhanh nhẹn, khả năng giao tiếp và đàm phán tốt. cẩn thận, trách nhiệm, nhiệt tình, đam mê kinh doanh. chịu được áp lực công việc, chủ động, sáng tạo. có khả năng làm việc độc lập và làm việc nhóm. biết sử dụng vi tính văn phòng (word, ecxel, email ...). yêu cầu kinh nghiệm: không có kinh nghiệm sẽ được đào tạo.","lương cứng + phụ cấp + lương thâm niên từ 1 năm trở lên + % huê hồng . (tổng từ 8tr-20tr tùy năng lực). lương căn bản : 6.000.000 - 8.000.000 vnđ (thỏa thuận theo năng lực và kinh nghiệm). được hưởng chế độ nghỉ các ngày lễ, tết. khi có thâm niên từ 1 năm trở lên sẽ được: hưởng 12 ngày phép năm. hưởng tháng lương 13 vào dịp tết nguyên đán. đóng bhxh môi trường làm việc vui vẻ, thân thiện, đồng nghiệp năng động và sẵn sàng hỗ trợ, tinh thần phối hợp làm việc nhóm cao. từ thứ 2 - chủ nhật (1 tháng 4 ngày phép nghĩ luân phiên) giờ làm việc thay đổi khung giờ làm việc, xoay ca 2 khung giờ như sau: ca 1 từ 8h30 - 17h30 (nghỉ giữa ca linh động) ca 2 từ 13h00 - 21h30 (nghỉ giữa ca linh động) riêng th ứ 2 : từ 8h30 - 17h30 (nghỉ giữa ca linh động)"
nhân viên vận hành máy,tham gia vận hành máy theo hồ sơ lô và theo sop. - vận hành máy móc của bộ phận đóng gói trong sản xuất. - đảm bảo kiểm tra máy đạt tiêu chuẩn vận hành và kịp thời xử lý các vấn đề trong khi máy vận hành. - thực hiện theo đúng quy trình và yêu cầu trên hồ sơ lô. - kiểm tra tình trạng tất cả thiết bị tại dây chuyền. - thực hiện công việc bảo trì tự quản được giao.,"tốt nghiệp trung cấp/ cao đẳng chuyên ngành điện, điện công nghiệp - giới tính: nam, dưới 35 tuổi - ưu tiên có kinh nghiệm vận hành máy. - có thể tăng ca khi có yêu cầu. - địa chỉ làm việc: lô lf24a-lf25 đường số 2, khu công nghiệp xuyên á, xã mỹ hạnh bắc, huyện đức hoà, tỉnh long an","môi trường làm việc chuyên nghiệp, trẻ trung và hòa đồng. - thời gian làm việc: 7h30 - 16h15, từ thứ 2 - thứ 7 - có 12 ngày phép/ năm cộng thêm 1 ngày cho năm tiếp theo (tối đa 16 ngày). - được cấp laptop và các thiết bị làm việc khác,… - được hưởng các chế độ bảo hiểm theo quy định của luật lao động. - thưởng lương tháng 13, thưởng thâm niên, quà lễ, tết, sinh nhật, du lịch nghỉ mát hàng năm. - ưu đãi mua hàng với giá khuyến mãi đặc biệt cho nhân viên. - xét tăng lương hàng năm. - cơm trưa miễn phí với thực đơn đa dạng."
quản lý dịch vụ,"công ty 100% vốn nhật bản cần tuyển dụng: 1 .quản lý dịch vụ + nội dung công việc 1. quản lý phân công, điều phối công việc cho các giám sát 2. làm nghiệm thu, làm báo giá các hạng mục liên quan 3. tổng hợp thông tin kiểm tra chất lượng và đề án giải quyết 4. đặt mua vật tư dụng cụ mới cho các công trình 5. xử lý các sự cố phát sinh tại công trình liên quan công nhân các site 6. có thể giao tiếp tiếng anh 7. liên lạc và làm việc trực tiếp với các nhà cung cấp ở việt nam 8. làm việc với khách hàng khi có vấn đề phát sinh yêu cầu công việc: + yêu cầu công việc: công ty 100% vốn nhật bản - ưu tiên đi làm ngay - khoảng 27～40 tuổi - học vấn đại học trở lên ・thời gian thử việc :2 tháng ・có nghiệp vụ quản lý con người. . người có sức khỏe và không bị yếu tâm lý, điều chỉnh tốt cảm xúc . thái độ nghiêm túc . có chí tiến thủ",+ yêu cầu công việc:,"+ chế độ phúc lợi: • tham gia bảo hiểm theo quy định của luật lao động • được thưởng lương tháng 13, thưởng các ngày lễ như: 8/3,10/3,30/4,1/5,…( các ngày lễ theo quy định của luật lao động) • được thưởng nhân viên ưu tú hàng tháng • tiền mừng sinh nhật, ma chay, kết hôn,… • các chế độ lương thưởng rõ ràng, minh bạch. - mọi chi tiết xin vui lòng liên hệ ms thanh ( 0932764724 )"
kỹ sư cơ khí,"thực hiện nghiệp vụ trên máy tính. đọc và chuyển các bản vẽ cơ khí chế tạo 2d (concept/design/study) sang mô hình 3d (3d modeling). triển khai bản vẽ chi tiết 2d drawing (production/detail drawings) từ mô hình 3d kiểm tra chất lượng và hoàn thiện bản vẽ (theo tiêu chuẩn), gởi files để gia công. thực hiện việc kiểm tra, đánh giá, nghiệm thu các sản phẩm gia công ngoài hoặc của nhà cung cấp giao đến. làm việc theo giờ hành chính.","giới tính: nam (tuổi từ 22 – 40) tốt nghiệp đại học chuyên ngành kỹ sư thiết kế cơ khí thành thạo autocad 2d, 3d. biết hình họa vẽ kỹ thuật, ms-office có khả năng sử dụng tiếng anh biết sử dụng vi tính văn phòng (word, excel...)","lương từ 20 - 30 triệu/tháng, thỏa thuận theo đúng năng lực làm việc - thưởng tháng 13 và các chế độ phúc lợi theo chính sách công ty. - được tham gia bhxh, bhyt, bhtn theo quy định của luật lao động.. - được làm việc trong công ty hiện đại nên rất thuận lợi trong việc nâng cao trình độ chuyên môn và kinh nghiệm làm việc. - có chỗ ở lại cho nhân viên ở xa. - môi trường làm việc chuyên nghiệp, năng động, thân thiện - nhiều cơ hội thăng tiến và phát triển tại công ty. - công việc ổn định và lâu dài."
tổng giám đốc mầm non,"• quản lý toàn bộ hoạt động liên quan đến công tác giảng dạy/học sinh /nhân sự tại trường • quản lý vốn, nguồn lực và tài chính của trường, chịu trách nhiệm báo cáo định kỳ (quý/ năm) cho chủ đầu tư người nhật. • kiểm soát và đảm bảo công tác an toàn, an ninh, chất lượng vệ sinh tốt nhất tại trường. • giám sát việc thực hiện quy trình vận hành/quy định/quy chế hoạt động của trường. • chịu trách nhiệm triển khai đào tạo, hướng dẫn khi cần thiết cho các giáo viên người nhật bản, nhân viên trực thuộc trường. • tổ chức các buổi hợp tác, liên kết, giao lưu trao đổi với các trường mầm non tại nhật bản qua online hoặc trực tiếp. • tiếp nhận – trao đổi thông tin và xử lý các khiếu nại của phụ huynh người nhật về chất lượng giảng dạy của giáo viên đứng lớp. đánh giá nhân viên, giáo viên và đề xuất các hình thức khen thưởng hoặc cảnh cáo/nhắc nhở/kỷ luật/chấm dứt hợp đồng lao động. • phối hợp cùng phòng nhân sự để tuyển dụng nhân viên, giáo viên tại cơ sở của trường, đảm bảo nhân sự ổn định, đáp ứng nhu cầu dành cho môi trường giáo dục mầm non nhật bản. • xem xét, đề xuất, phê duyệt các chương trình hoạt động từ các bộ phận, phòng ban của trường từ đó chịu trách nhiệm lập kế hoạch và định hướng chiến lược khai thác khách hàng chủ yếu là các phụ huynh người nhật làm việc tại việt nam. • phối hợp cùng bộ phận học vụ để đề xuất các hoạt động chuyên môn, ngoại khóa nhằm mang đến chất lượng giảng dạy, trải nghiệm tốt nhất cho trẻ người nhật. • đại diện công ty làm việc với cơ quan ban ngành đoàn thể tại khu vực.","+ trình độ ngoại ngữ: tiếng nhật n1 (thành thạo nói, nghe, viết, đọc hiểu) +trình độ vi tính: thành thạo work, excel…. + yêu cầu về kinh nghiệm: kinh nghiệm thực tế 05 năm trở lên vị trí tổng giám đốc doanh nghiệp nhật bản; ưu tiên ứng viên đã làm việc tại trường mầm non tại nhật bản.","lương tháng 13, tham gia bhxh theo luật quy định, tăng lương theo năm. làm việc trong môi trường năng động, có nhiều cơ hội phát thăng tiến và phát triển."
kế toán trưởng (nữ),"xây dựng các chính sách, quy trình nghiệp vụ phòng kế toán trong cty, đảm bảo tuân thủ chuẩn mực kế toán và đúng pháp luật. - quản lý công tác kế toán: + hướng dẫn nghiệp vụ và chế độ kế toán cho nhân viên kế toán. + thực hiện các nghiệp vụ kế toán tổng hợp + kiểm tra, ký duyệt sổ sách, chứng từ trong phạm vi quyền hạn của mình. + kiểm soát tính hợp lý, hợp lệ, hợp pháp của tất cả các chứng từ, báo cáo; đảm bảo báo cáo tài chính, báo cáo thuế, báo cáo thống kê được kiểm tra trước khi chuyển qua bgđ + kiểm soát việc ghi nhận doanh thu, đảm bảo ghi nhận đúng và đủ, đồng thời kiểm soát việc ghi nhận công nợ phải thu, phải trả đầy đủ và chính xác. - làm việc với các cơ quan bên ngoài để giải quyết các vấn đề liên quan đến công tác quản lý tài chính của doanh nghiệp. - lập các báo cáo cho bgđ về doanh thu- chi phí- kqkd theo định kỳ tháng/quý/năm","giới tính: nữ - độ tuổi: sinh năm 1980-1992 - có ít nhất 03 năm kinh nghiệm ở vị trí tương đương - có chứng chỉ kế toán trưởng - có kỹ năng huấn luyện, kỹ năng giải quyết vấn đề, kỹ năng làm việc nhóm. - nhanh nhẹn, trung thực, tinh thần trách nhiệm, chủ động trong công việc; - am hiểu chế độ kế toán, chuẩn mực kế toán và các văn bản pháp luật liên quan; - am hiểu các bộ luật, nghị định, thông tư hướng dẫn về thuế; - thành thạo tin học văn phòng, phần mềm kế toán; - ưu tiên ứng viên từng làm việc trong ngành phân bón/hóa chất/ thủy sản/ thuốc bvtv hoặc các doanh nghiệp sản xuất","mức lương khởi điểm: 22 triệu tùy năng lực - thưởng: lương tháng 13 + thưởng tết + thưởng lễ (8/3, 30/4-1/5, 2/9, 20/10) - xét tăng lương: định kỳ và tháng 3 hằng năm hoặc xét nâng lương trước thời hạn nếu có thành tích vượt trội (đo lường được) - bhxh, bhyt, bhtn đầy đủ theo quy định của nhà nước; - 12 ngày phép/ năm - company trip và team-building hàng năm, các sự kiện, sinh nhật hàng tháng…"
trợ lý giám đốc,"hỗ trợ công việc hàng ngày cho giám đốc + sắp xếp lịch làm việc, lịch họp, báo lịch làm việc cho giám đốc. + hỗ trợ giám đốc trong các quan hệ đối nội, đối ngoại, gặp gỡ, trao đổi, đám phán các công việc liên quan với khách hàng, đối tác của công ty. + triển khai các công việc khác liên quan đến lĩnh vực khi được giám đốc yêu cầu. - tham mưu, đề xuất các ý tưởng liên quan đến công tác văn phòng, đóng góp ý tưởng đến hoạt động phát triển của công ty. - thực hiện báo cáo theo định kì, báo cáo đột xuất/ phân tích/ tổng hợp/ đánh giá các báo cáo. - kiểm tra các văn bản, chứng từ, từ các bộ phận khác chuyển đến trước khi trình giám đốc phê duyệt. - tổng hợp, đánh giá tình hình hoạt động của công ty của các phòng ban thông qua báo cáo của các bộ phận. - truyền tải thông tin của giám đốc, điều phối, kiểm tra các kế hoạch của các phòng ban. - thực hiện các công việc khác theo sự chỉ đạo của giám đốc.","có vốn hiểu biết về tài chính, biết đọc và triển khai mô hình tài chính (sơ bộ) - đang học hoặc đã tốt nghiệp đại học trở lên các chuyên ngành tài chính, kinh tế, các ngành có liên quan... - có kiến thức cơ bản tổng hợp, quản trị kinh doanh và các kiến thức liên quan đến hoạt động kinh doanh của công ty. - thành thạo khả năng nghe nói đọc viết tiếng anh là một lợi thế. - có kỹ năng lắng nghe và giao tiếp tốt. - chịu được áp lực cao, trung thực, trách nhiệm, có tinh thần cầu tiến. - bình tĩnh, có khả năng xử lí các tình huống bị từ chối hoặc các vấn đề phát sinh. - bảo mật thông tin.","thu nhập: lương cơ bản: 7 - 15 triệu. - được tham gia đầy đủ chế độ bhxh, bhyt, bhtn, bhtn 24/24 và các phúc lợi khác. - môi trường làm việc năng động, trẻ trung, chuyên nghiệp. - nghỉ lễ, tết, phép, thưởng các ngày lễ theo quy định của công ty. - lương tháng 13, xét tăng lương, thưởng nhân viên xuất sắc, thưởng hiệu quả sản xuất hàng năm."
"[thẩm mỹ viện xme beauty] kỹ thuật viên chăm sóc, điều tri, phục hồi da","tư vấn khách hàng về các liệu trình phù hợp với yêu cầu và tình trạng da của khách hàng - thực hiện các dịch vụ spa cho khách hàng bao gồm massage thư giãn, trị liệu, chăm sóc da (facial, body). - tuân thủ các quy định về vệ sinh và tiệt trùng theo đúng qui trình, quy định của thẩm mỹ viện - thực hiện các nhiệm vụ khác theo yêu cầu của quản lý.","độ tuổi từ 20 - 40 tuổi - ưu tiên ứng viên có kinh nghiệm từ 1 năm - biết kỹ thuật về massage toàn thân, massage mặt , nặn mụn, chăm sóc da - có đam mê với lĩnh vực chăm sóc sắc đẹp, sức khỏe","*quyền lợi được hưởng - lương – thưởng + lương 10 – 12 triệu/ tháng + trách nhiệm, + thưởng + lương tháng 13 theo quy định và thưởng vào cuối năm phụ thuộc vào kết quả hoạt động kinh doanh hàng năm của công ty; + thưởng lễ tết theo quy định. *phúc lợi - phúc lợi cơ bản:ngày 8/3, 20/10, liên hoan sinh nhật nhân viên (tổ chức hằng tháng, tặng quà và phụ cấp),quà trung thu, du lịch hàng năm cùng công ty - tham gia bhxh; bhyt, bhtn theo quy định; hưởng chế độ bhxh và các chế độ khác theo quy định của nhà nước. *đào tạo và phát triển - có cơ hội thăng tiến với các chức vụ phù hợp với năng lực; - được làm việc trong một môi trường năng động, chuyên nghiệp, sáng tạo, phát huy hết khả năng của mình trong công việc. được tham gia các hoạt động tập thể của công ty; *thời gian làm việc – nghỉ lễ, phép: - thứ 2 - thứ 7 hàng tuần - nghỉ lễ, tết nghỉ phép năm theo quy định"
nhân viên kinh doanh xuất nhập khẩu - không yêu cầu kinh nghiệm,"phụ trách khách hàng cũ, tìm kiếm khách hàng mới: - soạn thảo hợp đồng, kiểm tra theo dõi tiến độ thực hiện đơn hàng giữa nhà máy với khách hàng; lên lịch xuất hàng, book cont, đóng hàng, theo dõi thanh toán; giải quyết các vấn đề phát sinh, khiếu nại của khách hàng (nếu có); - hỗ trợ mở tờ khai hàng xuất- nhập, lập chứng từ xuất, chứng từ nhập. - phụ trách bao bì: làm việc với khách hàng về mẫu mã bao bì và phụ trách đặt bao bì cho các lô hàng xuất khẩu... - thực hiện các nhiệm vụ khác theo sự phân công của cấp quản lý","bằng cấp: tốt nghiệp đại học chuyên ngành thương mại, kinh tế. thành thạo tiếng anh giao tiếp - nam, nữ giới và không yêu cầu kinh nghiệm - chịu khó học hỏi, nhiệt tình, trung thực, nhanh nhẹn.","thu nhập: 7-15 triệu (thỏa thuận tùy theo năng lực của ứng viên) - mức lương thỏa thuận khi phỏng vấn, tiền cơm (ăn tại căng tin công ty), tiền thâm niên, thưởng các dịp lễ tết... - nhân viên chưa có kinh nghiệm được hướng dẫn và đào tạo. - tham gia bhxh, chế độ nghỉ lễ, tết theo quy định của pháp luật. - được tham gia các lớp đào tạọ nội bộ và đào tạo bên ngoài về nghiệp vụ. - môi trường làm việc thân thiện. - cụ thể sẽ được trao đổi trong quá trình phỏng vấn"
nhân viên chăm sóc khách hàng,"➢ trực tổng đài và tư vấn khách hàng khi khách có nhu cầu liên hệ đến ➢ liên hệ, mở rộng danh sách khách hàng tiềm năng qua điện thoại và gửi tin nhắn cho kh ➢ phối hợp với bộ phận marketing để thực hiện các chiến dịch quảng cáo, chương trình khuyến mại… đối với khách hàng thân thiết ➢ chốt đơn hàng cho khách khi khách có nhu cầu ➢ chăm sóc, duy trì quan hệ với khách hàng cũ, kh tiềm năng ➢kiểm tra các hoá đơn, lịch hẹn trên hệ thống cuối ngày",➢tinh thần làm việc cao ➢thái độ tích cực ➢kỹ năng giao tiếp tốt ➢khả năng quản lý thời gian ➢kỹ năng giải quyết vấn đề ➢có tinh thần đồng đội ➢tự tin ➢khả năng chấp nhận và học hỏi từ những lời phê bình,"➢lương thử việc 9tr ( thử việc 1 tháng song song với việc đào tạo và hướng dẫn công việc mới cho em) ➢lương cứng từ 12.000.000 - 15.000.000 (tùy theo năng lực) ➢thưởng tháng 13, lễ tết, thưởng tháng/quý/năm, thưởng nhân viên xuất sắc ➢ hưởng các chế độ bảo hiểm xã hội, y tế theo quy định. ➢ ðược đào tạo về nghiệp vụ hoàn chỉnh trước khi bắt đầu công việc. ➢ cơ hội được đào tạo và thăng tiến tốt trong công việc. ➢ văn hóa công ty phong phú cho phép phát huy tối đa khả năng chủ động sáng tạo. ➢hỗ trợ các khóa huấn luyện kỹ năng nghề nghiệp, kỹ năng mềm.."
nhân viên thiết kế nội thất,"1/ mô tả công việc: khảo sát mặt bằng, lên ý tưởng, lập phương án thiết kế nội thất đáp ứng được yêu cầu của khách hàng. bảo vệ ý tưởng trước khách hàng, tư vấn được về hình ảnh & công năng sử dụng. chuyên thiết kế nội thất trong các lĩnh vực sau:,chung cư, biệt thự, nhà mẫu, văn phòng. triển khai bản vẽ kỹ thuật thi công hiểu về cấu tạo liên kết, khả năng ứng dụng các vật liệu trong bản vẽ","2/ yêu cầu: tốt nghiệp cao đẳng trở lên ngành thiết kế nội thất, kiến trúc, xây dựng,… ưu tiên ứng viên có ít nhất 01 năm kinh nghiệm trong lĩnh vực thiết kế nội thất, đã tham gia các dự án thiết kế yêu cầu thành thạo autocad, sketchup, photoshop,..","3/ quyền lợi: mức lương hấp dẫn, cạnh tranh: 10 – 15tr thưởng lễ, tết lớn tham gia bảo hiểm xã hội, bảo hiểm y tế"
trưởng nhóm tuyển dụng,"quản lý team tuyển dụng, tham gia quá trình tuyển dụng các vị trí cần tại công ty lên kế hoạch tuyển dụng tháng/năm theo đề xuất tuyển dụng của các đơn vị trực thuộc công ty phỏng vấn các vị trí khi có yêu cầu training nhân sự mới của bộ phận, giám sát quá trình tuyển dụng của các chuyên viên xây dựng thương hiệu tuyển dụng. đào tạo lớp nhân sự kế cận. tổng hợp các báo cáo hàng ngày, tuần, tháng với blđ về hiệu quả làm việc của phòng tuyển dụng.","• có kinh nghiệm > 1 năm ở vị trí tương đương tại các doanh nghiệp có quy mô từ 50 nhân sự. • ưu tiên ứng viên có kinh nghiệm làm tbp tuyển dụng tại các công ty trong lĩnh vực giáo dục (trung tâm) • tốt nghiệp đại học trở lên ... • có khả năng làm việc với nhân sự: giao tiếp, truyền đạt và lắng nghe, hướng dẫn, giải quyết xung đột, kỹ năng thuyết phục và trình bày vấn đề, huấn luyện và đào tạo. • kỹ năng giao tiếp tốt, biết nắm bắt tâm lý và đánh giá con người. • kỹ năng đàm phán, thuyết phục, khả năng thương lượng tốt. • có kỹ năng lập kế hoạch công việc, quản lý thời gian, quản trị cảm xúc. • có kỹ năng làm việc độc lập, chủ động. • có tinh thần trách nhiệm cao. • có khả năng huấn luyện và đào tạo đội ngũ. • am hiểu kiến thức pháp luật hiện hành về luật lao động.","• mức thu nhập hấp dẫn (deal trực tiếp khi phỏng vấn. bao gồm lương cứng và thưởng tuyển dụng) • làm việc trong môi trường năng động, chuyên nghiệp và phát triển. • được hưởng chế độ nghỉ phép, lễ tết, hiếu, hỉ, sinh nhật, tham quan và tham gia các hoạt động tập thể, ... • được đóng đầy đủ chế độ bhyt, bhxh, bhtn và các chế độ khác theo quy định của luật lao động và của công ty"
"kiến trúc sư [hà nội] - thu nhập cạnh tranh, yêu cầu 1 năm kinh nghiệm","lên ý tưởng thiết kế, lập tổng mặt bằng, phối cảnh 3d dựa trên các yêu cầu và spec của chủ đầu tư. phối hợp với các phòng ban triển khai bản vẽ cơ sở và bản vẽ kỹ thuật phuc vụ quá trình xin cấp phép xây dựng, pccc, và quy hoạch phối hợp với công trường và các phòng ban triển khai, cập nhập, chỉnh sửa bản vẽ thi công (shop drawing) đến khi hoàn thành dự án lập bản vẽ hoàn công cuối cùng cho các dự án đã kết thúc thực hiện các công việc khác theo sự phân công của quản lý trực tiếp","ưu tiên diễn họa 3d tốt (vray sketchup, vray 3dmax, enscape...) hoặc thành thạo revit kinh nghiệm từ 1-2 năm ở vị trí tương đương sẵn sàng đi công trường với những dự án cần thiết, sẵn sàng làm thêm ngoài giờ chăm chỉ, có tính học hỏi cao, biết phối hợp làm việc teamwork","mức lương thỏa thuận theo năng lực; tham gia bhxh, bhyt, bhtn; khám sức khỏe định kỳ...; lương tháng 13, thưởng doanh thu và thưởng dự án; thưởng các ngày lễ, tết chế độ nghỉ phép: theo luật lao động; du lịch hè hàng năm; chế độ công đoàn; nhà ở cho kỹ sư từ công trình về văn phòng làm việc; tham gia các chương trình đào tạo kỹ năng và chuyên môn; chính sách khuyến khích nâng cao kỹ năng ngoại ngữ & chứng chỉ năng lực chuyên môn; môi trường năng động, chuyên nghiệp, thân thiện, có nhiều cơ hội phát triển."
nhân viên bán hàng tại vinmart,"công việc: sắp xếp hàng hóa, kiểm kê hàng hóa, phụ bán hàng, đóng gói sọan hàng và lau chùi quầy kệ, nơi làm việc... thời gian làm việc: ca sáng: 7h30 đến 11h30 ca chiều: 13h đến 17h ca tối: 18h đến 22h => có hỗ trợ ca xoay mức lương: ca 4 tiếng: 3.500.000 + phụ cấp ca 8 tiếng: 7.000.000 + phụ cấp ca 12 tiếng: 11.000.000 + phụ cấp địa điểm làm việc: quận gò vấp, quận tân bình, quận thủ đức, quận bình thạnh, quận 12, quận tân phú, quận bình tân, quận 3...",nam/nữ từ 18-55 tuổi có sức khỏe tốt - vui vẻ hòa đồng với đồng nghiệp và khách hàng - trung thực đúng giờ và có trách nhiệm với công việc,hưởng đầy đủ chế độ theo quy định nhà nước - có phụ cấp và thưởng lương tháng 13 - được đăng kí về chi nhánh gần nhà - làm tốt được tăng lương - được ứng lương khi cần - chế độ bảo hiểm và chế độ thưởng tốt - nghỉ ngày chủ nhật và lễ tết - nghỉ 2 ngày bất kì trong một tháng - được đi du lịch 3 tháng 1 lần - được hỗ trợ kĩ năng và cách thức làm việc
nhân viên tư vấn bán hàng showroom,"cho thông tin báo giá về các mặt hàng đang phụ trách mua. lên kế hoạch mua hàng theo tình hình kinh doanh của công ty. tối ưu hoá chi phí mua hàng và phát triển mạng lưới ncc. theo dõi công nợ với nhà cung cấp, đơn vị vận chuyển phối hợp cùng bộ phận kho để quản lý và kiểm soát lượng hàng tồn. báo cáo về tình hình và chi phí mua hàng , nhà cung cấp theo yêu cầu của bgđ",hiểu biết về nghiệp vụ mua hàng hiểu biết các nghiệp vụ lập kế hoạch và kiểm soát chi phí hiểu biết về thị trường ngành nghề,"quyền lợi được hưởng - thu nhập từ 7 triệu - 12 triệu và không giới hạn theo năng lực - được đào tạo và tìm hiểu sản phẩm và thường xuyên được đào tạo nâng cao chuyên môn, kỹ năng - tham gia các buổi liên hoan, giải trí, du lịch. - được tham gia vào việc đề xuất đưa ra các giải pháp để khắc phục hạn chế của công ty. - các chế độ bhxh, bhyt, bhtn đầy đủ, thưởng lễ, sinh nhật - cơ hội thăng tiến cao cùng sự phát triển của cty. công ty luôn tạo điều kiện để nhân sự có thể phát huy tối đa năng lực và vươn xa trong sự nghiệp. ❤️ lời nhắn từ trái tim ❤️* chúng tôi cần những người đồng hành, cùng học hỏi và làm việc, cùng cống hiến và phục vụ khách hàng. *chúng tôi mong muốn tạo 1 nơi làm việc để từng cá nhân được phát triển tốt nhất có thể theo bản sắc riêng biệt và tạo ra những giá trị nuôi dưỡng cho nhau thành 1 hệ sinh thái: bình đẳng – thẳng thắn – tích cực – đồng hành – lợi ích ~"
nhân viên điều phối logistic,"báo cáo giờ giao cập nhật xe đi trên phần mềm linkq theo dõi quá trình mở niêm phong, kiểm điếm tiền giao hàng nộp sắp xe, nhân viên giao hàng lập bảng kê xe vận chuyển theo đúng tuyến tham gia phỏng vấn nhân viên giao hàng tham gia đào tạo theo dõi và đánh giá năng lực nhân viên giao hàng tổ chức buổi hợp hàng tháng theo dõi và sắp xếp thời gian nghỉ phép của nhân viên giao hàng xử lý những vẫn đề phátsinh trong quá trình xe chưa xuất phát theo dõi quá trình nhân viên giao hàng lập biên bản nhân viên giao hàng lập hợp đồng thuê xe vận chuyển hàng hóa đề xuất bảng giá thuê xe đánh giá kpi của nhân viên giao hàng đánh giá trách nhiệm lên hàng đề xuất nhân viên giao hàng ưu tú","trình độ cao đẳng trở lên các ngành quản trị nhân sự, logistics, xuất nhập khẩu, kinh tế, quản trị kinh doanh. có kinh nghiệm vị trí tuyển dụng hoặc ở vị trí tương đương là một lợi thế. có khả năng nhìn người và nắm bắt được tâm lý ứng viên. có kỹ năng tốt trong giao tiếp, hướng dẫn, quản lý đội nhóm. chịu được áp lực công việc","phụ cấp cơm trưa, xăng, trang phục - thử việc nhận 100% lương, được ký hđlđ chính thức, tham gia bảo hiểm đầy đủ theo luật lao động. - được cung cấp các công cụ hỗ trợ làm việc. - được đào tạo bài bản các kỹ năng, nghiệp vụ. - được hưởng đầy đủ các chế độ, phúc lợi theo quy định. - lương thưởng hấp dẫn, lương tháng 13, thưởng tết, thưởng doanh số. - được làm việc trong môi trường năng động, chuyên nghiệp, đồng nghiệp thân thiện, khả năng thăng tiến cao."
trưởng bộ phận,"quản lý công nhân ,hàng hóa về ghế sofa, sắp xếp lịch sản xuất, theo dõi hướng dẫn kỹ thuật cho công nhân .",có kinh nghiêm quản lý làm hàng ghế sofa,"tham gia đầy đủ các chế độ bhxh,bhyt,bhtn,công đoàn, thưởng lễ tết ,du lịch hằng năm, thưởng doanh thu hàng tháng"
nhân viên bán hàng (thủ đức),"ra bill máy pos bán hàng -kiểm tra hàng hóa đầu vào và đóng gói sản phẩm theo từng đơn hàng và từng mặt hàng - thực hiện quy trình đóng gói đảm bảo tính chính xác, thống nhất về định lượng, chất lượng sản phẩm. - theo dõi, kiểm tra, sắp xếp và bảo quản hàng hóa và các loại dụng cụ sử dụng tại khu vực làm việc. - chi tiết công việc trao đổi khi phỏng vấn. địa chỉ làm việc: shophouse thiện nhà tôm số 28 mai chí thọ, phường an phú, thành phố thủ đức.","nam từ 20-30 tuổi - thời gian làm việc: 8tiếng / ngày(9g-18g) t2-t7. - cẩn thận, kỹ lưỡng trong khâu kiểm soát chất lượng, phân loại và đóng gói sản phẩm - đảm bảo hàng hóa được bảo quản tốt : đúng nhiệt độ, ngăn nắp, quy cách sản phẩm gọn gàng, phân loại, sắp xếp, hàng mới và hàng cũ bài bản. - tác phong nhanh nhẹn, trung thực, chăm chỉ, chủ động và có trách nhiệm trong công việc. - khả năng đọc hiểu nhạy bén các hướng dẫn liên quan đến công việc. - kỹ năng giao tiếp tốt","thu nhập: lương cơ bản 7-7.5tr + phụ cấp thử việc 1 tháng hưởng 90% lương. mua hàng với giá ưu đãi cho nhân viên công ty mức lương cứng: 8 - 10 triệu (chưa bao gồm thưởng kpi + phụ cấp hằng thángsản phẩm có chất lượng tốt, ổn định có uy tín và cạnh tranh. chiến lược phát triển bền vững và chuyên nghiệp. chế độ bhxh, bhyt, bhtn theo quy định. môi trường làm việc chuyên nghiệp, cơ hội thăng tiến rõ ràng"
trợ thủ phụ tá nha khoa,"1. chuẩn bị các phương tiện, dụng cụ, thuốc theo yêu cầu của các bác sỹ nha khoa. 2. phụ giúp bác sĩ và tham gia điều trị theo đúng quy trình 3. bảo quản, giữ gìn máy móc – dụng cụ- trang thiết bị và vật tư vật liệu theo đúng quy định của công ty. 4. tuân thủ các quy định của công ty về chuyên môn, vô trùng.. 5. hỗ trợ công tác khác khi được sự phân công của quản lí 6. thực hiện các kỹ thuật dự phòng nha khoa, kỹ thuật chăm sóc các bệnh răng miệng thông thường. 7. bảo quản trang thiết bị, hồ sơ bệnh án trong phạm vi được phân công, phát hiện và xử lý lỗi kỹ thuật đơn giản, chịu trách nhiệm cá nhân về những phương tiện, tài sản được phân công. 8. dự trù vật tư, thuốc... khi được phân công, định kỳ kiểm kê, đối chiếu các thiết bị, dụng cụ trong lĩnh vực được giao. 9. ghi chép, vào sổ, thống kê các hoạt động chuyên môn theo mẫu quy định. lưu trữ, bảo quản các tài liệu trong lĩnh vực được giao. 10. thực hiện chế độ vệ sinh phòng bệnh, tẩy uế, khử trùng dụng cụ..., đảm bảo vô khuẩn khoa, phòng và chế độ an toàn trong công tác chuyên môn. 11. tham gia kiểm tra, đánh giá công tác chuyên môn của phòng khám khi được phân công. 12. thực hiện các quy định về y đức, các quy chế chuyên môn của ngành y tế và các quy định của pháp luật liên quan đến lĩnh vực y tế. 13. thực hiện các công việc khác theo sự phân công của quản lý cn và ban giám đốc.","trình độ: tốt nghiệp cao đẳng chuyên ngành: điều dưỡng, y sĩ kinh nghiệm: từ 01-02 năm kinh nghiệm kiến thức am hiểu về nha khoa kỹ năng - kỹ năng giao tiếp tốt, tư vấn tốt - có tính trách nhiệm cao - tuân thủ nội quy của phòng khám","tham gia bhxh, bhyt, bhtn theo quy định của pháp luật. lương tháng 13, thưởng lễ tết. cơ hội được đào tạo và nâng cao tay nghề. phụ cấp cơm 35-40k/ngày review lương hằng năm team building, du xuân hằng năm"
